timestamp,Roll1,Pitch1,Yaw1,gx,gy,gz,Roll2,Pitch2,Yaw2,ax,ay,az
476,-11.757158279418945,24.527524948120117,176.18344116210938,11.16943359375,12.26806640625,40.283203125,21.094743728637695,53.135074615478516,198.67820739746094,-0.991986095905304,0.007976238615810871,-0.12609495222568512
609,-11.559998512268066,24.615169525146484,176.402099609375,13.73291015625,16.2353515625,40.46630859375,21.13788414001465,53.119510650634766,198.87759399414062,-0.9941829442977905,-0.014378426596522331,-0.1067415401339531
729,-11.078433990478516,24.993709564208984,176.93421936035156,8.72802734375,33.3251953125,39.55078125,21.392168045043945,53.087459564208984,199.7386016845703,-0.986673891544342,-0.1172499731183052,-0.11281471699476242
910,-10.825101852416992,25.297880172729492,177.3721466064453,1.708984375,30.1513671875,45.166015625,21.50084114074707,53.09154510498047,200.36727905273438,-0.9868437647819519,-0.09631083905696869,-0.12985987961292267
1030,-10.577864646911621,25.512941360473633,177.7860565185547,0.6103515625,21.42333984375,39.24560546875,21.66240119934082,53.122779846191406,200.94598388671875,-0.9859105944633484,-0.1084786206483841,-0.1273290067911148
1149,-10.418679237365723,25.646024703979492,177.91441345214844,7.8125,14.58740234375,8.11767578125,21.975690841674805,53.17107009887695,201.43032836914062,-0.9906255006790161,-0.07931900769472122,-0.11121904850006104
1390,-10.262910842895508,25.577587127685547,177.8938446044922,-2.5634765625,-2.44140625,-0.6103515625,22.30615997314453,53.39790725708008,201.70352172851562,-0.9736271500587463,-0.20327812433242798,-0.10357735306024551
1510,-10.300797462463379,25.389684677124023,177.94903564453125,-2.01416015625,-10.43701171875,5.615234375,22.121063232421875,53.552886962890625,201.53953552246094,-0.9332717657089233,-0.3508386015892029,-0.07691600918769836
1629,-10.306472778320312,25.245891571044922,177.92510986328125,-0.6103515625,0.8544921875,-5.7373046875,22.170900344848633,53.682254791259766,201.53985595703125,-0.9555412530899048,-0.2859402894973755,-0.07196645438671112
1749,-10.320908546447754,24.710908889770508,177.94357299804688,-1.52587890625,-23.74267578125,0.30517578125,22.137847900390625,54.05559158325195,201.335693359375,-0.9740381240844727,-0.1965564340353012,-0.11231796443462372
1869,-10.40435791015625,24.447757720947266,177.8430938720703,5.37109375,-16.05224609375,-14.0380859375,22.2366886138916,54.207115173339844,201.2544403076172,-0.9742093086242676,-0.212970569729805,-0.07456351816654205
1989,-10.465930938720703,24.095598220825195,177.7301788330078,-0.1220703125,-29.6630859375,-17.51708984375,22.387788772583008,54.363468170166016,201.20022583007812,-0.977088987827301,-0.19652599096298218,-0.08169916272163391
2110,-10.37504768371582,23.81388282775879,177.54412841796875,5.126953125,-8.7890625,-16.11328125,22.471437454223633,54.598934173583984,201.03192138671875,-0.9875741004943848,-0.11176976561546326,-0.11047559231519699
2229,-10.329943656921387,23.601486206054688,177.491455078125,-0.244140625,-13.73291015625,-6.34765625,22.35243034362793,54.79143524169922,200.76608276367188,-0.9767859578132629,-0.1852010041475296,-0.10765554755926132
2350,-10.458123207092285,23.530670166015625,177.33480834960938,-5.859375,7.14111328125,-15.869140625,22.38910675048828,54.95082473754883,200.67755126953125,-0.9796268343925476,-0.16338768601417542,-0.11677207797765732
2469,-10.587356567382812,23.652698516845703,176.8760986328125,15.380859375,28.80859375,-33.99658203125,22.680448532104492,55.15755844116211,200.69424438476562,-0.9924377799034119,-0.09468825161457062,-0.07811184227466583
2589,-10.450103759765625,23.584325790405273,176.80299377441406,7.2021484375,-0.9765625,-5.43212890625,22.732114791870117,55.3027229309082,200.62159729003906,-0.9888082146644592,-0.08229214698076248,-0.12444467097520828
2706,-10.114726066589355,23.482255935668945,176.97219848632812,23.0712890625,-7.9345703125,15.44189453125,22.64885711669922,55.44607162475586,200.51705932617188,-0.9889528751373291,-0.04597553238272667,-0.14091980457305908
2816,-10.185993194580078,23.534080505371094,177.0107421875,-14.892578125,5.615234375,-4.7607421875,22.648921966552734,55.58656311035156,200.45143127441406,-0.9921591877937317,-0.06667770445346832,-0.10570855438709259
3005,-10.62083625793457,23.527925491333008,176.96554565429688,-23.37646484375,2.8076171875,-10.92529296875,23.087629318237305,55.79945755004883,200.77767944335938,-0.9941666126251221,-0.09832936525344849,-0.04431912675499916
3177,-10.042349815368652,23.448728561401367,177.16839599609375,48.4619140625,-7.38525390625,18.12744140625,23.149242401123047,55.875892639160156,200.8660430908203,-0.9888090491294861,-0.05649641901254654,-0.13807529211044312
3302,-9.641037940979004,23.395002365112305,177.2642059326172,20.1416015625,-4.45556640625,1.40380859375,23.239748001098633,55.95294952392578,200.94024658203125,-0.9863086342811584,-0.08277219533920288,-0.14263208210468292
3542,-9.293084144592285,23.387569427490234,177.36175537109375,16.66259765625,-1.89208984375,5.79833984375,23.396486282348633,56.15473556518555,201.08786010742188,-0.9936517477035522,-0.02234004996716976,-0.11025895178318024
3667,-9.325891494750977,23.428699493408203,177.33621215820312,4.2724609375,2.0751953125,1.03759765625,23.57209587097168,56.31655502319336,201.22215270996094,-0.9921730756759644,-0.04251999780535698,-0.11740774661302567
3782,-9.448141098022461,23.47754669189453,177.267822265625,-0.1220703125,3.90625,-1.28173828125,23.65716552734375,56.41611862182617,201.3112335205078,-0.9916102886199951,-0.053407441824674606,-0.11771436035633087
3969,-9.517492294311523,23.462743759155273,177.21017456054688,1.0986328125,2.3193359375,0.30517578125,23.822879791259766,56.70112991333008,201.4803466796875,-0.993264377117157,-0.04387674853205681,-0.10724098980426788
4079,-9.382841110229492,23.504331588745117,177.2543182373047,1.64794921875,3.5400390625,0.06103515625,23.913232803344727,56.8094596862793,201.5587615966797,-0.9929035902023315,-0.05076391249895096,-0.1075425073504448
4266,-9.360745429992676,23.44771957397461,177.2478790283203,1.5869140625,2.86865234375,-0.48828125,23.973609924316406,56.9172477722168,201.618896484375,-0.9921561479568481,-0.05336984619498253,-0.11303947865962982
4501,-9.275476455688477,23.643136978149414,177.25697326660156,3.0517578125,1.953125,0.18310546875,24.133848190307617,57.136932373046875,201.7390594482422,-0.9925804734230042,-0.04327032342553139,-0.113629549741745
4630,-9.366711616516113,23.67366600036621,177.20538330078125,3.0517578125,3.173828125,0.18310546875,24.20962905883789,57.24991226196289,201.81005859375,-0.9910584688186646,-0.050193823873996735,-0.12362774461507797
4750,-9.382864952087402,23.734539031982422,177.1853790283203,3.11279296875,2.685546875,1.15966796875,24.252544403076172,57.407379150390625,201.89105224609375,-0.995887279510498,-0.013650492765009403,-0.08956639468669891
4930,-9.521623611450195,23.840038299560547,177.08297729492188,13.97705078125,19.47021484375,19.47021484375,24.18241310119629,57.61091995239258,201.941650390625,-0.9356601238250732,-0.29333359003067017,-0.19620245695114136
5050,-9.321298599243164,23.86946678161621,177.3037109375,10.92529296875,3.72314453125,27.34375,24.49057388305664,57.54068374633789,202.3917999267578,-0.9709034562110901,-0.06397833675146103,-0.23076647520065308
5169,-9.363592147827148,23.940887451171875,177.44659423828125,2.0751953125,18.9208984375,20.08056640625,24.682897567749023,57.463714599609375,202.68800354003906,-0.97819584608078,-0.14239254593849182,-0.15118667483329773
5290,-9.117412567138672,24.124034881591797,177.92184448242188,-32.958984375,-2.25830078125,-2.86865234375,24.32399559020996,57.55590057373047,202.63629150390625,-0.9795581102371216,-0.19979622960090637,0.023398535326123238
5410,-9.187488555908203,23.989093780517578,177.89083862304688,8.4228515625,-0.48828125,3.96728515625,24.25956916809082,57.68737030029297,202.50579833984375,-0.9536222219467163,-0.1747320145368576,-0.24509868025779724
5590,-9.225011825561523,23.963260650634766,177.87680053710938,8.60595703125,0.42724609375,2.197265625,24.13869857788086,57.80097579956055,202.41583251953125,-0.9740221500396729,-0.10671581327915192,-0.19973161816596985
5710,-9.381155967712402,23.935251235961914,177.80215454101562,0.1220703125,0.30517578125,-0.9765625,24.260921478271484,58.05248260498047,202.4320831298828,-0.9691464900970459,-0.08963343501091003,-0.22961057722568512
5830,-9.550870895385742,23.91451072692871,177.72549438476562,-5.2490234375,1.0986328125,-3.35693359375,24.464370727539062,58.27347946166992,202.52877807617188,-0.970893144607544,-0.11216440051794052,-0.21162642538547516
5950,-9.75676155090332,23.9300537109375,177.6175537109375,-3.47900390625,3.23486328125,-2.8076171875,24.664384841918945,58.67116165161133,202.61671447753906,-0.98679119348526,-0.06167444959282875,-0.14979775249958038
6070,-9.96424674987793,23.936363220214844,177.5076446533203,-7.01904296875,3.84521484375,-6.2255859375,24.919729232788086,58.927066802978516,202.7713623046875,-0.9894080758094788,-0.05721067264676094,-0.1334114372730255
6190,-10.32816219329834,24.08264923095703,177.21107482910156,-12.8173828125,22.76611328125,-24.90234375,25.08542251586914,59.21014404296875,202.8739776611328,-0.9897862672805786,0.05935001000761986,-0.1296176314353943
6430,-10.28610897064209,24.178083419799805,176.55177307128906,31.005859375,18.798828125,-43.39599609375,25.743440628051758,59.24900817871094,202.97360229492188,-0.9777301549911499,-0.18567156791687012,-0.0978255420923233
6550,-10.320189476013184,24.187522888183594,176.45191955566406,-28.38134765625,3.72314453125,-14.0380859375,26.27193832397461,59.299888610839844,203.40174865722656,-0.9871833324432373,-0.15958872437477112,0.0006868955097161233
6722,-10.234477043151855,23.91442108154297,176.4829559326172,4.69970703125,1.5869140625,1.03759765625,26.78260040283203,59.456634521484375,203.85060119628906,-0.9836828112602234,-0.13999028503894806,-0.11300857365131378
6847,-10.405186653137207,23.812118530273438,176.3939208984375,0.91552734375,2.86865234375,0.244140625,26.8115234375,59.728309631347656,203.85299682617188,-0.9943884611129761,-0.07639959454536438,-0.07317648828029633
6957,-10.444039344787598,23.762371063232422,176.37852478027344,3.7841796875,2.86865234375,2.38037109375,26.886594772338867,59.854408264160156,203.88755798339844,-0.9921953678131104,-0.08473194390535355,-0.09148157387971878
7088,-10.50711727142334,23.679725646972656,176.34901428222656,5.43212890625,2.197265625,2.25830078125,27.18919563293457,60.069190979003906,204.09925842285156,-0.9898785352706909,-0.0988912582397461,-0.10178916901350021
7198,-10.570387840270996,23.656536102294922,176.31532287597656,5.55419921875,2.0751953125,2.0751953125,27.347118377685547,60.168880462646484,204.2083282470703,-0.9907331466674805,-0.10479023307561874,-0.08641016483306885
7323,-10.629471778869629,23.645601272583008,176.28648376464844,5.06591796875,1.46484375,1.89208984375,27.48690414428711,60.27553176879883,204.29995727539062,-0.9904695153236389,-0.09709073603153229,-0.09769079834222794
7438,-10.718210220336914,23.6398983001709,176.24363708496094,2.0751953125,2.62451171875,0.732421875,27.589200973510742,60.37834548950195,204.38809204101562,-0.9913992285728455,-0.09260059893131256,-0.09248127043247223
7625,-10.868856430053711,23.643888473510742,176.1722412109375,1.64794921875,3.0517578125,0.48828125,27.716703414916992,60.543304443359375,204.49110412597656,-0.9908336997032166,-0.09759663790464401,-0.09340022504329681
7750,-10.975242614746094,23.643037796020508,176.1234588623047,1.46484375,2.74658203125,0.3662109375,27.80013084411621,60.654335021972656,204.5670166015625,-0.9906905889511108,-0.09863602370023727,-0.09382451325654984
7860,-11.084692001342773,23.645265579223633,176.07620239257812,0.8544921875,3.7841796875,0.8544921875,27.864498138427734,60.76950454711914,204.63351440429688,-0.9894604682922363,-0.11024529486894608,-0.09388169646263123
7984,-11.297341346740723,23.6245059967041,175.97923278808594,1.64794921875,2.25830078125,0.42724609375,27.936378479003906,61.00705337524414,204.69534301757812,-0.9914258122444153,-0.0931146889925003,-0.09167663007974625
8109,-11.403511047363281,23.62025260925293,175.9302215576172,1.3427734375,2.74658203125,0.48828125,27.987215042114258,61.127986907958984,204.7299041748047,-0.9912765622138977,-0.09682346880435944,-0.08942142874002457
8219,-11.513030052185059,23.621185302734375,175.87982177734375,1.15966796875,2.9296875,0.3662109375,28.05768585205078,61.24456024169922,204.7902069091797,-0.9919154644012451,-0.08773021399974823,-0.09169067442417145
8406,-11.619081497192383,23.61805534362793,175.83006286621094,1.40380859375,3.23486328125,0.42724609375,28.15312385559082,61.355079650878906,204.8738250732422,-0.9913561940193176,-0.09478577971458435,-0.0907115489244461
8516,-11.774273872375488,23.608062744140625,175.7560577392578,1.77001953125,2.38037109375,0.30517578125,28.290607452392578,61.52134323120117,204.9879608154297,-0.9922857880592346,-0.08766072988510132,-0.08766072988510132
8644,-11.875139236450195,23.601280212402344,175.70745849609375,2.01416015625,2.50244140625,0.3662109375,28.3903751373291,61.625579833984375,205.07952880859375,-0.9924283623695374,-0.08715002238750458,-0.08654898405075073
8770,-12.029610633850098,23.599720001220703,175.63624572753906,1.46484375,3.11279296875,0.91552734375,28.57390594482422,61.7769660949707,205.26004028320312,-0.9905260801315308,-0.10235236585140228,-0.09155316650867462
8948,-12.189131736755371,23.593387603759766,175.56475830078125,1.15966796875,2.86865234375,0.48828125,28.702049255371094,61.944583892822266,205.3798828125,-0.9907228946685791,-0.10339226573705673,-0.08819456398487091
9057,-12.30185604095459,23.59042739868164,175.51394653320312,0.732421875,3.173828125,0.48828125,28.769832611083984,62.05765151977539,205.45108032226562,-0.9902249574661255,-0.10810106247663498,-0.08814024180173874
9244,-12.41186237335205,23.576045989990234,175.46116638183594,1.220703125,2.5634765625,0.0,28.8198299407959,62.17347717285156,205.5129852294922,-0.9912800788879395,-0.0980045422911644,-0.08808457106351852
9361,-12.627685546875,23.556615829467773,175.36444091796875,0.8544921875,3.2958984375,0.8544921875,29.00941276550293,62.40211868286133,205.712158203125,-0.9895316958427429,-0.11606056243181229,-0.08577360957860947
9486,-12.930439949035645,23.731597900390625,175.26600646972656,-32.53173828125,30.8837890625,-2.0751953125,28.871784210205078,62.463104248046875,205.75291442871094,-0.9781894683837891,-0.12702688574790955,-0.16434618830680847
9657,-13.190174102783203,23.74690055847168,175.06947326660156,-3.0517578125,0.79345703125,-1.3427734375,27.96253776550293,62.54937744140625,204.9167022705078,-0.9887905120849609,-0.04554719477891922,-0.1421930491924286
9845,-12.863391876220703,23.779720306396484,175.1729278564453,27.28271484375,7.14111328125,20.69091796875,27.69615364074707,62.535240173339844,204.7165069580078,-0.9969471096992493,-0.06711394339799881,-0.03990228846669197
9970,-12.699252128601074,23.48272705078125,175.61788940429688,-21.54541015625,-28.564453125,2.13623046875,27.825336456298828,62.537437438964844,205.0370635986328,-0.9109225273132324,-0.09629298001527786,-0.4011828899383545
10079,-12.720366477966309,23.39508056640625,175.5686492919922,6.4697265625,0.9765625,1.0986328125,28.379545211791992,62.62257766723633,205.44198608398438,-0.9718900918960571,-0.07830889523029327,-0.22203011810779572
10204,-12.895925521850586,23.406190872192383,175.47425842285156,1.220703125,3.41796875,-0.244140625,29.13404655456543,62.73088836669922,206.13775634765625,-0.9625481367111206,-0.15874610841274261,-0.21977461874485016
10329,-13.013035774230957,23.408809661865234,175.41090393066406,0.79345703125,3.23486328125,-0.48828125,29.339487075805664,62.81074142456055,206.3533477783203,-0.9657578468322754,-0.14353139698505402,-0.21612606942653656
10446,-13.127181053161621,23.4007568359375,175.3514862060547,0.3662109375,2.685546875,-1.03759765625,29.461294174194336,62.938690185546875,206.46656799316406,-0.9713403582572937,-0.14616042375564575,-0.18744327127933502
10630,-13.253666877746582,23.390316009521484,175.28753662109375,-0.1220703125,2.74658203125,-0.8544921875,29.49905776977539,63.07954406738281,206.50257873535156,-0.9757896661758423,-0.13631053268909454,-0.17103782296180725
10810,-13.407011985778809,23.36688995361328,175.216552734375,1.708984375,2.5634765625,0.54931640625,29.63109588623047,63.28266143798828,206.60330200195312,-0.9715450406074524,-0.14088834822177887,-0.19039610028266907
10930,-13.504263877868652,23.345300674438477,175.17129516601562,1.953125,2.13623046875,0.67138671875,29.7424373626709,63.412227630615234,206.68814086914062,-0.9743966460227966,-0.1410059779882431,-0.1751241832971573
11050,-13.63782787322998,23.330078125,175.10826110839844,3.7841796875,1.89208984375,1.15966796875,29.77351188659668,63.597721099853516,206.72445678710938,-0.9802998900413513,-0.10707538574934006,-0.16597287356853485
11170,-13.811060905456543,23.34287452697754,175.0120849609375,3.2958984375,1.64794921875,-0.30517578125,29.844579696655273,63.83449935913086,206.76527404785156,-0.978405237197876,-0.11459880322217941,-0.17201808094978333
11290,-13.901004791259766,23.366336822509766,174.95936584472656,4.45556640625,3.72314453125,0.9765625,29.964832305908203,63.953678131103516,206.8343505859375,-0.9779097437858582,-0.12192463129758835,-0.16978514194488525
11410,-13.99457836151123,23.381813049316406,174.9115447998047,1.77001953125,2.0751953125,0.18310546875,29.88982391357422,64.11714172363281,206.6952362060547,-0.9773566722869873,-0.11220116913318634,-0.1794012188911438
11590,-14.102356910705566,23.400163650512695,174.8612518310547,1.220703125,2.5634765625,0.42724609375,30.008068084716797,64.25870513916016,206.73426818847656,-0.9741141200065613,-0.11750341206789017,-0.19311848282814026
11710,-14.26588249206543,23.443567276000977,174.7822265625,1.64794921875,2.685546875,0.1220703125,30.131793975830078,64.44701385498047,206.8036651611328,-0.9807942509651184,-0.08713124692440033,-0.17450153827667236
11890,-14.371170997619629,23.47526741027832,174.73094177246094,2.13623046875,2.44140625,0.54931640625,30.231998443603516,64.55615234375,206.87461853027344,-0.9809114336967468,-0.08038490265607834,-0.17706242203712463
12010,-14.51070499420166,23.523834228515625,174.66241455078125,3.173828125,2.62451171875,1.46484375,30.379852294921875,64.71488952636719,206.96156311035156,-0.9792808890342712,-0.08147674798965454,-0.1853926032781601
12130,-14.647252082824707,23.572513580322266,174.60475158691406,2.3193359375,3.23486328125,2.01416015625,30.49013900756836,64.87052917480469,207.02015686035156,-0.9755920171737671,-0.0931711420416832,-0.1988452523946762
12250,-14.810480117797852,23.612348556518555,174.5305633544922,1.40380859375,3.7841796875,0.9765625,30.487119674682617,65.02045440673828,207.0186004638672,-0.9774713516235352,-0.06317480653524399,-0.20139217376708984
12370,-14.926886558532715,23.63190460205078,174.47467041015625,0.3662109375,3.7841796875,0.18310546875,30.50882911682129,65.11884307861328,207.06619262695312,-0.9801742434501648,-0.06388002634048462,-0.18755753338336945
12490,-15.0896635055542,23.632230758666992,174.40306091308594,0.79345703125,2.50244140625,0.42724609375,30.62131690979004,65.34420013427734,207.15676879882812,-0.9763122797012329,-0.050871625542640686,-0.21030071377754211
12610,-15.201277732849121,23.621822357177734,174.35043334960938,0.79345703125,1.89208984375,0.0,30.797988891601562,65.54422760009766,207.30343627929688,-0.9838865995407104,-0.06404702365398407,-0.16692854464054108
12730,-15.330248832702637,23.631877899169922,174.28147888183594,0.18310546875,4.7607421875,-1.40380859375,30.659893035888672,65.67649841308594,207.33106994628906,-0.9851484894752502,-0.06353829801082611,-0.15951648354530334
12850,-15.485467910766602,23.57473373413086,174.1250762939453,-8.30078125,7.568359375,-17.76123046875,30.159603118896484,65.8902816772461,206.90609741210938,-0.9878929853439331,-0.018926046788692474,-0.15397858619689941
12970,-15.469657897949219,23.584182739257812,173.86668395996094,15.7470703125,12.6953125,2.74658203125,30.65888214111328,66.00474548339844,207.31446838378906,-0.9767327308654785,-0.17636607587337494,-0.1220172569155693
13090,-15.497650146484375,23.777294158935547,173.80909729003906,-14.34326171875,29.4189453125,-1.03759765625,31.65367889404297,65.96495056152344,208.33018493652344,-0.9869112968444824,0.031070545315742493,-0.15824300050735474
13210,-15.618423461914062,23.923826217651367,173.6117706298828,-11.474609375,1.46484375,-24.23095703125,32.51990509033203,65.93922424316406,209.0533447265625,-0.9592950940132141,0.18353377282619476,-0.2146351933479309
13450,-15.396728515625,23.660263061523438,173.7383575439453,10.6201171875,-22.94921875,7.080078125,32.450923919677734,66.0488052368164,208.89761352539062,-0.9704717397689819,-0.04286433383822441,-0.23737573623657227
13570,-15.114063262939453,23.59142303466797,173.83839416503906,7.62939453125,-0.06103515625,3.0517578125,32.27336502075195,66.21561431884766,208.58221435546875,-0.9800663590431213,-0.06178445369005203,-0.188819020986557
13690,-15.110095977783203,23.5109920501709,173.834716796875,3.0517578125,2.197265625,1.0986328125,32.197044372558594,66.30325317382812,208.4558868408203,-0.970458447933197,-0.06798785924911499,-0.23149093985557556
13810,-15.127009391784668,23.400531768798828,173.8075714111328,2.50244140625,2.99072265625,0.8544921875,32.653072357177734,66.46006774902344,208.82041931152344,-0.969432532787323,-0.08471585065126419,-0.23026873171329498
13930,-15.240660667419434,23.3155460357666,173.74380493164062,0.54931640625,2.685546875,-0.54931640625,32.784576416015625,66.71741485595703,208.91075134277344,-0.9750540852546692,-0.04708866775035858,-0.21691472828388214
14050,-15.29001522064209,23.239038467407227,173.7115478515625,1.5869140625,1.8310546875,-0.3662109375,32.99400329589844,66.88822937011719,209.09107971191406,-0.9821906685829163,-0.04829850792884827,-0.18157333135604858
14170,-15.356184959411621,23.18892478942871,173.66770935058594,0.67138671875,3.5400390625,-0.8544921875,33.181358337402344,67.04198455810547,209.24078369140625,-0.9805912375450134,-0.05182955041527748,-0.18908849358558655
14290,-15.480583190917969,23.102569580078125,173.5876007080078,1.77001953125,1.89208984375,-1.0986328125,33.4995002746582,67.26163482666016,209.47415161132812,-0.9857836365699768,-0.03766796365380287,-0.16374275088310242
14410,-15.583751678466797,23.076431274414062,173.52969360351562,1.3427734375,1.708984375,-0.6103515625,33.641693115234375,67.40274047851562,209.57949829101562,-0.9835253357887268,-0.03949514031410217,-0.17640359699726105
14529,-15.565849304199219,23.131019592285156,173.517822265625,1.52587890625,1.52587890625,-0.79345703125,33.82221603393555,67.54043579101562,209.7108917236328,-0.9886698722839355,-0.03050408326089382,-0.14697422087192535
14710,-15.558351516723633,23.22757911682129,173.50314331054688,0.3662109375,2.86865234375,-1.0986328125,33.93151092529297,67.687255859375,209.7850341796875,-0.9899159073829651,-0.021666446700692177,-0.13998933136463165
14998,-15.445732116699219,23.3721981048584,173.52687072753906,0.91552734375,3.23486328125,-0.1220703125,34.095970153808594,67.88471984863281,209.9336700439453,-0.9884747862815857,-0.006036118604242802,-0.15126512944698334
15121,-15.33763599395752,23.41134262084961,173.55532836914062,-1.220703125,4.94384765625,-1.28173828125,34.265018463134766,68.00093078613281,210.09779357910156,-0.9913267493247986,0.022532863542437553,-0.12947455048561096
15246,-15.17796802520752,23.470121383666992,173.59962463378906,-0.48828125,4.2724609375,-0.67138671875,34.48482131958008,68.16499328613281,210.3227996826172,-0.9928007125854492,-0.012743483297526836,-0.11909797787666321
15481,-14.803958892822266,23.4852352142334,173.7147979736328,1.708984375,2.8076171875,0.30517578125,34.968162536621094,68.47251892089844,210.76670837402344,-0.9910759925842285,-0.0026225249748677015,-0.1332719475030899
15658,-14.68390941619873,23.4765567779541,173.7545623779297,1.40380859375,3.173828125,0.6103515625,35.12993621826172,68.56575775146484,210.92066955566406,-0.9900137782096863,-0.010793608613312244,-0.14055676758289337
15783,-14.577836990356445,23.44931411743164,173.78955078125,1.28173828125,2.9296875,0.54931640625,35.278961181640625,68.66512298583984,211.06356811523438,-0.9897290468215942,-0.004188695922493935,-0.14289437234401703
15908,-14.332069396972656,23.369449615478516,173.86448669433594,1.40380859375,2.86865234375,0.3662109375,35.67160415649414,68.9123764038086,211.42132568359375,-0.9906775951385498,-0.015451264567673206,-0.13534829020500183
16080,-14.17844009399414,23.321714401245117,173.91273498535156,1.28173828125,2.99072265625,0.30517578125,35.898109436035156,69.06329345703125,211.6311492919922,-0.9901736974716187,-0.007923310622572899,-0.13961833715438843
16205,-14.138587951660156,23.302881240844727,173.91653442382812,1.28173828125,2.8076171875,0.3662109375,36.132877349853516,69.21039581298828,211.8516387939453,-0.9906595349311829,-0.008543280884623528,-0.13609084486961365
16330,-14.041027069091797,23.274538040161133,173.9469757080078,1.46484375,2.9296875,0.42724609375,36.29104232788086,69.3094253540039,211.99655151367188,-0.9907375574111938,-0.008984923362731934,-0.13549265265464783
16440,-14.048628807067871,23.26698112487793,173.92991638183594,1.40380859375,2.9296875,0.30517578125,36.54323196411133,69.4605941772461,212.2240447998047,-0.9903225898742676,-0.003939800430089235,-0.13872873783111572
16565,-13.955743789672852,23.30900001525879,173.9519500732422,1.46484375,2.685546875,0.3662109375,36.795658111572266,69.61068725585938,212.45143127441406,-0.9903725385665894,-0.0007209700415842235,-0.13842624425888062
16689,-13.978137969970703,23.260215759277344,173.93496704101562,1.46484375,2.86865234375,0.42724609375,36.95941162109375,69.70960998535156,212.6038818359375,-0.9902181625366211,-0.002032320247963071,-0.1395128071308136
16799,-13.991694450378418,23.295259475708008,173.9210205078125,0.9765625,3.173828125,0.30517578125,37.123191833496094,69.8065185546875,212.75994873046875,-0.9903548359870911,-0.007086832541972399,-0.13837340474128723
16924,-13.910624504089355,23.278135299682617,173.9444122314453,1.3427734375,3.0517578125,0.42724609375,37.301517486572266,69.9051284790039,212.9264373779297,-0.9901655912399292,-0.005164619535207748,-0.13980504870414734
17039,-13.894316673278809,23.25651741027832,173.93658447265625,1.3427734375,2.99072265625,0.1220703125,37.572601318359375,70.05387115478516,213.17449951171875,-0.9907904863357544,-0.0025226236321032047,-0.1353808045387268
17164,-13.768383026123047,23.327892303466797,173.977783203125,1.28173828125,2.9296875,0.3662109375,37.74863815307617,70.15619659423828,213.33592224121094,-0.9908979535102844,0.00011997795809293166,-0.13461527228355408
17337,-13.742419242858887,23.327436447143555,173.979248046875,1.3427734375,2.9296875,0.30517578125,37.93212127685547,70.254638671875,213.50225830078125,-0.9911256432533264,-0.002528074663132429,-0.13290449976921082
17461,-13.707001686096191,23.25355339050293,173.9848175048828,1.40380859375,2.9296875,0.48828125,38.11619567871094,70.35057830810547,213.67027282714844,-0.9910824298858643,-0.0006002194713801146,-0.1332487314939499
17586,-13.772705078125,23.331985473632812,173.94546508789062,1.3427734375,2.9296875,0.06103515625,38.384239196777344,70.49968719482422,213.91734313964844,-0.9915701150894165,0.002886666916310787,-0.12953917682170868
17711,-13.689523696899414,23.342384338378906,173.96817016601562,1.0986328125,3.173828125,0.3662109375,38.63999938964844,70.64579772949219,214.16012573242188,-0.9909722805023193,0.0017969758482649922,-0.13405440747737885
17821,-13.589569091796875,23.304645538330078,174.00003051757812,1.28173828125,2.86865234375,0.48828125,38.826725006103516,70.73979187011719,214.3307647705078,-0.9911912083625793,0.004812775645405054,-0.1323513388633728
17946,-13.498136520385742,23.35911750793457,174.02410888671875,1.52587890625,2.62451171875,0.54931640625,39.10878372192383,70.8780746459961,214.58743286132812,-0.9914115071296692,0.002412487054243684,-0.13075679540634155
18070,-13.595480918884277,23.34143829345703,173.97921752929688,1.220703125,3.0517578125,0.48828125,39.28017807006836,70.97541046142578,214.74923706054688,-0.9908396601676941,0.003836281830444932,-0.1349891722202301
18180,-13.604536056518555,23.266225814819336,173.96768188476562,1.28173828125,3.173828125,0.3662109375,39.463172912597656,71.0705337524414,214.92022705078125,-0.9906466007232666,0.00432964414358139,-0.1363837867975235
18305,-13.550315856933594,23.248205184936523,173.98074340820312,1.5869140625,2.99072265625,0.54931640625,39.66016387939453,71.1610336303711,215.10012817382812,-0.990486741065979,0.0021592299453914165,-0.1375909298658371
18430,-13.63497543334961,23.24622917175293,173.93679809570312,1.46484375,3.11279296875,0.48828125,39.94028854370117,71.29926300048828,215.3619384765625,-0.9899782538414001,0.005399881396442652,-0.1411169022321701
18539,-13.61078929901123,23.26869010925293,173.93862915039062,1.40380859375,3.0517578125,0.54931640625,40.129425048828125,71.39002990722656,215.5367889404297,-0.9906485080718994,-0.0002404194965492934,-0.1364380568265915
18670,-13.676156044006348,23.242021560668945,173.90548706054688,1.52587890625,2.9296875,0.6103515625,40.32070541381836,71.48082733154297,215.71615600585938,-0.9900464415550232,0.004680786747485399,-0.14066363871097565
18790,-13.622983932495117,23.292415618896484,173.91830444335938,1.40380859375,2.86865234375,0.42724609375,40.51731872558594,71.57433319091797,215.89784240722656,-0.9903002977371216,0.00685453787446022,-0.1387743204832077
18910,-13.543094635009766,23.307174682617188,173.93577575683594,3.23486328125,2.25830078125,0.79345703125,40.83538055419922,71.71763610839844,216.17518615722656,-0.9912528991699219,-0.00035993207711726427,-0.13197508454322815
19030,-13.556366920471191,23.38006591796875,173.92520141601562,2.44140625,2.13623046875,1.0986328125,41.048370361328125,71.8184585571289,216.34873962402344,-0.9894576668739319,-0.0009614552836865187,-0.1448192000389099
19150,-13.652862548828125,23.427852630615234,173.88058471679688,1.0986328125,2.44140625,0.18310546875,41.17369079589844,71.93209838867188,216.4626007080078,-0.9888902306556702,0.007138283457607031,-0.14847630262374878
19270,-13.776405334472656,23.5733699798584,173.82540893554688,-10.498046875,8.36181640625,-1.8310546875,41.28596496582031,72.02587890625,216.68650817871094,-0.9906060695648193,0.02939276210963726,-0.13355045020580292
19390,-14.02009391784668,23.809627532958984,173.5771484375,-12.39013671875,12.75634765625,-31.6162109375,41.22941970825195,72.12389373779297,216.68988037109375,-0.8726434111595154,0.45849862694740295,-0.16814425587654114
19511,-13.988713264465332,23.668560028076172,173.70166015625,-4.69970703125,-24.35302734375,9.1552734375,40.333900451660156,72.41761016845703,215.77301025390625,-0.9892154932022095,0.06555270403623581,-0.13097934424877167
19690,-13.700087547302246,23.559463500976562,173.9179229736328,37.53662109375,-8.056640625,29.296875,40.118133544921875,72.5158462524414,215.60626220703125,-0.9321631193161011,-0.32406020164489746,-0.1614217311143875
19810,-13.408110618591309,23.711030960083008,174.04502868652344,-1.28173828125,13.916015625,5.18798828125,41.75392532348633,72.24512481689453,217.1953125,-0.9879163503646851,0.10347846895456314,-0.11538498848676682
19930,-13.36108684539795,23.70220184326172,174.07382202148438,7.32421875,4.45556640625,4.82177734375,42.422271728515625,72.02088165283203,217.9669189453125,-0.9401288628578186,-0.1828375905752182,-0.2876250445842743
20050,-13.210953712463379,23.781490325927734,174.14796447753906,22.705078125,12.0849609375,12.02392578125,43.55190658569336,71.90791320800781,219.099853515625,-0.9509230852127075,-0.17260411381721497,-0.25681325793266296
20170,-13.289724349975586,23.745929718017578,174.12149047851562,5.9814453125,3.23486328125,3.23486328125,43.88375473022461,71.91703796386719,219.46295166015625,-0.9625840187072754,-0.14033442735671997,-0.23181523382663727
20290,-13.42381477355957,23.709739685058594,174.0767822265625,0.54931640625,2.197265625,2.62451171875,44.51702117919922,71.95217895507812,220.09234619140625,-0.9519805908203125,-0.18607500195503235,-0.24312344193458557
20410,-13.490045547485352,23.688486099243164,174.0535125732422,2.62451171875,2.3193359375,2.50244140625,44.965675354003906,71.96035766601562,220.56851196289062,-0.9429109692573547,-0.2197798639535904,-0.2502312958240509
20590,-13.682287216186523,23.640670776367188,174.02903747558594,-13.916015625,2.197265625,-1.15966796875,45.66511535644531,72.01829528808594,221.26025390625,-0.9636077284812927,-0.16180413961410522,-0.21278990805149078
20710,-13.866637229919434,24.175392150878906,173.933837890625,1.89208984375,62.5,0.244140625,47.29526138305664,71.97695922851562,222.7611083984375,-0.981757402420044,-0.009296316653490067,-0.18991047143936157
20831,-14.149025917053223,24.11974334716797,173.7304229736328,-16.78466796875,-11.53564453125,-1.40380859375,46.65946578979492,72.28845977783203,222.2609100341797,-0.9989591240882874,0.032556336373090744,-0.03195120021700859
21011,-14.04404354095459,24.02828598022461,173.77630615234375,10.43701171875,-0.48828125,-9.70458984375,44.47669219970703,73.0344467163086,220.23829650878906,-0.9087328910827637,-0.34281471371650696,-0.23808130621910095
21130,-14.109100341796875,23.90294647216797,173.61293029785156,14.95361328125,-0.18310546875,5.126953125,44.00213623046875,73.24627685546875,219.69117736816406,-0.9161525964736938,-0.38291776180267334,-0.11848385632038116
21311,-13.687089920043945,23.65768814086914,173.98951721191406,12.939453125,5.0048828125,7.32421875,45.04309844970703,73.16614532470703,220.6274871826172,-0.9972112774848938,-0.06207661330699921,0.04142466560006142
21429,-13.613604545593262,23.671024322509766,174.0606689453125,6.40869140625,5.18798828125,6.65283203125,45.774051666259766,73.20915985107422,221.20388793945312,-0.9656491279602051,-0.10123647749423981,-0.23931753635406494
21550,-13.567111015319824,23.723514556884766,174.0530548095703,21.1181640625,17.7001953125,8.544921875,46.46708679199219,73.32740783691406,221.7692108154297,-0.973749041557312,-0.14869588613510132,-0.172343909740448
21671,-14.031891822814941,24.066286087036133,172.9168701171875,-40.83251953125,28.50341796875,-145.44677734375,49.38557052612305,73.42250061035156,223.7147216796875,-0.9952369928359985,0.08017846196889877,-0.055450521409511566
21791,-14.688791275024414,23.825519561767578,171.25682067871094,23.49853515625,2.5634765625,-119.20166015625,51.49065017700195,73.55833435058594,224.69161987304688,-0.9961622357368469,0.007386922836303711,-0.08721334487199783
21971,-14.877519607543945,23.580841064453125,170.167724609375,15.19775390625,6.77490234375,-107.84912109375,53.08742904663086,73.80758666992188,225.37681579589844,-0.979534387588501,-0.16227400302886963,-0.11907793581485748
22091,-15.188191413879395,23.178255081176758,167.6997528076172,48.095703125,11.77978515625,-167.17529296875,57.34878921508789,73.78227996826172,227.59571838378906,-0.9072189331054688,-0.21933186054229736,-0.3589531481266022
22331,-14.712389945983887,22.839929580688477,166.80621337890625,100.9521484375,-44.61669921875,4.8828125,58.677459716796875,73.74964904785156,228.0053253173828,-0.9169286489486694,-0.33362606167793274,-0.2189420908689499
22450,-14.233268737792969,22.764781951904297,166.9857635498047,6.103515625,-0.06103515625,-1.03759765625,58.16233444213867,73.89387512207031,227.2586669921875,-0.9778199195861816,-0.12371645122766495,-0.16900445520877838
22571,-14.003375053405762,22.826311111450195,167.02110290527344,13.0615234375,0.9765625,2.86865234375,58.353843688964844,73.98373413085938,227.21849060058594,-0.9701034426689148,-0.0989316999912262,-0.22161178290843964
22691,-14.158700942993164,23.039823532104492,166.91844177246094,-8.85009765625,8.30078125,-12.26806640625,58.30739212036133,74.2756576538086,227.2111358642578,-0.976103663444519,0.014509332366287708,-0.21682091057300568
22800,-14.203712463378906,23.12812042236328,166.79579162597656,1.5869140625,14.70947265625,-3.23486328125,58.15972900390625,74.4926986694336,227.07252502441406,-0.9720017910003662,-0.031016316264867783,-0.2329172044992447
22988,-14.292035102844238,23.02031707763672,166.70359802246094,-5.7373046875,-3.173828125,-7.6904296875,57.85804748535156,75.02606201171875,226.594970703125,-0.9494913816452026,-0.22478188574314117,-0.2189502716064453
23160,-14.523581504821777,22.84168815612793,166.40464782714844,-5.4931640625,5.55419921875,-15.80810546875,57.4570426940918,75.20697784423828,225.9854736328125,-0.8694058656692505,-0.4550647437572479,0.19248251616954803
23347,-14.390344619750977,22.925477981567383,166.1486358642578,32.958984375,40.771484375,-11.04736328125,59.46401596069336,74.95632934570312,227.78932189941406,-0.9807227849960327,-0.18841472268104553,-0.0517943874001503
23519,-14.574480056762695,23.18376922607422,166.1046142578125,-11.3525390625,-6.34765625,27.40478515625,63.039913177490234,74.34578704833984,231.3090057373047,-0.9730209112167358,0.07242358475923538,-0.21905457973480225
23644,-14.193692207336426,23.90976333618164,165.52243041992188,-7.4462890625,23.4375,-29.4189453125,66.21975708007812,73.83721160888672,234.07618713378906,-0.9602901935577393,0.17076018452644348,-0.22064386308193207
23769,-13.97521686553955,23.172292709350586,165.3975372314453,7.32421875,-42.3583984375,8.36181640625,64.79706573486328,74.38141632080078,232.310302734375,-0.9277583956718445,-0.27359747886657715,-0.2537889778614044
23948,-14.056963920593262,22.794254302978516,165.41900634765625,6.2255859375,-5.67626953125,-1.220703125,63.71605682373047,75.00625610351562,230.89332580566406,-0.964801549911499,-0.11866350471973419,-0.23468470573425293
24057,-14.16646671295166,22.747079849243164,165.3492431640625,2.25830078125,-1.3427734375,-3.173828125,63.166805267333984,75.32855987548828,230.24887084960938,-0.9670693874359131,-0.0770992711186409,-0.24255406856536865
24182,-14.299385070800781,22.69681739807129,165.24790954589844,0.54931640625,-4.33349609375,-7.01904296875,62.667171478271484,75.72293090820312,229.58566284179688,-0.9748703837394714,0.039274703711271286,-0.21928375959396362
24297,-14.412978172302246,21.7899112701416,165.205810546875,-3.84521484375,-109.55810546875,-23.74267578125,60.770599365234375,77.01844024658203,227.08164978027344,-0.9882280826568604,-0.12858018279075623,-0.08289925009012222
24485,-14.783846855163574,20.894861221313477,164.73910522460938,-33.14208984375,13.85498046875,-108.88671875,59.42279052734375,77.58367156982422,225.63729858398438,-0.6338145732879639,-0.7733448147773743,-0.014731517992913723
24660,-15.053622245788574,21.785951614379883,164.4971466064453,-20.3857421875,125.91552734375,-2.5634765625,62.26589584350586,76.96942901611328,228.76829528808594,-0.9874444603919983,-0.021261025220155716,-0.15652887523174286
24843,-15.032066345214844,23.03009605407715,164.4026336669922,16.54052734375,105.46875,29.9072265625,66.25050354003906,75.98036193847656,233.07862854003906,-0.9342845678329468,0.12273366004228592,-0.3347369432449341
24968,-14.164384841918945,24.450977325439453,164.16323852539062,41.32080078125,68.359375,-14.95361328125,71.31655883789062,74.03441619873047,237.78326416015625,-0.9528312683105469,0.28293097019195557,-0.10983067750930786
25151,-14.097136497497559,24.053550720214844,164.53579711914062,-8.11767578125,-97.0458984375,-0.67138671875,69.663330078125,74.654541015625,236.53875732421875,-0.9663045406341553,-0.10403236746788025,-0.2354416698217392
25261,-14.557968139648438,23.40009117126465,164.5537109375,-16.29638671875,-10.986328125,-7.080078125,68.22809600830078,75.5067138671875,234.9593505859375,-0.9748414158821106,-0.11964614689350128,-0.1880665421485901
25448,-14.498125076293945,23.312000274658203,164.56080627441406,0.48828125,-0.91552734375,-2.9296875,67.98165130615234,75.94338989257812,234.54920959472656,-0.9627867341041565,-0.0564274899661541,-0.26430588960647583
25558,-14.223762512207031,23.236740112304688,164.60609436035156,9.521484375,-9.27734375,-1.40380859375,67.62020111083984,76.72803497314453,233.86981201171875,-0.9686121940612793,0.02563043124973774,-0.24725186824798584
25683,-14.6353759765625,21.96683692932129,164.58082580566406,-71.22802734375,-160.33935546875,-45.0439453125,65.51770782470703,78.20236206054688,231.45016479492188,-0.9842538833618164,-0.12323429435491562,-0.12671823799610138
25917,-15.11153793334961,21.716787338256836,164.10397338867188,37.29248046875,142.02880859375,55.96923828125,66.0362548828125,78.13764190673828,232.14305114746094,-0.8953536748886108,-0.4384288191795349,-0.07824305444955826
26042,-14.637918472290039,23.471736907958984,163.72474670410156,38.51318359375,166.56494140625,-33.63037109375,70.84734344482422,76.69051361083984,236.9457244873047,-0.9762772917747498,0.1384526640176773,-0.16647383570671082
26229,-14.215654373168945,24.320615768432617,163.89291381835938,24.10888671875,65.00244140625,32.53173828125,73.69972229003906,75.45401000976562,239.93145751953125,-0.9664547443389893,0.19400878250598907,-0.16830262541770935
26339,-13.730917930603027,24.633670806884766,163.9413299560547,14.16015625,-118.65234375,-71.77734375,74.77228546142578,74.91845703125,241.15065002441406,-0.9846773147583008,0.08347638696432114,0.15310831367969513
26464,-13.769208908081055,24.093521118164062,163.99330139160156,-41.6259765625,-42.96875,-6.65283203125,73.74451446533203,75.36751556396484,240.048095703125,-0.9865953922271729,-0.1500086486339569,-0.06424187123775482
26651,-13.764119148254395,23.66744041442871,164.00730895996094,3.35693359375,-12.6953125,-3.84521484375,72.94995880126953,76.16291809082031,238.98690795898438,-0.950574517250061,-0.1603652834892273,-0.26587820053100586
26831,-13.868364334106445,23.479427337646484,163.9213409423828,1.5869140625,-13.5498046875,-8.6669921875,72.58197021484375,76.61686706542969,238.48947143554688,-0.9626461267471313,-0.04348401352763176,-0.26724791526794434
26951,-13.967788696289062,23.266733169555664,163.8248748779297,3.90625,-26.123046875,-10.1318359375,72.2369384765625,77.25688171386719,237.89430236816406,-0.984885036945343,0.01630036160349846,-0.17244067788124084
27131,-14.294288635253906,20.718120574951172,163.6519775390625,-12.02392578125,-86.9140625,-79.65087890625,70.0977783203125,79.28041076660156,235.21542358398438,-0.5233432650566101,-0.8521102070808411,0.004473019391298294
27251,-14.548086166381836,23.01833152770996,163.29916381835938,27.2216796875,200.8056640625,10.43701171875,75.42095184326172,77.54122161865234,241.00457763671875,-0.9771767854690552,-0.013511364348232746,-0.21199767291545868
27431,-14.132984161376953,24.392284393310547,163.5881805419922,9.46044921875,77.5146484375,42.48046875,78.97784423828125,75.88946533203125,244.91934204101562,-0.9076640605926514,0.2869449257850647,-0.3062819838523865
27551,-13.925485610961914,24.805858612060547,163.7999725341797,15.80810546875,-126.64794921875,-4.2724609375,79.18836212158203,75.50559997558594,245.5262451171875,-0.8580073118209839,0.5098199248313904,-0.06250758469104767
27671,-13.979251861572266,24.212100982666016,163.9361572265625,-14.16015625,-38.57421875,-6.103515625,78.21678161621094,75.9806137084961,244.48731994628906,-0.9787977337837219,-0.17039339244365692,-0.11367122828960419
27791,-14.029731750488281,23.98152732849121,163.92388916015625,-0.1220703125,-3.662109375,-1.0986328125,77.69654083251953,76.49629974365234,243.88375854492188,-0.9710848927497864,-0.12784388661384583,-0.20161846280097961
27911,-14.184619903564453,23.782447814941406,163.8166046142578,-2.8076171875,-5.37109375,-8.056640625,77.59709930419922,77.11534881591797,243.6272430419922,-0.9728902578353882,-0.041422054171562195,-0.2275279462337494
28150,-14.098816871643066,23.69116973876953,163.81719970703125,4.2724609375,-19.34814453125,-5.0048828125,77.7146224975586,77.79829406738281,243.54579162597656,-0.9758036136627197,0.0529339499771595,-0.21214455366134644
28271,-14.350067138671875,22.68016815185547,163.7686004638672,-28.74755859375,-136.77978515625,-37.841796875,77.46810913085938,78.93263244628906,242.93804931640625,-0.960693359375,-0.23029129207134247,-0.15502959489822388
28511,-15.59097957611084,20.985092163085938,163.2510528564453,-72.265625,-46.9970703125,-119.62890625,76.93785858154297,80.01846313476562,242.2006378173828,-0.6361831426620483,-0.7426841855049133,-0.20902428030967712
28691,-14.207399368286133,24.591392517089844,163.27239990234375,53.64990234375,66.46728515625,55.6640625,82.55315399169922,76.15980529785156,248.54310607910156,-0.9107320308685303,0.3415880501270294,-0.232130765914917
28800,-13.437203407287598,25.607303619384766,163.5513458251953,43.8232421875,72.08251953125,39.4287109375,83.42476654052734,75.14651489257812,249.4737548828125,-0.7628809213638306,0.6330251693725586,-0.13149839639663696
28917,-13.981219291687012,24.34034538269043,163.8079071044922,-26.2451171875,-20.01953125,-7.26318359375,81.90788269042969,76.24141693115234,247.96511840820312,-0.9733541011810303,-0.17476969957351685,-0.1484503448009491
29276,-14.037446022033691,24.188804626464844,163.80514526367188,2.99072265625,-0.54931640625,0.3662109375,81.87224578857422,76.82099914550781,247.7917022705078,-0.9517521262168884,-0.16498489677906036,-0.2587428390979767
29401,-14.132514953613281,24.03873062133789,163.74169921875,-2.62451171875,-3.7841796875,-4.7607421875,81.98041534423828,77.27804565429688,247.7510528564453,-0.9678830504417419,-0.037235334515571594,-0.24862834811210632
29651,-14.087780952453613,23.6903076171875,163.7134552001953,8.544921875,-20.93505859375,-4.21142578125,82.66889190673828,78.26940155029297,248.09698486328125,-0.9797940254211426,0.03227011114358902,-0.19738873839378357
29761,-14.725264549255371,23.01013946533203,162.84909057617188,67.56591796875,156.31103515625,29.296875,83.88258361816406,78.68067169189453,249.19818115234375,-0.9911410808563232,0.07109450548887253,-0.11218295246362686
29886,-13.857842445373535,24.784202575683594,162.8571319580078,31.31103515625,35.21728515625,32.77587890625,86.48062896728516,76.18470764160156,251.86558532714844,-0.9412822127342224,0.289783775806427,-0.1732432246208191
30010,-13.351279258728027,25.11456871032715,163.2450408935547,-81.54296875,-110.29052734375,-45.7763671875,85.89817810058594,75.95381164550781,251.72801208496094,-0.9118692874908447,0.14327406883239746,-0.38466474413871765
30245,-13.683789253234863,24.563430786132812,163.306640625,-13.48876953125,-26.3671875,-7.75146484375,85.56631469726562,76.49019622802734,251.28567504882812,-0.9695929288864136,-0.19271843135356903,-0.15082813799381256
30417,-13.69210147857666,24.330463409423828,163.31304931640625,-0.6103515625,-2.685546875,-1.40380859375,85.64306640625,77.11988830566406,251.22247314453125,-0.9595566391944885,-0.11836149543523788,-0.2554241120815277
30671,-13.620283126831055,24.222705841064453,163.31809997558594,2.8076171875,-2.25830078125,-2.74658203125,85.94251251220703,77.58018493652344,251.36270141601562,-0.9667341113090515,-0.06819532811641693,-0.24652491509914398
30911,-14.627350807189941,21.47005844116211,163.08287048339844,-116.63818359375,-226.13525390625,-79.77294921875,87.57003784179688,80.37728118896484,252.0845184326172,-0.888245165348053,0.18105344474315643,-0.4221849739551544
31031,-15.125475883483887,21.39470672607422,162.6029510498047,-14.16015625,76.11083984375,54.38232421875,87.4764404296875,80.33785247802734,251.96554565429688,-0.698473334312439,-0.6646791696548462,-0.26521047949790955
31331,-13.327041625976562,25.13664436340332,161.9156951904297,68.603515625,87.21923828125,-21.78955078125,89.42638397216797,75.86414337158203,253.88267517089844,-0.9202282428741455,0.36156100034713745,-0.1498454362154007
31451,-12.963393211364746,24.99631118774414,161.01272583007812,-61.8896484375,-89.41650390625,-65.5517578125,89.90467834472656,76.02861022949219,253.9493865966797,-0.8938860297203064,-0.4399716258049011,-0.0859803706407547
31571,-13.481146812438965,24.60685157775879,161.05308532714844,-32.77587890625,-21.1181640625,-6.04248046875,89.74858093261719,76.5443344116211,253.8532257080078,-0.9464526176452637,-0.1925612986087799,-0.25912854075431824
31691,-13.385181427001953,24.152057647705078,161.04180908203125,3.47900390625,-5.55419921875,-4.638671875,91.97702026367188,77.7790298461914,255.4509735107422,-0.9582879543304443,-0.055409643799066544,-0.2803820073604584
31870,-13.344400405883789,23.933147430419922,161.02374267578125,4.45556640625,-19.775390625,-6.7138671875,92.90055847167969,78.53667449951172,256.1293029785156,-0.9598874449729919,0.02743375301361084,-0.27904045581817627
32051,-13.829963684082031,22.72589874267578,160.7679901123047,-56.396484375,-165.46630859375,-73.91357421875,93.90184783935547,79.63519287109375,256.3684997558594,-0.9454131722450256,-0.06409968435764313,-0.31950756907463074
32171,-14.503497123718262,21.685415267944336,159.76873779296875,94.66552734375,87.40234375,3.84521484375,93.08462524414062,79.62765502929688,254.56581115722656,-0.9381876587867737,-0.32003435492515564,-0.13184024393558502
32351,-13.204164505004883,23.359777450561523,158.12490844726562,110.04638671875,125.79345703125,-80.38330078125,92.0046615600586,77.07383728027344,252.407958984375,-0.9852482676506042,0.1711309552192688,-0.0003557816380634904
32471,-11.623509407043457,23.687789916992188,156.1131591796875,78.125,-23.92578125,6.28662109375,93.38621520996094,74.95686340332031,251.90135192871094,-0.9049040675163269,0.42405810952186584,-0.036378052085638046
32590,-12.155080795288086,23.10140609741211,155.52572631835938,-44.0673828125,-24.96337890625,-25.87890625,93.06251525878906,75.25663757324219,251.78240966796875,-0.9607318043708801,-0.1264442801475525,-0.2469944804906845
32707,-12.519312858581543,22.945682525634766,155.46661376953125,-13.427734375,1.708984375,-2.13623046875,94.21292114257812,75.66796112060547,252.8173370361328,-0.9357731938362122,-0.21363741159439087,-0.28051310777664185
32831,-12.50976848602295,22.82194709777832,155.46348571777344,-0.6103515625,-0.42724609375,-2.99072265625,95.12821197509766,75.90646362304688,253.62684631347656,-0.944631814956665,-0.12941819429397583,-0.3015322685241699
33004,-12.411933898925781,22.582984924316406,155.43746948242188,2.44140625,-2.13623046875,-4.5166015625,97.01631927490234,76.43854522705078,255.181884765625,-0.9543067216873169,-0.0987856537103653,-0.2820283770561218
33129,-12.528743743896484,22.372591018676758,155.21514892578125,-1.3427734375,-17.7001953125,-37.41455078125,98.64093017578125,77.2309341430664,256.4147644042969,-0.8736634850502014,-0.04063385725021362,-0.48483091592788696
33238,-12.767166137695312,21.740171432495117,153.30567932128906,57.43408203125,11.1083984375,-130.92041015625,99.12789916992188,77.44945526123047,255.1974334716797,-0.7160336375236511,-0.6692611575126648,0.1984574794769287
33478,-12.409220695495605,22.6157283782959,151.3324737548828,34.7900390625,70.556640625,-93.68896484375,99.37006378173828,74.96863555908203,253.48422241210938,-0.9834486842155457,0.032640404999256134,0.1782223880290985
33603,-12.212406158447266,22.952924728393555,150.3479461669922,43.02978515625,83.984375,-103.271484375,100.60336303710938,73.89017486572266,253.72889709472656,-0.9856045842170715,0.16879279911518097,0.009620869532227516
33906,-12.558032035827637,23.494752883911133,148.73634338378906,-6.34765625,62.68310546875,-120.66650390625,102.33939361572266,73.37397766113281,254.49441528320312,-0.9403819441795349,0.26131731271743774,-0.21770437061786652
34140,-12.693082809448242,22.232757568359375,148.2961883544922,5.18798828125,-16.357421875,0.732421875,103.7188491821289,74.20701599121094,255.39230346679688,-0.9388473033905029,-0.18845561146736145,-0.2881844639778137
34390,-12.635931015014648,22.089353561401367,148.30416870117188,9.33837890625,-10.1318359375,-0.91552734375,104.6567153930664,74.54224395751953,256.0654602050781,-0.9187175631523132,-0.20542752742767334,-0.33727994561195374
34562,-12.865945816040039,21.809738159179688,148.08018493652344,7.14111328125,-16.78466796875,-8.4228515625,107.50923919677734,75.83402252197266,258.31097412109375,-0.9685125946998596,0.08957529067993164,-0.23229211568832397
34691,-12.891237258911133,19.517314910888672,147.6149139404297,42.54150390625,-94.66552734375,-98.0224609375,110.9551010131836,77.61412048339844,260.57122802734375,-0.6659752130508423,-0.7216472625732422,-0.18895062804222107
34811,-12.481053352355957,22.858579635620117,146.93533325195312,40.83251953125,107.72705078125,55.48095703125,108.63661193847656,74.1695556640625,258.4674377441406,-0.9463987350463867,0.23460419476032257,-0.22201406955718994
34983,-11.510680198669434,24.14411163330078,146.74473571777344,75.0732421875,59.2041015625,-17.822265625,108.21414947509766,72.49874877929688,257.6920166015625,-0.9133124351501465,0.35821664333343506,-0.19375579059123993
35161,-11.236788749694824,24.115205764770508,147.2666778564453,-24.47509765625,-52.55126953125,52.8564453125,107.95614624023438,72.81000518798828,257.8774719238281,-0.8862976431846619,0.42724621295928955,-0.17870992422103882
35286,-11.781340599060059,22.78983497619629,147.2437744140625,-104.43115234375,-47.05810546875,-36.31591796875,107.28834533691406,73.68938446044922,257.71478271484375,-0.9989767074584961,-0.03568487986922264,0.027788225561380386
35520,-12.096949577331543,22.539400100708008,147.175048828125,-4.33349609375,-10.986328125,-5.4931640625,108.04959869384766,74.4085464477539,258.4639892578125,-0.9648464322090149,-0.14282424747943878,-0.22061890363693237
35708,-11.923356056213379,22.362178802490234,147.1779022216797,8.1787109375,-6.4697265625,-5.0048828125,110.18939208984375,75.23906707763672,260.23040771484375,-0.9813854098320007,-0.0758276954293251,-0.17644521594047546
36005,-12.24862003326416,21.293941497802734,146.9843292236328,-53.03955078125,-135.009765625,-57.0068359375,114.09062194824219,76.81742095947266,263.8826904296875,-0.9721607565879822,-0.19513332843780518,-0.12971705198287964
36130,-12.91137409210205,20.768577575683594,146.63912963867188,84.53369140625,144.59228515625,25.69580078125,112.59286499023438,76.67952728271484,262.375244140625,-0.9841527938842773,-0.10922389477491379,-0.13969027996063232
36302,-11.619698524475098,22.745216369628906,146.52212524414062,54.443359375,80.078125,40.0390625,109.08564758300781,74.2254409790039,258.6934509277344,-0.9690438508987427,0.19314973056316376,-0.15377624332904816
36427,-11.36462688446045,22.287683486938477,146.5900115966797,-12.02392578125,-29.052734375,-10.009765625,107.94019317626953,74.05074310302734,257.8053283691406,-0.9866645932197571,-0.062361009418964386,-0.15034672617912292
36611,-11.52219295501709,22.153541564941406,146.48675537109375,3.47900390625,-8.1787109375,-6.2255859375,109.33694458007812,74.71345520019531,258.8868408203125,-0.9563757181167603,-0.08622770756483078,-0.27912402153015137
37091,-11.621867179870605,22.10875129699707,146.36463928222656,8.11767578125,-12.6953125,-7.2021484375,111.1195297241211,75.48411560058594,260.350830078125,-0.9770737290382385,0.0250120609998703,-0.2114267498254776
37211,-11.636160850524902,21.679208755493164,146.35272216796875,4.150390625,-69.76318359375,-12.02392578125,112.9423599243164,76.36739349365234,261.94122314453125,-0.9799933433532715,0.029669295996427536,-0.19680632650852203
37691,-12.965782165527344,19.046669006347656,145.52674865722656,-49.6826171875,-41.56494140625,-159.1796875,116.2737808227539,77.8206787109375,264.58343505859375,-0.6742534637451172,-0.7365521192550659,-0.05360282585024834
37811,-10.655952453613281,23.434906005859375,145.05442810058594,5.55419921875,-71.77734375,-25.146484375,109.7430191040039,73.31050872802734,258.15185546875,-0.8800315856933594,-0.17782658338546753,-0.44036585092544556
38111,-10.892491340637207,22.983768463134766,145.0517578125,-5.0048828125,-20.69091796875,-4.150390625,110.30016326904297,73.88253784179688,258.611328125,-0.951072633266449,-0.23814737796783447,-0.1968420445919037
38472,-11.443344116210938,21.418058395385742,144.76510620117188,-27.40478515625,-176.08642578125,-31.494140625,116.8958511352539,76.86783599853516,264.0569152832031,-0.9901270866394043,-0.12017205357551575,-0.07215987890958786
38644,-11.766514778137207,19.44373893737793,144.3705291748047,72.509765625,-63.53759765625,-110.595703125,119.44296264648438,77.71640014648438,266.22442626953125,-0.6384567618370056,-0.7581261396408081,-0.13273145258426666
38831,-10.52893352508545,24.294240951538086,144.32884216308594,68.66455078125,94.42138671875,54.8095703125,113.8019790649414,73.05868530273438,261.0679626464844,-0.8729709982872009,0.4307287335395813,-0.22889849543571472
39071,-10.711149215698242,23.225839614868164,144.5856170654297,-0.8544921875,-8.6669921875,-5.31005859375,114.08914184570312,74.1290283203125,261.4872131347656,-0.9608461260795593,-0.18799950182437897,-0.20354561507701874
39311,-10.944382667541504,23.119577407836914,144.44552612304688,1.0986328125,-2.01416015625,-4.94384765625,115.58143615722656,74.77507781982422,262.7623291015625,-0.9702420830726624,-0.032423339784145355,-0.23995612561702728
39609,-11.058706283569336,23.000160217285156,144.3289794921875,7.01904296875,-21.728515625,-5.126953125,117.86322021484375,75.67072296142578,264.8341369628906,-0.9747171401977539,0.023977000266313553,-0.22215211391448975
39718,-12.361067771911621,20.232912063598633,143.50588989257812,-48.03466796875,83.251953125,-15.380859375,123.25042724609375,77.25251770019531,269.605712890625,-0.6921338438987732,-0.7090526819229126,-0.13488918542861938
39968,-10.98866081237793,23.97881317138672,143.66806030273438,69.091796875,159.60693359375,36.43798828125,117.52397918701172,73.7269515991211,264.2220153808594,-0.9446528553962708,0.28052428364753723,-0.17010930180549622
40077,-10.301417350769043,23.817319869995117,144.3036651611328,-28.3203125,-35.70556640625,-9.27734375,115.84719848632812,73.63713073730469,262.98040771484375,-0.9743385910987854,-0.13019277155399323,-0.18361395597457886
40202,-10.441296577453613,23.700551986694336,144.2727508544922,-0.244140625,-5.67626953125,-1.0986328125,116.55146789550781,74.0075454711914,263.5765686035156,-0.9273203611373901,-0.29144009947776794,-0.23481813073158264
40327,-10.76143741607666,23.476877212524414,144.0550079345703,0.9765625,-5.4931640625,-7.568359375,119.26969146728516,75.01439666748047,265.92864990234375,-0.972461998462677,-0.026324963197112083,-0.23157043755054474
40499,-10.829096794128418,23.288400650024414,143.9602508544922,9.1552734375,-23.3154296875,-9.70458984375,121.39521789550781,75.64231872558594,267.8584289550781,-0.9812465310096741,0.020015759393572807,-0.19171492755413055
40751,-11.051865577697754,22.10107421875,143.8941192626953,-21.54541015625,-170.5322265625,-29.296875,124.6081314086914,76.6521224975586,270.7549743652344,-0.9561451077461243,-0.23911543190479279,-0.169145867228508
40871,-12.361971855163574,20.910249710083008,143.19480895996094,-38.87939453125,101.318359375,11.16943359375,127.09642028808594,76.91050720214844,273.4596862792969,-0.7189448475837708,-0.6319122314453125,-0.2894914150238037
40991,-11.085610389709473,24.754623413085938,143.88853454589844,78.79638671875,63.53759765625,45.654296875,119.95751953125,72.97595977783203,267.06622314453125,-0.8955180048942566,0.3807838559150696,-0.23032818734645844
41171,-10.479331016540527,24.545631408691406,144.69113159179688,-10.7421875,-145.5078125,29.72412109375,119.09586334228516,73.0843734741211,266.6433410644531,-0.8538699746131897,-0.4684973657131195,0.2267516702413559
41291,-10.814352989196777,23.927322387695312,144.681884765625,-22.705078125,-40.1611328125,-15.13671875,119.56761169433594,73.65501403808594,267.1146240234375,-0.9770829081535339,-0.1257956176996231,-0.1717098504304886
41411,-10.968290328979492,23.80691909790039,144.61196899414062,-4.5166015625,-4.94384765625,-4.39453125,120.419921875,74.11853790283203,267.8863830566406,-0.963071346282959,-0.16416801512241364,-0.213406503200531
41532,-11.152462005615234,23.76349449157715,144.5105743408203,1.220703125,1.89208984375,-1.0986328125,122.11125946044922,74.80142211914062,269.4493713378906,-0.9651150703430176,-0.05771686136722565,-0.2553853690624237
41771,-11.272771835327148,23.689481735229492,144.42701721191406,2.50244140625,-7.14111328125,-4.82177734375,123.61380004882812,75.25894927978516,270.7955627441406,-0.9786168336868286,0.06452298909425735,-0.19530989229679108
41891,-11.313213348388672,23.396055221557617,144.3863067626953,8.9111328125,-38.0859375,-7.8125,125.93623352050781,75.78973388671875,272.8758850097656,-0.9808660745620728,0.0118230190128088,-0.19432419538497925
42011,-11.873773574829102,21.78229331970215,144.3097381591797,-88.19580078125,-221.6796875,-49.86572265625,129.32882690429688,76.71857452392578,276.061279296875,-0.9385900497436523,-0.11835432052612305,-0.3241002857685089
42252,-11.926361083984375,23.552297592163086,143.8882293701172,44.73876953125,190.3076171875,22.27783203125,125.37671661376953,74.83201599121094,272.48724365234375,-0.9902515411376953,0.0970052108168602,-0.09995927661657333
42431,-11.25214958190918,24.88224983215332,144.1371612548828,67.7490234375,74.89013671875,43.8232421875,122.4996337890625,73.0635757446289,269.75506591796875,-0.9008532762527466,0.37103894352912903,-0.22537419199943542
42551,-10.459311485290527,25.538623809814453,144.29307556152344,15.7470703125,22.27783203125,-31.18896484375,121.92324829101562,72.55049896240234,269.0587463378906,-0.7178217172622681,0.6486729383468628,-0.2528941035270691
42660,-10.977224349975586,24.226516723632812,144.46136474609375,-0.30517578125,-2.8076171875,-1.03759765625,123.35890197753906,73.99584197998047,270.64129638671875,-0.9476476311683655,-0.13139501214027405,-0.2910315692424774
42910,-11.146428108215332,24.06608772277832,144.34930419921875,-0.6103515625,-1.52587890625,-4.94384765625,124.84546661376953,74.5551528930664,271.9291687011719,-0.9673480987548828,-0.05425048992037773,-0.24757733941078186
43082,-11.2821683883667,23.882360458374023,144.23390197753906,5.67626953125,-12.14599609375,-1.8310546875,127.23717498779297,75.23833465576172,274.14495849609375,-0.9717622995376587,0.04721628874540329,-0.23118966817855835
43207,-11.353642463684082,23.422584533691406,144.19029235839844,3.35693359375,-64.3310546875,-14.7705078125,130.12242126464844,76.00598907470703,276.8918762207031,-0.9903208613395691,0.04005829617381096,-0.1328904926776886
43332,-12.55388069152832,20.884010314941406,143.42027282714844,-31.3720703125,83.06884765625,-30.45654296875,135.6073760986328,77.07792663574219,281.8536071777344,-0.7610869407653809,-0.6435253620147705,-0.08137407898902893
43566,-11.086943626403809,24.69843292236328,143.785400390625,62.8662109375,164.9169921875,42.17529296875,127.55726623535156,74.05586242675781,274.42047119140625,-0.9239033460617065,0.29906827211380005,-0.23866458237171173
43691,-10.238162994384766,25.617109298706055,144.28883361816406,82.03125,85.5712890625,70.9228515625,124.77269744873047,72.83600616455078,271.7552795410156,-0.8439266085624695,0.4849787652492523,-0.22931107878684998
43800,-10.043438911437988,25.719173431396484,144.41842651367188,-6.7138671875,-48.52294921875,18.12744140625,124.56123352050781,73.03335571289062,271.7657165527344,-0.9973418712615967,-0.06151401251554489,-0.03905493766069412
43978,-10.610845565795898,24.574798583984375,144.12130737304688,-9.521484375,-4.69970703125,-4.94384765625,126.32575988769531,74.12659454345703,273.5814514160156,-0.948259711265564,-0.22377917170524597,-0.22522523999214172
44291,-10.812721252441406,24.4763126373291,144.01707458496094,-6.28662109375,-0.42724609375,-4.82177734375,127.62564849853516,74.54977416992188,274.8395080566406,-0.9717387557029724,-0.0576191246509552,-0.22891922295093536
44400,-10.890857696533203,24.390735626220703,143.94143676757812,3.84521484375,-0.244140625,-4.21142578125,129.25125122070312,74.93489837646484,276.2865905761719,-0.9730663895606995,-0.031475648283958435,-0.22836588323116302
44652,-11.549750328063965,22.764183044433594,143.73709106445312,-93.1396484375,-181.94580078125,-48.03466796875,135.9532470703125,76.45934295654297,282.6781311035156,-0.9499452710151672,-0.12729470431804657,-0.2853069305419922
44892,-11.380735397338867,23.90937042236328,143.25296020507812,93.3837890625,198.2421875,15.19775390625,131.52935791015625,75.12348937988281,278.34869384765625,-0.9942942261695862,0.0890195295214653,-0.0587751679122448
45010,-10.21501350402832,25.991281509399414,143.84376525878906,88.0126953125,98.7548828125,69.580078125,126.11381530761719,72.83692169189453,273.1695556640625,-0.8810540437698364,0.42703890800476074,-0.2034245729446411
45192,-9.902738571166992,25.206588745117188,144.2718505859375,-23.74267578125,-43.76220703125,-9.1552734375,125.744140625,73.38287353515625,273.286376953125,-0.9390895962715149,-0.2556738257408142,-0.2296554446220398
45372,-10.305438041687012,24.774267196655273,144.0711669921875,1.708984375,-0.8544921875,-3.90625,128.2665252685547,74.33788299560547,275.45526123046875,-0.9624849557876587,-0.10745959728956223,-0.24914883077144623
45492,-10.417325019836426,24.726587295532227,143.99517822265625,1.77001953125,0.732421875,-2.01416015625,129.4371337890625,74.65809631347656,276.53363037109375,-0.9657576680183411,-0.07788562029600143,-0.2474791556596756
45612,-10.564523696899414,24.580854415893555,143.86993408203125,4.08935546875,-14.7705078125,-6.7138671875,132.20050048828125,75.33655548095703,279.20050048828125,-0.9849996566772461,0.071822889149189,-0.15689881145954132
45791,-11.507463455200195,22.163362503051758,143.8765411376953,-59.99755859375,-158.0810546875,-29.052734375,138.487060546875,76.68114471435547,285.59747314453125,-0.9517547488212585,0.12690849602222443,-0.2793872058391571
46032,-12.438594818115234,22.36094093322754,143.69981384277344,-83.55712890625,75.927734375,64.3310546875,139.32354736328125,76.37863159179688,286.84307861328125,-0.8419127464294434,-0.4288075268268585,-0.3275775611400604
46152,-12.468709945678711,24.2078857421875,144.026123046875,6.65283203125,192.2607421875,78.0029296875,136.496337890625,75.05342864990234,284.856689453125,-0.8901585936546326,0.02497628517448902,-0.454965740442276
46272,-11.58265495300293,26.528038024902344,144.90798950195312,45.8984375,70.068359375,-0.6103515625,130.7287139892578,72.72687530517578,279.5233154296875,-0.958174467086792,0.21685761213302612,-0.18674708902835846
46452,-11.226852416992188,27.24478530883789,144.36488342285156,12.26806640625,-11.29150390625,-29.72412109375,129.64126586914062,72.5737533569336,277.98126220703125,-0.9630643129348755,0.24890625476837158,-0.10272685438394547
46632,-11.422412872314453,26.56290054321289,144.1801300048828,-24.10888671875,-42.17529296875,-27.83203125,130.1873321533203,72.82394409179688,278.3258056640625,-0.7658851742744446,-0.5150727033615112,-0.3848637044429779
46752,-11.662313461303711,25.96202850341797,144.3228759765625,6.2255859375,-5.37109375,2.9296875,131.2175750732422,73.44514465332031,279.40283203125,-0.937473714351654,-0.17236383259296417,-0.30238017439842224
46872,-11.425677299499512,25.815799713134766,144.38296508789062,16.845703125,-4.150390625,0.91552734375,132.6102294921875,73.76473236083984,280.4546813964844,-0.9366689920425415,-0.15599019825458527,-0.31355729699134827
46991,-11.517447471618652,25.62905502319336,144.24514770507812,3.47900390625,-4.33349609375,-5.0048828125,135.1127471923828,74.32588958740234,282.6186218261719,-0.9433803558349609,-0.009157877415418625,-0.3315865397453308
47172,-11.595537185668945,25.477947235107422,144.1645050048828,6.8359375,-13.427734375,-4.69970703125,136.69932556152344,74.68218994140625,284.0249938964844,-0.9426168203353882,0.03132044896483421,-0.33240434527397156
47472,-11.657693862915039,24.758970260620117,144.06724548339844,7.50732421875,-98.44970703125,-25.7568359375,139.3845672607422,75.38226318359375,286.29443359375,-0.991558313369751,-0.014215276576578617,-0.12887945771217346
47592,-11.503108978271484,22.995563507080078,143.81661987304688,17.2119140625,-116.2109375,-83.251953125,142.9085693359375,76.2368392944336,289.2494201660156,-0.9434999823570251,0.05050542950630188,-0.3275010585784912
47832,-11.436954498291016,25.282835006713867,142.18719482421875,60.11962890625,214.9658203125,-53.3447265625,136.9014434814453,74.48783874511719,282.64080810546875,-0.9974272847175598,0.0629754289984703,-0.03424828127026558
47952,-10.652188301086426,27.484424591064453,141.095703125,-4.21142578125,-24.5361328125,-33.69140625,132.22891235351562,72.19112396240234,277.05145263671875,-0.8111163973808289,0.48714306950569153,-0.32370033860206604
48072,-11.060224533081055,26.060434341430664,140.84657287597656,-2.3193359375,-10.43701171875,0.244140625,133.1846923828125,73.12371826171875,278.2032165527344,-0.949758768081665,-0.22025597095489502,-0.22236368060112
48192,-11.151419639587402,25.9605712890625,140.8121795654297,1.40380859375,0.91552734375,-1.0986328125,134.8805389404297,73.59947967529297,279.696044921875,-0.9546328783035278,-0.15434256196022034,-0.25466522574424744
48312,-11.243560791015625,25.813888549804688,140.735107421875,-0.48828125,-7.14111328125,-7.568359375,136.28182983398438,73.9391098022461,280.96319580078125,-0.9555513262748718,-0.045615579932928085,-0.2912744879722595
48432,-11.357240676879883,25.441707611083984,140.5597686767578,10.07080078125,-25.08544921875,-11.29150390625,139.50009155273438,74.6408920288086,283.84722900390625,-0.9877085089683533,0.08845151215791702,-0.12887290120124817
48612,-11.516128540039062,24.171476364135742,140.56033325195312,-23.13232421875,-170.95947265625,-27.28271484375,143.1554412841797,75.39955139160156,287.0584716796875,-0.9668284058570862,-0.2196776121854782,-0.1303250789642334
48732,-12.336865425109863,22.25713539123535,140.04798889160156,-12.26806640625,-84.3505859375,-124.32861328125,145.89036560058594,75.83063507080078,289.6552734375,-0.6167979836463928,-0.7753875255584717,-0.13540472090244293
48972,-12.497117042541504,23.327146530151367,139.8174591064453,12.0849609375,176.20849609375,23.193359375,143.0143280029297,75.16665649414062,287.03302001953125,-0.9713332056999207,-0.16504700481891632,-0.17108865082263947
49212,-10.774788856506348,26.838407516479492,139.9175567626953,119.81201171875,117.00439453125,42.3583984375,134.06729125976562,72.0207290649414,278.00653076171875,-0.8796283006668091,0.4227479100227356,-0.21803297102451324
49332,-10.822422981262207,27.363933563232422,139.6949920654297,-54.5654296875,10.55908203125,-25.08544921875,133.47979736328125,71.86214447021484,277.3664855957031,-0.8033177852630615,0.5757110714912415,-0.15243785083293915
49452,-10.6085786819458,25.673124313354492,140.52244567871094,-3.90625,1.15966796875,0.54931640625,135.4584503173828,72.86634063720703,279.2067565917969,-0.9176193475723267,-0.27356457710266113,-0.2883353531360626
49632,-10.795307159423828,25.42839241027832,140.39146423339844,1.15966796875,-2.8076171875,-4.45556640625,138.60690307617188,73.65135192871094,282.11029052734375,-0.9651347994804382,-0.019941765815019608,-0.26099222898483276
49811,-10.860133171081543,25.23392677307129,140.31227111816406,6.4697265625,-14.83154296875,-4.94384765625,140.58685302734375,74.08908081054688,283.9514465332031,-0.9811508655548096,0.06000889837741852,-0.18368971347808838
49932,-11.283073425292969,23.416606903076172,140.17320251464844,-46.93603515625,-223.69384765625,-53.64990234375,145.88003540039062,75.1471176147461,289.0022888183594,-0.9509226679801941,-0.07603869587182999,-0.29994016885757446
50052,-12.191048622131348,22.96833038330078,139.2913818359375,0.6103515625,98.2666015625,66.5283203125,146.56158447265625,75.08106231689453,289.70635986328125,-0.7971051335334778,-0.45407742261886597,-0.39804160594940186
50172,-10.752989768981934,26.26523208618164,139.1786346435547,69.03076171875,96.8017578125,40.95458984375,137.15957641601562,72.46891784667969,280.19293212890625,-0.9602256417274475,0.23989130556583405,-0.1428946554660797
50352,-10.279228210449219,27.156105041503906,139.17745971679688,33.447265625,63.232421875,-0.79345703125,134.88441467285156,71.7354736328125,277.8502197265625,-0.7651265859603882,0.6413634419441223,-0.056870900094509125
50532,-10.20052433013916,26.582061767578125,139.56907653808594,-2.25830078125,-117.37060546875,11.23046875,135.26515197753906,72.11940002441406,278.6778869628906,-0.98378986120224,-0.002495520981028676,0.17930780351161957
50769,-10.391913414001465,25.95884132385254,139.5448760986328,-20.93505859375,-44.00634765625,-6.16455078125,136.25828552246094,72.65165710449219,279.73040771484375,-0.9639031887054443,-0.11949309706687927,-0.23793287575244904
50879,-10.620451927185059,25.557151794433594,139.42520141601562,-2.38037109375,-4.2724609375,-4.94384765625,138.89422607421875,73.2958984375,282.1274719238281,-0.9598540663719177,-0.08579300343990326,-0.2670576274394989
51072,-10.794364929199219,25.364564895629883,139.26060485839844,2.86865234375,-7.080078125,-8.85009765625,141.4680938720703,73.73885345458984,284.488037109375,-0.9780514240264893,-0.023690208792686462,-0.2070125788450241
51306,-11.75806713104248,22.68323516845703,138.56546020507812,-16.2353515625,-129.82177734375,-113.037109375,150.1741943359375,75.11742401123047,293.11669921875,-0.7919226288795471,-0.44439882040023804,-0.41876986622810364
51540,-12.215274810791016,23.093019485473633,138.26966857910156,1.220703125,96.86279296875,74.64599609375,148.97158813476562,74.86405944824219,292.0377197265625,-0.7919898629188538,-0.4632866680622101,-0.39764001965522766
51665,-11.020737648010254,25.892654418945312,138.1984100341797,81.23779296875,166.80908203125,10.80322265625,141.0435791015625,73.16144561767578,284.17218017578125,-0.9799029231071472,0.10946978628635406,-0.1667531430721283
51837,-9.75114631652832,26.750186920166016,139.2589111328125,-58.77685546875,-91.064453125,49.6826171875,136.3323974609375,72.25978088378906,279.7396545410156,-0.6085801720619202,-0.7033835053443909,0.36726248264312744
51962,-10.359336853027344,25.97977066040039,139.10337829589844,-4.82177734375,2.5634765625,2.50244140625,138.80087280273438,73.04928588867188,282.0835266113281,-0.9326165914535522,-0.2195330411195755,-0.28641146421432495
52087,-10.499902725219727,25.6787109375,138.97994995117188,0.6103515625,-7.8125,-7.99560546875,141.40322875976562,73.5593032836914,284.4162292480469,-0.9622849225997925,-0.0332670621573925,-0.2700020372867584
52447,-10.586629867553711,25.305850982666016,138.84642028808594,6.8359375,-30.70068359375,-5.7373046875,145.16148376464844,74.24097442626953,287.9510498046875,-0.9835322499275208,0.03852109983563423,-0.17657992243766785
52692,-10.989180564880371,23.94719696044922,138.71774291992188,-53.16162109375,-193.4814453125,-53.16162109375,149.32650756835938,74.97714233398438,291.9578552246094,-0.9579752683639526,-0.10310155153274536,-0.2676813006401062
53052,-12.385490417480469,22.6225643157959,137.8997039794922,11.23046875,101.74560546875,39.9169921875,151.479248046875,75.20352935791016,293.9895324707031,-0.658467710018158,-0.7028752565383911,-0.2690478265285492
53172,-9.48925495147705,27.125141143798828,138.3534393310547,134.6435546875,53.7109375,68.603515625,137.0000457763672,71.9093017578125,279.4159851074219,-0.7050386071205139,0.6664251685142517,-0.242482990026474
53412,-10.250070571899414,25.262741088867188,138.37405395507812,-5.37109375,-11.5966796875,-5.92041015625,139.8094024658203,73.08030700683594,282.4771728515625,-0.9605079889297485,-0.10269658267498016,-0.25860756635665894
53772,-10.6050443649292,24.706283569335938,138.08921813964844,3.72314453125,-30.45654296875,-5.615234375,146.2248077392578,74.32133483886719,288.4766540527344,-0.9911474585533142,0.004807919263839722,-0.13267812132835388
54132,-11.111211776733398,23.311756134033203,137.9318084716797,-65.97900390625,-190.61279296875,-57.4951171875,150.5003204345703,75.00349426269531,292.2838439941406,-0.9309220910072327,-0.26834869384765625,-0.2477356195449829
54432,-11.108091354370117,24.258132934570312,137.11473083496094,106.3232421875,193.78662109375,5.18798828125,145.78224182128906,74.24488830566406,287.50982666015625,-0.9878942966461182,0.09506893903017044,-0.12258408963680267
54659,-9.440597534179688,26.165483474731445,138.25003051757812,-57.80029296875,-76.66015625,45.166015625,138.0785369873047,72.87908935546875,280.418701171875,-0.6317520141601562,-0.7556555271148682,-0.17284122109413147
54909,-10.492873191833496,24.823158264160156,137.93008422851562,1.89208984375,0.6103515625,-3.173828125,142.78927612304688,74.29278564453125,284.9526672363281,-0.9641972184181213,-0.04722696542739868,-0.26094695925712585
55206,-10.944061279296875,22.91352653503418,137.81008911132812,-48.33984375,-213.43994140625,-41.259765625,151.7150115966797,75.72193145751953,293.15191650390625,-0.9728038907051086,-0.16634337604045868,-0.16119049489498138
55378,-11.390677452087402,21.94106674194336,137.594482421875,-8.6669921875,176.20849609375,41.44287109375,152.6193084716797,75.56370544433594,294.4059143066406,-0.9381260871887207,-0.22289124131202698,-0.26502636075019836
55566,-9.653607368469238,26.28478240966797,137.9634552001953,80.99365234375,111.572265625,19.8974609375,139.81195068359375,72.27654266357422,281.8164978027344,-0.8024373054504395,0.5715516209602356,-0.17153161764144897
56112,-10.022733688354492,24.943805694580078,137.79710388183594,0.06103515625,-9.09423828125,-1.8310546875,142.4571990966797,73.33758544921875,284.268310546875,-0.9654110074043274,-0.1886746883392334,-0.179953932762146
56284,-10.211429595947266,24.79696273803711,137.67172241210938,-0.06103515625,-1.0986328125,-4.7607421875,144.8718719482422,73.8772964477539,286.37408447265625,-0.9659344553947449,-0.07924465090036392,-0.24635520577430725
56652,-10.376946449279785,24.670879364013672,137.5245361328125,4.0283203125,-6.591796875,-6.103515625,147.6380157470703,74.3706283569336,288.97137451171875,-0.9686793684959412,0.03027123026549816,-0.2464628517627716
57312,-10.191152572631836,24.842042922973633,136.4598388671875,79.9560546875,205.62744140625,12.451171875,147.06381225585938,73.77680969238281,287.5572814941406,-0.9822899103164673,0.09518693387508392,-0.16138753294944763
57431,-9.18415355682373,26.535987854003906,137.43226623535156,-34.24072265625,-28.01513671875,22.8271484375,141.6375732421875,72.59510040283203,282.7221374511719,-0.7813512682914734,0.5464393496513367,-0.30148687958717346
57612,-9.412175178527832,25.388202667236328,137.32337951660156,9.09423828125,-1.52587890625,-1.03759765625,144.41494750976562,73.87783813476562,285.4397888183594,-0.9553995728492737,-0.1347527652978897,-0.26277992129325867
57732,-10.534419059753418,23.364599227905273,136.10023498535156,17.4560546875,218.81103515625,6.28662109375,153.1431121826172,75.1174545288086,293.3084411621094,-0.9512028694152832,-0.1492830365896225,-0.27005133032798767
58092,-9.915897369384766,25.355899810791016,135.7935791015625,72.021484375,165.6494140625,-1.3427734375,147.19110107421875,73.69769287109375,287.0738830566406,-0.9341490268707275,0.25394561886787415,-0.250753253698349
58212,-9.77784538269043,26.408422470092773,134.8054656982422,1.28173828125,-54.99267578125,-42.90771484375,143.43014526367188,72.6487045288086,282.499755859375,-0.7739476561546326,-0.6037647724151611,-0.19097930192947388
58452,-9.72870922088623,25.722055435180664,134.93350219726562,0.79345703125,-38.6962890625,2.44140625,143.97003173828125,73.04354858398438,283.33123779296875,-0.932835042476654,-0.234621062874794,-0.27344411611557007
58691,-9.893292427062988,25.357778549194336,134.79885864257812,4.57763671875,-1.28173828125,-1.3427734375,148.0841522216797,73.81854248046875,286.91644287109375,-0.9506117701530457,-0.09608257561922073,-0.2951362133026123
59103,-9.939687728881836,24.909887313842773,134.69361877441406,9.521484375,-34.24072265625,-8.544921875,152.40647888183594,74.55887603759766,290.6927795410156,-0.9736619591712952,0.07299430668354034,-0.21599595248699188
59290,-9.633007049560547,22.87441635131836,133.69911193847656,118.7744140625,-69.76318359375,-158.02001953125,156.36199951171875,75.42623138427734,292.8705749511719,-0.8735015392303467,-0.4242810308933258,-0.23870648443698883
59400,-8.645011901855469,25.19791030883789,130.77340698242188,106.3232421875,203.67431640625,-127.8076171875,147.16683959960938,74.4573974609375,281.2944030761719,-0.9827412366867065,0.05698419362306595,0.17598986625671387
59587,-9.131991386413574,26.03561782836914,126.63590240478516,-5.7373046875,-21.484375,-0.79345703125,145.62667846679688,72.83891296386719,276.4430847167969,-0.9441465139389038,-0.17811641097068787,-0.2772400379180908
59712,-9.026488304138184,25.862548828125,126.67517852783203,14.09912109375,-0.18310546875,4.33349609375,147.08876037597656,72.93272399902344,277.5679016113281,-0.9127492308616638,-0.20217444002628326,-0.35498493909835815
59885,-8.957137107849121,25.686906814575195,126.62093353271484,11.8408203125,-5.7373046875,-1.3427734375,149.1841278076172,73.07891082763672,279.2677917480469,-0.9189192056655884,-0.14506728947162628,-0.366800993680954
60071,-9.033534049987793,25.437265396118164,126.4917221069336,10.1318359375,-14.0380859375,-5.37109375,151.4385528564453,73.39225006103516,281.2376708984375,-0.8665414452552795,-0.007756630890071392,-0.49904486536979675
60368,-9.031335830688477,24.968406677246094,126.37228393554688,16.11328125,-59.50927734375,-12.75634765625,153.6685333251953,73.82849884033203,283.0224914550781,-0.9707419872283936,0.049302585422992706,-0.23500898480415344
61212,-8.169434547424316,23.439891815185547,124.55413055419922,50.1708984375,117.49267578125,-116.3330078125,155.95106506347656,74.69176483154297,283.0528869628906,-0.8045395016670227,-0.544927716255188,0.23615676164627075
61392,-7.994755268096924,26.26219940185547,122.59284210205078,58.89892578125,194.39697265625,-114.56298828125,148.07418823242188,73.05138397216797,273.699951171875,-0.9888548851013184,0.14859497547149658,0.009257765486836433
61632,-8.07589340209961,26.267152786254883,121.30944061279297,15.68603515625,-41.8701171875,-2.01416015625,145.54339599609375,72.32501983642578,270.4526062011719,-0.9588755369186401,-0.1888694167137146,-0.2118632197380066
61932,-9.03784465789795,25.12990379333496,120.25200653076172,74.15771484375,200.01220703125,43.8232421875,154.13641357421875,73.30352783203125,278.470703125,-0.9856988191604614,0.03249773755669594,-0.1653532236814499
62112,-8.2724609375,27.240705490112305,120.94056701660156,16.78466796875,100.40283203125,67.93212890625,146.50283813476562,71.627197265625,271.13922119140625,-0.946821391582489,0.29190340638160706,-0.135357066988945
62232,-8.227875709533691,26.676734924316406,121.09925079345703,-10.25390625,-103.57666015625,0.0,145.6309356689453,72.01890563964844,270.9729309082031,-0.9484691619873047,-0.2785753309726715,-0.15100345015525818
62472,-8.422174453735352,26.201025009155273,121.03992462158203,1.5869140625,0.48828125,-1.15966796875,148.76577758789062,72.89227294921875,273.8803405761719,-0.9577382206916809,-0.10968643426895142,-0.26590651273727417
62699,-8.635357856750488,25.837621688842773,120.83924865722656,8.85009765625,-29.296875,-3.84521484375,152.52603149414062,73.61994934082031,277.3884582519531,-0.976784348487854,0.04693533480167389,-0.20902004837989807
62887,-8.83031177520752,24.729738235473633,120.74803161621094,-20.751953125,-159.66796875,-34.11865234375,156.4185333251953,74.17137145996094,280.8399353027344,-0.9828879237174988,-0.1690436750650406,-0.07318221777677536
63059,-9.414363861083984,23.461355209350586,119.7225570678711,-7.080078125,179.38232421875,16.78466796875,158.26100158691406,74.2789077758789,282.6889343261719,-0.8507983684539795,-0.5150299072265625,-0.10433796048164368
63246,-8.015844345092773,27.705835342407227,120.6220474243164,13.36669921875,87.82958984375,113.28125,145.6893310546875,71.3719253540039,270.6491394042969,-0.5137076377868652,0.8155955672264099,-0.26628607511520386
63371,-8.19808292388916,26.723501205444336,120.51103210449219,-23.74267578125,-76.11083984375,-1.89208984375,148.04798889160156,72.34049987792969,273.1849365234375,-0.992877185344696,-0.005295345094054937,-0.11902491748332977
63668,-8.262412071228027,26.42140769958496,120.41950225830078,-0.244140625,-4.45556640625,-4.638671875,150.36549377441406,73.00528717041016,275.31878662109375,-0.9677707552909851,-0.08080507814884186,-0.23851674795150757
63840,-8.431510925292969,26.224590301513672,120.27653503417969,5.859375,-15.380859375,-5.0048828125,153.03306579589844,73.50834655761719,277.8010559082031,-0.9804353713989258,0.028185222297906876,-0.1948128044605255
64143,-8.503028869628906,25.727313995361328,120.26853942871094,1.52587890625,-61.82861328125,-4.21142578125,156.05780029296875,73.99638366699219,280.7623596191406,-0.9868304133415222,-0.0019385975319892168,-0.16174645721912384
64321,-9.213597297668457,24.585927963256836,119.3612060546875,54.443359375,229.67529296875,48.095703125,157.10592651367188,73.9615478515625,281.71771240234375,-0.9904786944389343,-0.010227246209979057,-0.1372857391834259
64632,-7.9102325439453125,27.234405517578125,119.36712646484375,132.8125,107.23876953125,24.2919921875,148.49623107910156,71.9888916015625,272.6407165527344,-0.8886600136756897,0.41351768374443054,-0.19820824265480042
64992,-8.064260482788086,26.7463436126709,119.4277114868164,6.103515625,-1.46484375,-1.0986328125,150.44119262695312,72.80540466308594,274.7047424316406,-0.9630610942840576,-0.1402745097875595,-0.22986158728599548
65112,-8.174027442932129,26.648963928222656,119.33185577392578,0.732421875,-3.5400390625,-5.92041015625,152.06723022460938,73.0889663696289,276.2342529296875,-0.9689385890960693,-0.027902550995349884,-0.2457224726676941
65292,-9.224040031433105,23.529827117919922,119.07837677001953,-98.93798828125,-291.56494140625,-46.56982421875,161.78085327148438,74.32429504394531,285.54498291015625,-0.8924774527549744,-0.016112932935357094,-0.45080405473709106
65412,-7.255125045776367,27.883766174316406,118.77261352539062,181.5185546875,124.51171875,83.80126953125,148.46994018554688,71.50811767578125,272.159912109375,-0.8799837827682495,0.36148741841316223,-0.3081483840942383
65532,-6.8406524658203125,28.382539749145508,119.32513427734375,-6.04248046875,-35.33935546875,37.41455078125,148.3347625732422,71.70671844482422,272.3741760253906,-0.8387387990951538,0.5112050175666809,-0.18758104741573334
65772,-7.78018045425415,26.995162963867188,118.99102020263672,-7.99560546875,-8.1787109375,-4.638671875,150.83108520507812,72.66532897949219,275.2122497558594,-0.9619301557540894,-0.0843421146273613,-0.2599552869796753
66012,-7.92250919342041,26.898862838745117,118.89582824707031,0.6103515625,-0.06103515625,-3.41796875,152.01998901367188,72.90128326416016,276.2788391113281,-0.969021737575531,-0.07596515119075775,-0.23500262200832367
66192,-8.008657455444336,26.82755470275879,118.81792449951172,2.25830078125,-1.40380859375,-3.60107421875,153.53948974609375,73.122802734375,277.6897888183594,-0.9695412516593933,-0.053325340151786804,-0.23905248939990997
66372,-8.856590270996094,24.528810501098633,118.43537902832031,-86.36474609375,-257.87353515625,-72.69287109375,161.96311950683594,74.15006256103516,285.5104064941406,-0.9288144707679749,-0.20248323678970337,-0.3103293776512146
66553,-9.210664749145508,25.393030166625977,117.86568450927734,71.22802734375,218.017578125,32.5927734375,158.1712646484375,73.61528778076172,282.15283203125,-0.9921874403953552,0.010309766046702862,-0.12432965636253357
66785,-7.435939311981201,28.155244827270508,118.1227798461914,118.65234375,116.02783203125,-0.79345703125,148.12841796875,71.57577514648438,271.79681396484375,-0.888961911201477,0.44725483655929565,-0.09853871911764145
66901,-7.271262168884277,27.592708587646484,118.4168930053711,0.6103515625,-158.14208984375,-17.4560546875,149.2713623046875,72.09245300292969,273.5337219238281,-0.7464699149131775,0.5601748824119568,-0.35914739966392517
67079,-7.7371673583984375,26.99518585205078,118.35364532470703,1.15966796875,-5.37109375,-0.18310546875,151.61724853515625,72.61399841308594,275.78070068359375,-0.9427592754364014,-0.1830105036497116,-0.27876898646354675
67508,-8.02277660369873,26.735027313232422,118.14874267578125,3.60107421875,-5.2490234375,-5.2490234375,155.5596923828125,73.18424987792969,279.39886474609375,-0.9684010744094849,-0.008685704320669174,-0.2492467314004898
67685,-8.09188461303711,26.452451705932617,118.06932067871094,4.69970703125,-31.67724609375,-3.60107421875,158.1142120361328,73.51575469970703,281.83929443359375,-0.9860595464706421,0.04836125671863556,-0.15920957922935486
67810,-8.942370414733887,22.575380325317383,117.53797149658203,16.66259765625,-144.83642578125,-119.0185546875,166.10194396972656,74.20556640625,289.5362548828125,-0.8749576807022095,-0.2173316329717636,-0.4326847493648529
68044,-6.827866077423096,28.43045425415039,117.50110626220703,62.68310546875,44.5556640625,66.22314453125,149.79696655273438,71.83467102050781,272.98785400390625,-0.5609489679336548,0.8177838325500488,-0.12870846688747406
68231,-7.337881565093994,26.81200408935547,117.64693450927734,1.15966796875,-16.845703125,-5.37109375,153.64556884765625,73.02426147460938,277.3149719238281,-0.9513683319091797,-0.13112910091876984,-0.2787531912326813
68466,-7.503355503082275,26.716480255126953,117.56120300292969,-5.06591796875,-1.77001953125,-3.173828125,155.25267028808594,73.25849151611328,278.7789001464844,-0.9660298228263855,-0.0396699421107769,-0.2553676664829254
68712,-7.7068610191345215,26.374021530151367,117.3868179321289,5.7373046875,-29.23583984375,-2.5634765625,159.86627197265625,73.79408264160156,283.078369140625,-0.9744122624397278,0.025850901380181313,-0.223276749253273
68952,-8.75759220123291,23.77103614807129,117.17564392089844,-121.64306640625,-283.203125,-62.3779296875,166.21627807617188,74.30350494384766,289.14971923828125,-0.8818665742874146,-0.1254250705242157,-0.4545106589794159
69252,-8.321054458618164,25.91815757751465,116.47433471679688,81.72607421875,243.71337890625,26.85546875,157.6299285888672,73.28755187988281,280.51171875,-0.9890288710594177,0.0673353523015976,-0.13148371875286102
69372,-6.726527214050293,27.881196975708008,117.12736511230469,-30.21240234375,-44.189453125,22.15576171875,150.47430419921875,72.15644073486328,273.503662109375,-0.7344875931739807,0.6328540444374084,-0.24499747157096863
69552,-7.634157180786133,26.451251983642578,116.60343170166016,7.01904296875,-5.37109375,-0.732421875,153.5731658935547,73.24542999267578,276.8382568359375,-0.9667168259620667,-0.10899084806442261,-0.2314724177122116
69673,-7.885249614715576,26.139362335205078,116.3882064819336,5.67626953125,-22.216796875,-4.5166015625,158.05345153808594,73.86786651611328,280.9830322265625,-0.9847558736801147,0.02764001488685608,-0.1717323362827301
69793,-8.24949836730957,24.17595863342285,116.38018035888672,-43.27392578125,-250.8544921875,-29.35791015625,163.92904663085938,74.45762634277344,286.43035888671875,-0.9838752150535583,-0.11253401637077332,-0.13901697099208832
69913,-8.864397048950195,23.21225357055664,115.57112884521484,-45.2880859375,114.92919921875,-34.97314453125,166.03927612304688,74.48960876464844,288.542236328125,-0.8005010485649109,-0.5871738791465759,-0.12010374665260315
70032,-8.776411056518555,25.362504959106445,115.56122589111328,37.2314453125,238.83056640625,42.1142578125,160.55984497070312,73.57144165039062,283.4222717285156,-0.9649388790130615,-0.002447649836540222,-0.26246336102485657
70212,-7.763166427612305,28.01721954345703,115.71492004394531,71.044921875,123.71826171875,14.70947265625,151.687744140625,71.78508758544922,274.2619934082031,-0.8393981456756592,0.510093092918396,-0.18765874207019806
70333,-7.306854724884033,28.153512954711914,116.22854614257812,-36.4990234375,-58.59375,27.9541015625,151.95848083496094,71.99762725830078,274.82025146484375,-0.7963539361953735,0.5522024035453796,-0.2467651665210724
70452,-7.5307183265686035,26.99772071838379,116.2819595336914,-40.34423828125,-60.48583984375,-16.90673828125,153.4315185546875,72.61611938476562,276.59552001953125,-0.9663864374160767,-0.0761067345738411,-0.2455710619688034
70573,-7.749929904937744,26.816604614257812,116.17451477050781,-4.638671875,-4.57763671875,-4.5166015625,155.48611450195312,73.04769134521484,278.5087890625,-0.9726376533508301,-0.0919235572218895,-0.2133682668209076
70692,-7.917812347412109,26.688817977905273,116.03759002685547,3.90625,-3.96728515625,-4.5166015625,157.88934326171875,73.40982055664062,280.7294006347656,-0.9784838557243347,0.01331864669919014,-0.20589317381381989
70813,-7.966597080230713,26.414525985717773,115.98958587646484,4.45556640625,-31.8603515625,-2.62451171875,160.3770751953125,73.70549774169922,283.1126708984375,-0.9743057489395142,0.02505810745060444,-0.22383128106594086
70933,-8.44946002960205,25.117137908935547,115.81576538085938,-56.45751953125,-187.07275390625,-47.42431640625,164.71990966796875,74.14384460449219,287.13824462890625,-0.9805417060852051,-0.06347159296274185,-0.18576698005199432
71233,-9.370616912841797,23.28217124938965,114.89364624023438,23.4375,-58.28857421875,-156.92138671875,168.10061645507812,74.43482971191406,290.1350402832031,-0.6026681065559387,-0.7973762154579163,-0.03134135156869888
71412,-8.849853515625,25.70491600036621,115.111328125,60.302734375,220.27587890625,40.95458984375,161.32772827148438,73.78246307373047,284.0246887207031,-0.9703460335731506,0.17550496757030487,-0.1662122905254364
71592,-7.948490142822266,27.489299774169922,115.306884765625,78.18603515625,134.765625,64.27001953125,155.36981201171875,72.7089614868164,277.8669738769531,-0.8928284049034119,0.32584866881370544,-0.3109341263771057
71713,-7.360355377197266,27.064132690429688,115.96736907958984,-40.8935546875,-46.630859375,-15.380859375,154.42059326171875,73.06999969482422,277.2912292480469,-0.9649917483329773,-0.058141764253377914,-0.2557545304298401
71833,-7.560518264770508,26.92399024963379,115.87779235839844,0.244140625,-0.91552734375,-1.3427734375,156.54660034179688,73.38294982910156,279.2879638671875,-0.93183434009552,-0.18453240394592285,-0.3124620020389557
72133,-7.7376556396484375,26.80852699279785,115.74425506591797,2.0751953125,-1.89208984375,-4.7607421875,159.15838623046875,73.65817260742188,281.67413330078125,-0.9686140418052673,-0.007024689577519894,-0.24847006797790527
72252,-7.853277206420898,26.32965850830078,115.6472396850586,-1.40380859375,-49.072265625,-7.75146484375,163.15557861328125,74.06318664550781,285.4487609863281,-0.982172429561615,0.0714513435959816,-0.1738736629486084
72373,-8.51551628112793,24.294248580932617,115.5555191040039,-89.599609375,-275.2685546875,-45.83740234375,167.80661010742188,74.39690399169922,289.7217712402344,-0.9188245534896851,-0.17879541218280792,-0.3518432080745697
72493,-8.487130165100098,27.42129135131836,115.09729766845703,38.63525390625,163.02490234375,41.07666015625,157.4869384765625,72.62097930908203,279.8684387207031,-0.941595196723938,0.18550026416778564,-0.281048446893692
72673,-7.535520553588867,28.455751419067383,115.81192016601562,52.79541015625,106.8115234375,111.328125,152.9942169189453,72.00469207763672,275.681396484375,-0.6517518758773804,0.7330560088157654,-0.19454659521579742
72793,-7.316869258880615,27.794038772583008,116.36347198486328,3.0517578125,-130.67626953125,17.578125,153.59649658203125,72.46300506591797,276.8846435546875,-0.9885320663452148,0.13275621831417084,0.07197393476963043
72913,-7.804653167724609,27.14495086669922,116.30250549316406,-28.25927734375,-36.4990234375,-14.70947265625,155.27743530273438,72.987548828125,278.61663818359375,-0.984255850315094,-0.04532907158136368,-0.17083820700645447
73093,-8.110520362854004,26.973609924316406,116.13619995117188,-0.9765625,0.9765625,-2.685546875,157.91224670410156,73.43962860107422,281.08221435546875,-0.9700828194618225,-0.07559241354465485,-0.23070567846298218
73273,-8.204374313354492,26.8984375,116.05899810791016,4.39453125,-2.9296875,-1.8310546875,159.68597412109375,73.6334228515625,282.74139404296875,-0.9813434481620789,-0.010064493864774704,-0.19199958443641663
73393,-8.258306503295898,26.636621475219727,116.01946258544922,4.150390625,-30.2734375,-2.50244140625,162.20701599121094,73.89698028564453,285.23602294921875,-0.9788510799407959,0.04446893557906151,-0.19968262314796448
73512,-9.702908515930176,23.601757049560547,115.49893951416016,3.72314453125,-83.43505859375,-101.6845703125,169.2944793701172,74.24662017822266,292.33837890625,-0.9025488495826721,-0.35369279980659485,-0.2455749809741974
73693,-9.87285327911377,25.745840072631836,115.80994415283203,22.39990234375,192.44384765625,79.345703125,164.27188110351562,73.21485900878906,288.39459228515625,-0.9260773658752441,0.09469646960496902,-0.36525779962539673
73813,-9.055347442626953,27.856260299682617,117.0196762084961,4.08935546875,51.81884765625,81.60400390625,156.3978729248047,71.76614379882812,281.23004150390625,-0.9309353828430176,0.18752717971801758,-0.31335747241973877
73992,-8.24704647064209,28.627119064331055,118.25312805175781,19.47021484375,16.17431640625,130.4931640625,153.4377899169922,71.42929077148438,278.9849548339844,-0.6970980763435364,0.6418360471725464,-0.3195321559906006
74173,-8.008443832397461,27.68134117126465,118.9325942993164,-8.11767578125,-48.15673828125,-1.953125,153.82913208007812,72.13311004638672,280.0130920410156,-0.9816132187843323,-0.12371804565191269,-0.1453593224287033
74292,-8.112479209899902,27.558069229125977,118.89730072021484,1.3427734375,2.86865234375,2.25830078125,154.3931884765625,72.43327331542969,280.53173828125,-0.9706037640571594,-0.15931926667690277,-0.1804039031267166
74413,-8.261590003967285,27.43995475769043,118.81243896484375,1.64794921875,-2.62451171875,-2.13623046875,155.2197723388672,72.70558166503906,281.2131652832031,-0.9645476937294006,-0.181596577167511,-0.19149541854858398
74593,-8.491581916809082,27.347942352294922,118.69770812988281,-3.0517578125,0.0,-1.46484375,157.16314697265625,72.91057586669922,283.01239013671875,-0.9710521101951599,-0.05734245106577873,-0.23188281059265137
74832,-8.536972045898438,27.1956729888916,118.6846694946289,7.2021484375,-15.2587890625,3.2958984375,159.51058959960938,73.17119598388672,285.492431640625,-0.9894869923591614,-0.11983076483011246,-0.08096931129693985
74941,-9.215147018432617,26.862140655517578,119.13536071777344,-64.14794921875,38.6962890625,26.3671875,161.05772399902344,73.2881088256836,288.0867004394531,-0.9764792919158936,-0.20949600636959076,0.05098612979054451
75129,-9.174246788024902,27.884897232055664,120.0221939086914,2.74658203125,41.44287109375,91.36962890625,157.54347229003906,72.30380249023438,285.22509765625,-0.7971351146697998,0.4355221390724182,-0.41820573806762695
75301,-8.813214302062988,27.32063102722168,120.26004791259766,7.6904296875,2.38037109375,0.91552734375,156.77645874023438,72.24906158447266,284.2632141113281,-0.9792787432670593,-0.12461382150650024,-0.1596391201019287
75426,-8.843381881713867,27.26180648803711,120.2340087890625,2.99072265625,2.74658203125,0.9765625,156.86273193359375,72.31710052490234,284.3081970214844,-0.9795105457305908,-0.1413206309080124,-0.1434836983680725
75551,-8.942298889160156,27.174232482910156,120.17791748046875,1.28173828125,3.5400390625,0.67138671875,157.12786865234375,72.42962646484375,284.5386962890625,-0.9828529953956604,-0.10464015603065491,-0.15182378888130188
75728,-9.05854606628418,27.056625366210938,120.11152648925781,1.40380859375,3.2958984375,0.6103515625,157.33868408203125,72.53845977783203,284.6960144042969,-0.9836898446083069,-0.10773290693759918,-0.1440420001745224
75837,-9.110687255859375,26.997522354125977,120.08466339111328,1.77001953125,2.8076171875,1.15966796875,157.48902893066406,72.58699035644531,284.80877685546875,-0.9814403057098389,-0.10384534299373627,-0.1612177938222885
76026,-9.164203643798828,26.932931900024414,120.05359649658203,1.64794921875,2.685546875,0.42724609375,157.67462158203125,72.63277435302734,284.9553527832031,-0.9814819693565369,-0.11155380308628082,-0.15572048723697662
76151,-9.24875545501709,26.83975601196289,120.00738525390625,1.28173828125,2.9296875,0.42724609375,157.95753479003906,72.6947021484375,285.1949157714844,-0.9824612140655518,-0.09889184683561325,-0.1580834686756134
76266,-9.337946891784668,26.748802185058594,119.95732116699219,1.03759765625,3.11279296875,0.1220703125,158.22653198242188,72.7467041015625,285.4165954589844,-0.982814610004425,-0.10760042816400528,-0.14999210834503174
76391,-9.424360275268555,26.652790069580078,119.90904235839844,1.15966796875,2.9296875,0.42724609375,158.50924682617188,72.79942321777344,285.6537780761719,-0.9839944839477539,-0.09801600873470306,-0.1488213837146759
76500,-9.506121635437012,26.559919357299805,119.86543273925781,1.220703125,2.9296875,0.54931640625,158.77467346191406,72.84940338134766,285.8705749511719,-0.9847805500030518,-0.0975671112537384,-0.14383357763290405
76753,-9.55410099029541,26.496437072753906,119.83771514892578,1.28173828125,3.23486328125,0.3662109375,158.92645263671875,72.8811264038086,285.988525390625,-0.9853800535202026,-0.09549412876367569,-0.14109256863594055
76868,-9.603775978088379,26.43128204345703,119.80899047851562,1.220703125,2.74658203125,0.30517578125,159.08006286621094,72.9133529663086,286.10845947265625,-0.9846388697624207,-0.10358280688524246,-0.14055946469306946
76993,-9.654952049255371,26.365449905395508,119.78060150146484,1.15966796875,2.74658203125,0.54931640625,159.24607849121094,72.95259094238281,286.2518615722656,-0.9834340810775757,-0.10506416112184525,-0.14771278202533722
77218,-9.774569511413574,26.20399284362793,119.7115249633789,1.46484375,2.9296875,0.48828125,159.6428985595703,73.04840850830078,286.5693054199219,-0.9854313731193542,-0.10038797557353973,-0.1372847557067871
77406,-9.820369720458984,26.137136459350586,119.68451690673828,1.40380859375,2.8076171875,0.3662109375,159.79556274414062,73.08789825439453,286.6932067871094,-0.9857205152511597,-0.09697578847408295,-0.13766241073608398
77593,-9.867340087890625,26.07218360900879,119.65872192382812,1.46484375,2.9296875,0.732421875,159.9518585205078,73.12825775146484,286.819091796875,-0.9853558540344238,-0.09985418617725372,-0.13821353018283844
77703,-9.97974681854248,25.906320571899414,119.59679412841797,1.15966796875,2.99072265625,0.30517578125,160.31568908691406,73.23402404785156,287.1072692871094,-0.9858711957931519,-0.10021547228097916,-0.13421928882598877
77890,-10.044682502746582,25.80601692199707,119.56044006347656,1.46484375,2.9296875,0.67138671875,160.53677368164062,73.2995834350586,287.28643798828125,-0.9851570129394531,-0.09733946621417999,-0.14138826727867126
78062,-10.13683032989502,25.674335479736328,119.50983428955078,1.28173828125,2.9296875,0.54931640625,160.8365478515625,73.38671875,287.53167724609375,-0.9862836599349976,-0.09430887550115585,-0.13546401262283325
78312,-10.17786979675293,25.60633087158203,119.48561096191406,1.52587890625,2.9296875,0.54931640625,160.98306274414062,73.42786407470703,287.6477355957031,-0.9853638410568237,-0.09996271133422852,-0.1380779892206192
78546,-10.241243362426758,25.506406784057617,119.44940948486328,1.3427734375,3.173828125,0.6103515625,161.22055053710938,73.48974609375,287.8392639160156,-0.9850006103515625,-0.10039521753787994,-0.14033739268779755
78659,-10.326192855834961,25.373870849609375,119.40237426757812,1.40380859375,2.8076171875,0.6103515625,161.51405334472656,73.57270050048828,288.07830810546875,-0.9854904413223267,-0.09623883664608002,-0.13980965316295624
78972,-10.413040161132812,25.24086570739746,119.35508728027344,1.3427734375,2.8076171875,0.6103515625,161.81248474121094,73.65021514892578,288.3199768066406,-0.9859330058097839,-0.09681987017393112,-0.1362428069114685
79088,-10.517230987548828,25.06889533996582,119.29924774169922,1.3427734375,2.74658203125,0.54931640625,162.20919799804688,73.74772644042969,288.64666748046875,-0.9853428602218628,-0.09767141938209534,-0.13985589146614075
79213,-10.558510780334473,25.000106811523438,119.27584838867188,1.3427734375,2.99072265625,0.6103515625,162.34881591796875,73.78540802001953,288.7549743652344,-0.9858527779579163,-0.09394215792417526,-0.13881362974643707
79510,-10.680415153503418,24.795799255371094,119.21068572998047,1.220703125,2.9296875,0.732421875,162.75677490234375,73.89653015136719,289.0709228515625,-0.9850228428840637,-0.10335845500230789,-0.1380111128091812
79682,-10.721307754516602,24.727895736694336,119.19026184082031,1.3427734375,2.9296875,0.732421875,162.87942504882812,73.93737030029297,289.1726379394531,-0.9846178889274597,-0.10490947961807251,-0.13971979916095734
79807,-10.761130332946777,24.660512924194336,119.16958618164062,1.15966796875,3.11279296875,0.67138671875,163.02975463867188,73.97504425048828,289.2924499511719,-0.9861326813697815,-0.10222034156322479,-0.13074137270450592
79979,-10.86833667755127,24.448707580566406,119.11003112792969,1.220703125,2.99072265625,0.48828125,163.5274658203125,74.08641815185547,289.6978759765625,-0.9863672852516174,-0.0989842489361763,-0.13145971298217773
80173,-10.915019989013672,24.342493057250977,119.08332824707031,1.28173828125,2.9296875,0.54931640625,163.77781677246094,74.14350891113281,289.9011535644531,-0.9855040907859802,-0.10417260974645615,-0.13390196859836578
80345,-10.985733032226562,24.20163345336914,119.04459381103516,1.28173828125,2.99072265625,0.6103515625,164.1036376953125,74.22483825683594,290.1684265136719,-0.9859107732772827,-0.09859107434749603,-0.13512848317623138
80470,-11.01801872253418,24.130382537841797,119.02666473388672,1.28173828125,2.99072265625,0.79345703125,164.26290893554688,74.26663970947266,290.2998962402344,-0.9858338832855225,-0.1015903651714325,-0.13345715403556824
80579,-11.0671968460083,24.02397918701172,118.99996185302734,1.220703125,2.9296875,0.54931640625,164.50828552246094,74.32758331298828,290.50140380859375,-0.9860376715660095,-0.09750178456306458,-0.13499325513839722
80772,-11.13364028930664,23.881303787231445,118.96177673339844,1.28173828125,2.99072265625,0.6103515625,164.8545379638672,74.40618133544922,290.7880859375,-0.9851154685020447,-0.1042075902223587,-0.13670501112937927
80953,-11.164366722106934,23.809083938598633,118.94377899169922,1.15966796875,2.86865234375,0.54931640625,165.03271484375,74.44609832763672,290.93902587890625,-0.9861699342727661,-0.09663865715265274,-0.13464666903018951
81253,-11.18757152557373,23.734067916870117,118.92816162109375,1.3427734375,2.86865234375,0.48828125,165.2097625732422,74.48583984375,291.0851135253906,-0.9861583113670349,-0.09892722219228745,-0.13306070864200592
81373,-11.243651390075684,23.591676712036133,118.89418029785156,1.220703125,2.86865234375,0.6103515625,165.54812622070312,74.56661224365234,291.36309814453125,-0.9862006902694702,-0.09732402116060257,-0.13392552733421326
81493,-11.267303466796875,23.479169845581055,118.87538146972656,1.46484375,2.74658203125,0.6103515625,165.80027770996094,74.62970733642578,291.57122802734375,-0.9860644936561584,-0.0974438339471817,-0.1348392516374588
81673,-11.321039199829102,23.255592346191406,118.83814239501953,1.52587890625,2.8076171875,0.67138671875,166.2704315185547,74.75239562988281,291.95513916015625,-0.9861158728599548,-0.09441661834716797,-0.13660530745983124
81793,-11.347533226013184,23.182706832885742,118.82247924804688,1.52587890625,2.9296875,0.732421875,166.40829467773438,74.79275512695312,292.0603332519531,-0.9867571592330933,-0.09055569022893906,-0.13457414507865906
81913,-11.418656349182129,23.1362361907959,118.78868103027344,1.46484375,2.99072265625,0.54931640625,166.55393981933594,74.83102416992188,292.17529296875,-0.9855562448501587,-0.09793306887149811,-0.1381598562002182
82033,-11.475567817687988,23.006738662719727,118.75611114501953,1.220703125,2.9296875,0.6103515625,166.87326049804688,74.90760803222656,292.4380798339844,-0.9864277839660645,-0.0926498994231224,-0.13555890321731567
82153,-11.485278129577637,22.96116065979004,118.74739837646484,1.3427734375,2.86865234375,0.6103515625,167.03216552734375,74.94508361816406,292.56744384765625,-0.9860695004463196,-0.09626030176877975,-0.1356504112482071
82273,-11.469053268432617,22.905315399169922,118.74844360351562,1.3427734375,3.11279296875,0.67138671875,167.1894073486328,74.98045349121094,292.69146728515625,-0.9864275455474854,-0.0946989580988884,-0.1341368854045868
82392,-11.552765846252441,22.869577407836914,118.7112808227539,1.15966796875,2.99072265625,0.67138671875,167.3522491455078,75.01800537109375,292.8270263671875,-0.9859556555747986,-0.09701459109783173,-0.13594019412994385
82693,-11.460701942443848,22.873008728027344,118.74034118652344,1.46484375,2.86865234375,0.79345703125,167.598876953125,75.07644653320312,293.0301208496094,-0.9859817624092102,-0.09701523184776306,-0.13574936985969543
82813,-11.558577537536621,22.939453125,118.69696807861328,1.40380859375,2.9296875,0.67138671875,167.7550048828125,75.11557006835938,293.1581726074219,-0.9863836765289307,-0.09455347061157227,-0.1345614790916443
82993,-11.45014762878418,22.9117431640625,118.73396301269531,1.46484375,3.0517578125,0.6103515625,167.92575073242188,75.15381622314453,293.2972106933594,-0.9867233633995056,-0.09473887830972672,-0.131914883852005
83113,-11.50544548034668,22.84604263305664,118.69499969482422,1.40380859375,3.0517578125,0.48828125,168.44117736816406,75.26913452148438,293.7199401855469,-0.9861891269683838,-0.09513965994119644,-0.13557101786136627
83233,-11.491890907287598,22.88175392150879,118.69538879394531,1.40380859375,2.8076171875,0.67138671875,168.61441040039062,75.31000518798828,293.864501953125,-0.9863262176513672,-0.09410687536001205,-0.1352936029434204
83353,-11.4484281539917,22.86451530456543,118.69955444335938,1.40380859375,3.0517578125,0.6103515625,168.96875,75.38653564453125,294.15716552734375,-0.9855057597160339,-0.09709003567695618,-0.1391105055809021
83473,-11.444673538208008,22.88616180419922,118.69305419921875,1.40380859375,2.99072265625,0.244140625,169.1449737548828,75.42658233642578,294.30224609375,-0.9868760704994202,-0.0940396711230278,-0.13127121329307556
83593,-11.476103782653809,22.991619110107422,118.6759033203125,1.220703125,3.0517578125,0.54931640625,169.32554626464844,75.4646987915039,294.4519958496094,-0.9862452745437622,-0.09454517066478729,-0.13557873666286469
83773,-11.511454582214355,22.937868118286133,118.6561508178711,1.3427734375,3.11279296875,0.6103515625,169.50225830078125,75.5031967163086,294.6012878417969,-0.9867011904716492,-0.09407997131347656,-0.1325508952140808
83893,-11.433720588684082,22.979015350341797,118.6784439086914,1.03759765625,2.86865234375,0.42724609375,169.78134155273438,75.56336975097656,294.841064453125,-0.987282931804657,-0.08876203000545502,-0.13188529014587402
84133,-11.404974937438965,22.91151237487793,118.68441009521484,1.220703125,2.99072265625,0.54931640625,169.9551544189453,75.60244750976562,294.984375,-0.9871593117713928,-0.08896680176258087,-0.13266979157924652
84253,-11.43681812286377,22.879661560058594,118.66313171386719,1.40380859375,2.9296875,0.54931640625,170.19549560546875,75.66239929199219,295.1815490722656,-0.9876044392585754,-0.08604038506746292,-0.1312805861234665
84613,-11.419602394104004,22.900421142578125,118.66116333007812,1.52587890625,2.99072265625,0.67138671875,170.4456787109375,75.72085571289062,295.3867492675781,-0.986964762210846,-0.08863373100757599,-0.1343298703432083
84729,-11.397538185119629,22.93552589416504,118.65973663330078,1.52587890625,2.99072265625,0.6103515625,170.74049377441406,75.7994613647461,295.6247253417969,-0.986772894859314,-0.08972840756177902,-0.13501189649105072
84901,-11.41124439239502,22.926584243774414,118.64984893798828,1.40380859375,2.86865234375,0.732421875,170.88417053222656,75.83910369873047,295.7413635253906,-0.9865814447402954,-0.08962386846542358,-0.1364727020263672
85026,-11.405263900756836,22.87527084350586,118.63436889648438,1.3427734375,2.9296875,0.6103515625,171.47555541992188,75.97076416015625,296.2325134277344,-0.986774206161499,-0.09301511198282242,-0.13275901973247528
85141,-11.330416679382324,22.88630485534668,118.65721130371094,1.220703125,3.11279296875,0.48828125,171.6524658203125,76.0066909790039,296.3789978027344,-0.9873337745666504,-0.0915464460849762,-0.1295808106660843
85391,-11.42424201965332,22.922122955322266,118.60889434814453,1.3427734375,2.8076171875,0.48828125,172.0317840576172,76.07884979248047,296.6982727050781,-0.9865189790725708,-0.08905074000358582,-0.13729655742645264
85500,-11.308274269104004,22.90304183959961,118.64762115478516,1.28173828125,3.0517578125,0.42724609375,172.21127319335938,76.11598205566406,296.8450927734375,-0.987004280090332,-0.09178082644939423,-0.13190490007400513
85625,-11.366588592529297,22.882930755615234,118.61875915527344,1.28173828125,2.86865234375,0.30517578125,172.3812255859375,76.15380859375,296.98358154296875,-0.9872706532478333,-0.08905359357595444,-0.13178011775016785
85803,-11.33868408203125,22.922691345214844,118.61412811279297,1.708984375,2.86865234375,0.54931640625,172.7920379638672,76.25011444091797,297.3150939941406,-0.9857016205787659,-0.10243542492389679,-0.1337883174419403
85928,-11.326264381408691,22.953672409057617,118.61243438720703,1.220703125,2.9296875,0.42724609375,172.97903442382812,76.29335021972656,297.4740295410156,-0.9898467063903809,-0.0712689608335495,-0.12298095226287842
86100,-11.373358726501465,22.94718360900879,118.59111785888672,1.64794921875,3.35693359375,0.91552734375,173.07891845703125,76.33907318115234,297.5469055175781,-0.9861963391304016,-0.10345135629177094,-0.12928429245948792
86288,-11.444717407226562,22.929033279418945,118.5562973022461,1.28173828125,3.2958984375,0.79345703125,173.525634765625,76.43282318115234,297.9483337402344,-0.9850842356681824,-0.09572543203830719,-0.14298836886882782
86413,-11.367974281311035,22.917173385620117,118.58179473876953,1.3427734375,2.86865234375,0.732421875,173.74398803710938,76.47281646728516,298.14251708984375,-0.9859327673912048,-0.09213089942932129,-0.1394575983285904
86528,-11.276500701904297,22.89952278137207,118.60798645019531,1.3427734375,2.99072265625,0.42724609375,174.05099487304688,76.52900695800781,298.4056396484375,-0.9865525364875793,-0.08729176223278046,-0.13818201422691345
86773,-11.296451568603516,22.8688907623291,118.58967590332031,1.708984375,2.62451171875,0.54931640625,174.4276580810547,76.60883331298828,298.7189025878906,-0.9867820739746094,-0.09005676954984665,-0.1347249299287796
86893,-11.343926429748535,22.94058609008789,118.56473541259766,2.0751953125,2.685546875,0.48828125,174.61029052734375,76.64879608154297,298.86065673828125,-0.9856027364730835,-0.08281268179416656,-0.14740896224975586
87013,-11.321294784545898,23.008771896362305,118.56719207763672,1.46484375,2.86865234375,0.48828125,174.7662811279297,76.68081665039062,298.9850769042969,-0.9862222075462341,-0.08283262699842453,-0.1431940644979477
87133,-11.377975463867188,23.049076080322266,118.5279541015625,1.220703125,2.86865234375,0.244140625,175.1944580078125,76.76408386230469,299.3395690917969,-0.9867878556251526,-0.08295155316591263,-0.13917161524295807
87313,-11.384233474731445,23.048595428466797,118.51821899414062,1.15966796875,2.99072265625,0.3662109375,175.3687744140625,76.79946899414062,299.4853210449219,-0.9879734516143799,-0.08087686449289322,-0.13178595900535583
87553,-11.408712387084961,23.034099578857422,118.50316619873047,0.8544921875,3.41796875,0.54931640625,175.5570068359375,76.83302307128906,299.6480712890625,-0.9871916770935059,-0.0900932177901268,-0.13166548311710358
87733,-11.265410423278809,22.9705867767334,118.55224609375,1.15966796875,3.0517578125,0.6103515625,175.84864807128906,76.88656616210938,299.8971252441406,-0.9867896437644958,-0.09077649563550949,-0.13418613374233246
87853,-11.366631507873535,22.93960189819336,118.50577545166016,1.40380859375,3.0517578125,0.79345703125,176.12062072753906,76.94863891601562,300.1272277832031,-0.9874526262283325,-0.08453274518251419,-0.13338452577590942
88093,-11.34976577758789,23.055009841918945,118.50115966796875,1.3427734375,2.9296875,0.6103515625,176.61651611328125,77.04187774658203,300.5539245605469,-0.9873495101928711,-0.08600270748138428,-0.13320811092853546
88273,-11.387744903564453,23.036584854125977,118.47777557373047,1.5869140625,2.99072265625,0.6103515625,176.91769409179688,77.10328674316406,300.8096923828125,-0.9869091510772705,-0.08382131904363632,-0.13778354227542877
88453,-11.476542472839355,23.012964248657227,118.43704986572266,1.40380859375,3.173828125,0.48828125,177.15188598632812,77.13734436035156,301.0181579589844,-0.9850873947143555,-0.09046720713376999,-0.14635105431079865
88573,-11.28922176361084,23.051044464111328,118.49273681640625,0.79345703125,3.11279296875,0.06103515625,177.73680114746094,77.2192153930664,301.5396728515625,-0.9897036552429199,-0.07288002967834473,-0.12318766862154007
88753,-11.13930606842041,23.026945114135742,118.54485321044922,1.28173828125,3.11279296875,0.67138671875,178.04100036621094,77.28038024902344,301.8064880371094,-0.9869560599327087,-0.0823163390159607,-0.1383538395166397
88933,-10.98403263092041,23.085124969482422,118.59722900390625,2.685546875,3.11279296875,1.953125,178.31503295898438,77.3766098022461,302.00628662109375,-0.9916426539421082,-0.05371794104576111,-0.11730001121759415
89053,-11.063108444213867,23.081134796142578,118.57257080078125,1.77001953125,2.50244140625,1.953125,178.59628295898438,77.42373657226562,302.26385498046875,-0.9826744198799133,-0.09906089305877686,-0.15664604306221008
89233,-11.2182035446167,23.14928436279297,118.50355529785156,0.42724609375,2.01416015625,-0.42724609375,179.1895294189453,77.50566864013672,302.85089111328125,-0.9856384992599487,-0.0698966234922409,-0.1537245362997055
89353,-11.038895606994629,23.295846939086914,118.56578826904297,3.662109375,2.8076171875,1.8310546875,179.46975708007812,77.5986557006836,303.063232421875,-0.9870352745056152,-0.06226286292076111,-0.14793463051319122
89473,-11.137255668640137,23.308307647705078,118.5218734741211,1.28173828125,2.86865234375,0.42724609375,179.64186096191406,77.62469482421875,303.2044982910156,-0.9849295616149902,-0.07604985684156418,-0.15533842146396637
89594,-11.22118091583252,23.31434440612793,118.47907257080078,-0.42724609375,3.60107421875,-0.06103515625,-179.9976348876953,77.67727661132812,303.5687255859375,-0.9863796234130859,-0.0642271339893341,-0.15142689645290375
89773,-11.055328369140625,23.32147979736328,118.53685760498047,-0.30517578125,3.23486328125,-0.06103515625,-179.71710205078125,77.76516723632812,303.8453369140625,-0.9867888689041138,-0.061516303569078445,-0.14987826347351074
89893,-11.051963806152344,23.33332633972168,118.53643035888672,-0.1220703125,3.96728515625,0.42724609375,-179.55575561523438,77.83145904541016,304.01788330078125,-0.9853895902633667,-0.06954848021268845,-0.15546832978725433
90013,-11.00335693359375,23.295568466186523,118.55691528320312,0.732421875,3.662109375,1.28173828125,-179.37132263183594,77.90673828125,304.21295166015625,-0.9835364818572998,-0.0616505965590477,-0.1698683351278305
90133,-10.83318042755127,23.27890396118164,118.62309265136719,3.2958984375,4.57763671875,1.52587890625,-179.4916534423828,78.02342224121094,304.0719299316406,-0.980850100517273,-0.053553905338048935,-0.18725651502609253
90373,-10.688668251037598,23.274063110351562,118.66107940673828,5.37109375,2.50244140625,1.52587890625,-179.90806579589844,78.08058166503906,303.647216796875,-0.9347391128540039,-0.22229595482349396,-0.277213454246521
90494,-10.741599082946777,23.258298873901367,118.63312530517578,3.41796875,3.173828125,1.708984375,-179.9540252685547,78.06310272216797,303.6175842285156,-0.9618432521820068,-0.1643732637166977,-0.21872150897979736
90673,-10.849977493286133,23.23303985595703,118.58882904052734,-0.9765625,2.44140625,0.3662109375,-179.6936798095703,78.03927612304688,303.847900390625,-0.951768696308136,-0.19443070888519287,-0.2373461276292801
90853,-11.01931095123291,23.195920944213867,118.54714965820312,1.40380859375,3.7841796875,3.2958984375,-178.87161254882812,77.89214324951172,304.7481994628906,-0.9544904232025146,-0.20130591094493866,-0.22005440294742584
91033,-11.080357551574707,23.142318725585938,118.54228210449219,-1.0986328125,3.0517578125,1.77001953125,-178.706298828125,77.7552261352539,305.04461669921875,-0.9651786088943481,-0.19895179569721222,-0.16984853148460388
91214,-11.184316635131836,23.227052688598633,118.55752563476562,-3.35693359375,15.68603515625,7.50732421875,-179.1889190673828,77.4571762084961,304.7144470214844,-0.9662041664123535,-0.21934179961681366,-0.13542073965072632
91333,-11.486180305480957,24.229753494262695,121.18484497070312,-88.8671875,-30.1513671875,234.130859375,179.9988250732422,77.35807800292969,306.6165771484375,-0.8798407912254333,-0.1556050330400467,-0.4490736424922943
91453,-11.166595458984375,24.38144302368164,123.66484069824219,-31.982421875,-13.00048828125,142.7001953125,179.635009765625,77.86426544189453,308.3208312988281,-0.9522637128829956,-0.23360754549503326,-0.19652323424816132
91573,-9.85407543182373,24.520971298217773,125.60359191894531,20.32470703125,15.13671875,65.0634765625,175.74867248535156,78.62279510498047,305.4991760253906,-0.9849644899368286,-0.17068889737129211,0.02664860151708126
91753,-9.394357681274414,24.86439323425293,126.1512451171875,19.53125,32.5927734375,42.29736328125,173.58421325683594,78.80354309082031,303.5855407714844,-0.9943264126777649,-0.10244280844926834,0.028645146638154984
91873,-9.054308891296387,25.221866607666016,126.28966522216797,21.66748046875,22.88818359375,9.033203125,172.7057342529297,78.89173889160156,302.7308349609375,-0.9960926175117493,0.07417043298482895,-0.04794095456600189
91994,-8.850104331970215,24.74086570739746,126.32612609863281,36.7431640625,-90.88134765625,-35.888671875,173.5968017578125,78.99172973632812,303.6138916015625,-0.9319407939910889,-0.36014842987060547,0.042183633893728256
92173,-9.396604537963867,24.338335037231445,126.22920989990234,-17.4560546875,-4.21142578125,-3.35693359375,177.70864868164062,79.174072265625,307.6640930175781,-0.9478639960289001,-0.1967487633228302,-0.25068649649620056
92293,-9.647092819213867,24.138763427734375,126.16366577148438,-7.2021484375,-16.17431640625,-3.84521484375,179.5752716064453,79.13954162597656,309.46392822265625,-0.9530355334281921,-0.15722422301769257,-0.25885066390037537
92473,-9.78398609161377,24.04518699645996,126.0961685180664,0.30517578125,-3.0517578125,-2.13623046875,-178.57301330566406,79.07437896728516,311.26861572265625,-0.9563459157943726,-0.1242600753903389,-0.2645033001899719
92594,-9.941253662109375,23.875198364257812,125.93594360351562,4.150390625,-11.04736328125,-7.87353515625,-173.8675079345703,78.69709014892578,315.73748779296875,-0.9705385565757751,0.025146359577775,-0.23963001370429993
92712,-10.033638954162598,23.268938064575195,125.50171661376953,18.61572265625,-59.5703125,-72.265625,-170.18161010742188,78.60400390625,318.9484558105469,-0.9750743508338928,0.06695344299077988,-0.21153557300567627
92821,-10.725345611572266,22.95118522644043,124.54728698730469,9.46044921875,16.29638671875,-23.8037109375,-169.2777099609375,78.62920379638672,319.3001403808594,-0.9277288317680359,-0.2866959273815155,-0.2390076220035553
92946,-10.15351390838623,24.082406997680664,124.11247253417969,54.62646484375,94.8486328125,-32.3486328125,-177.72100830078125,79.01236724853516,310.3233337402344,-0.9971231818199158,0.05618033930659294,-0.05088422819972038
93134,-9.739354133605957,24.5419864654541,123.68516540527344,52.8564453125,36.865234375,-63.5986328125,176.4326934814453,79.09249877929688,303.78289794921875,-0.9483490586280823,0.3012922406196594,-0.0992821455001831
93311,-9.409332275390625,24.829837799072266,123.22685241699219,21.54541015625,19.71435546875,-18.5546875,174.4213104248047,79.12165069580078,301.44195556640625,-0.8808438181877136,0.47231823205947876,0.032090798020362854
93421,-9.941293716430664,24.441362380981445,123.22736358642578,-15.13671875,-43.64013671875,-34.3017578125,177.05966186523438,79.11839294433594,304.1863098144531,-0.8732267618179321,-0.2081332951784134,-0.44063088297843933
93608,-10.243888854980469,24.25815200805664,122.99253845214844,1.89208984375,2.50244140625,-0.8544921875,179.23992919921875,78.99083709716797,306.11322021484375,-0.9642320871353149,-0.09991181641817093,-0.24550777673721313
93733,-10.447282791137695,24.264938354492188,122.89359283447266,-3.96728515625,5.06591796875,-1.220703125,-178.8778533935547,78.78707885742188,307.843505859375,-0.9569076299667358,-0.1433657556772232,-0.25253525376319885
93843,-10.600282669067383,24.215356826782227,122.85994720458984,5.4931640625,0.54931640625,9.46044921875,-174.12718200683594,78.50081634521484,312.57196044921875,-0.9840686321258545,-0.03593786805868149,-0.17411896586418152
94083,-11.307473182678223,23.265262603759766,123.22756958007812,-99.2431640625,-27.40478515625,24.59716796875,-168.4113311767578,78.1185073852539,319.0051574707031,-0.970109760761261,-0.23516954481601715,-0.05985362082719803
94270,-11.643759727478027,23.634065628051758,124.2194595336914,-49.8046875,32.16552734375,174.01123046875,-171.1103057861328,77.53787994384766,317.57611083984375,-0.9378567934036255,-0.03750941529870033,-0.34498950839042664
94505,-11.567357063293457,24.41436004638672,126.12185668945312,-60.60791015625,29.35791015625,180.84716796875,-175.0845489501953,76.8234634399414,315.37677001953125,-0.8964284658432007,0.03477303683757782,-0.4418221414089203
94694,-10.863006591796875,25.121063232421875,131.65342712402344,6.16455078125,-80.13916015625,208.06884765625,179.25877380371094,75.91422271728516,314.14532470703125,-0.6741745471954346,0.4543369710445404,-0.5822941660881042
94994,-10.813865661621094,25.05494499206543,131.6696014404297,2.8076171875,3.90625,6.8359375,178.20848083496094,76.2346420288086,313.0957336425781,-0.9858207106590271,-0.028720373287796974,-0.16532625257968903
95353,-11.087913513183594,24.904983520507812,131.60223388671875,0.30517578125,4.150390625,2.99072265625,177.72418212890625,76.64435577392578,312.8910827636719,-0.9859555959701538,-0.011787684634327888,-0.16659125685691833
95593,-11.290792465209961,24.957406997680664,131.5558624267578,-9.765625,7.9345703125,2.99072265625,177.62339782714844,76.63358306884766,312.87860107421875,-0.9752323627471924,0.052500657737255096,-0.21486161649227142
95774,-11.08903980255127,25.04006004333496,131.79942321777344,-6.7138671875,-1.40380859375,7.9345703125,178.62628173828125,76.73538970947266,314.00885009765625,-0.9699529409408569,-0.04381141439080238,-0.23931527137756348
95954,-11.105121612548828,24.6766414642334,131.7655029296875,-3.7841796875,7.38525390625,-1.0986328125,178.51023864746094,76.65351867675781,313.7620849609375,-0.9778183102607727,0.08262408524751663,-0.1924697458744049
96074,-11.146452903747559,24.640792846679688,131.70895385742188,6.04248046875,-2.38037109375,0.79345703125,178.17955017089844,76.6085205078125,313.4096984863281,-0.9457027912139893,-0.06189568340778351,-0.319085031747818
96314,-11.490951538085938,24.557710647583008,131.62045288085938,-33.26416015625,0.0,-9.21630859375,176.6435546875,76.43592071533203,311.93963623046875,-0.9490947723388672,-0.004207291174679995,-0.3149625062942505
96434,-11.456104278564453,24.445959091186523,131.6683349609375,-11.29150390625,-2.62451171875,-2.38037109375,176.35177612304688,76.35527038574219,311.6362609863281,-0.9643514156341553,-0.03663183003664017,-0.2620773911476135
96613,-11.548572540283203,24.363670349121094,131.62611389160156,-11.962890625,-4.94384765625,-4.638671875,176.61524963378906,76.2948226928711,311.87249755859375,-0.9387999176979065,-0.08414000272750854,-0.33402857184410095
96785,-11.729254722595215,24.23163604736328,131.8950958251953,-9.94873046875,-1.46484375,25.45166015625,176.88156127929688,76.14665222167969,312.4361877441406,-0.9727250337600708,-0.18958814442157745,-0.1336497962474823
96972,-11.548990249633789,24.701717376708984,132.52395629882812,-6.40869140625,29.35791015625,41.015625,176.4327392578125,76.0776138305664,312.419921875,-0.969182550907135,-0.15549351274967194,-0.1910681575536728
97204,-11.406486511230469,24.39617156982422,132.7230682373047,18.9208984375,-12.87841796875,3.90625,176.39547729492188,75.85897827148438,312.2762451171875,-0.9268248081207275,-0.14868047833442688,-0.34480422735214233
97454,-11.339068412780762,24.2926082611084,132.716552734375,5.7373046875,3.23486328125,1.03759765625,176.8646697998047,75.84938049316406,312.5872802734375,-0.9581327438354492,-0.17823199927806854,-0.2240872085094452
97688,-11.451582908630371,24.19725227355957,132.666748046875,-0.30517578125,1.15966796875,0.30517578125,177.49844360351562,75.8126449584961,313.1898498535156,-0.9616125226020813,-0.1532641053199768,-0.2276211380958557
97860,-11.469836235046387,24.0397891998291,132.66612243652344,2.13623046875,1.953125,3.2958984375,178.17019653320312,75.74346923828125,313.71124267578125,-0.957114577293396,-0.1800817996263504,-0.22694101929664612
98107,-11.520283699035645,24.101648330688477,132.60520935058594,5.79833984375,3.84521484375,-0.54931640625,178.6933135986328,75.6917495727539,314.1530456542969,-0.955416202545166,-0.1607808619737625,-0.24764768779277802
98233,-11.519696235656738,23.954151153564453,132.61257934570312,1.89208984375,2.25830078125,0.30517578125,179.39166259765625,75.67994689941406,314.788818359375,-0.9620810747146606,-0.1424175649881363,-0.23263099789619446
98405,-11.56398868560791,23.87191390991211,132.65167236328125,-6.65283203125,0.0,1.64794921875,179.8975830078125,75.67025756835938,315.2730712890625,-0.9628103971481323,-0.17383746802806854,-0.20682506263256073
98593,-11.56750774383545,23.781179428100586,132.64263916015625,0.9765625,3.47900390625,0.3662109375,-179.2257080078125,75.67393493652344,316.0728454589844,-0.9445530772209167,-0.22764025628566742,-0.23664163053035736
98706,-11.622001647949219,23.80772590637207,132.61578369140625,-2.74658203125,3.5400390625,-1.52587890625,-178.91046142578125,75.68807220458984,316.3824462890625,-0.9680339097976685,-0.16851310431957245,-0.18577830493450165
98833,-11.474061012268066,23.83868980407715,132.66485595703125,1.8310546875,3.23486328125,0.732421875,-178.14111328125,75.67155456542969,317.0384826660156,-0.9596431851387024,-0.1848483383655548,-0.21193407475948334
99073,-11.399405479431152,23.867855072021484,132.68145751953125,1.03759765625,2.9296875,-0.1220703125,-177.59803771972656,75.66264343261719,317.5394287109375,-0.958399772644043,-0.18502753973007202,-0.21733583509922028
99183,-11.31698989868164,23.913928985595703,132.70114135742188,2.74658203125,3.173828125,0.0,-177.17349243164062,75.66080474853516,317.9102478027344,-0.9540285468101501,-0.2014073133468628,-0.22195670008659363
99480,-11.356170654296875,23.965496063232422,132.663818359375,2.9296875,2.9296875,0.244140625,-176.80218505859375,75.65479278564453,318.2450256347656,-0.9497209191322327,-0.1996259242296219,-0.24120467901229858
99782,-11.21855354309082,23.995838165283203,132.7012481689453,2.13623046875,3.662109375,0.732421875,-175.9014892578125,75.60147094726562,319.07781982421875,-0.9574218392372131,-0.17403341829776764,-0.23033834993839264
99907,-11.137794494628906,23.951379776000977,132.7264862060547,1.953125,3.60107421875,0.79345703125,-175.5449981689453,75.57707214355469,319.3890075683594,-0.9579988718032837,-0.17364850640296936,-0.22822034358978271
100033,-11.169984817504883,23.782546997070312,132.6819305419922,1.8310546875,3.35693359375,0.67138671875,-174.5214385986328,75.49331665039062,320.2591552734375,-0.9563794732093811,-0.17771939933300018,-0.2318495661020279
100267,-11.325584411621094,23.62052345275879,132.59524536132812,1.46484375,3.0517578125,0.6103515625,-173.4539794921875,75.42161560058594,321.20025634765625,-0.9567809104919434,-0.1746770292520523,-0.2325044423341751
100392,-11.390338897705078,23.568302154541016,132.56361389160156,1.40380859375,2.9296875,0.48828125,-173.11270141601562,75.39446258544922,321.5034484863281,-0.9572384357452393,-0.17384769022464752,-0.2312389612197876
100564,-11.458388328552246,23.515840530395508,132.5296630859375,1.64794921875,3.0517578125,0.67138671875,-172.78163146972656,75.36856079101562,321.7967529296875,-0.9570386409759521,-0.17477917671203613,-0.23136408627033234
100863,-11.624420166015625,23.389404296875,132.44729614257812,1.8310546875,2.8076171875,0.54931640625,-171.95144653320312,75.307861328125,322.52484130859375,-0.956464409828186,-0.1768263578414917,-0.23218172788619995
100988,-11.712494850158691,23.358379364013672,132.4051513671875,1.46484375,3.11279296875,0.48828125,-171.6219482421875,75.28125,322.81768798828125,-0.9560660719871521,-0.17734159529209137,-0.2334260195493698
101159,-11.839241027832031,23.297544479370117,132.3476104736328,1.15966796875,3.11279296875,0.54931640625,-171.1161651611328,75.23821258544922,323.2679748535156,-0.9570525884628296,-0.17492195963859558,-0.23119808733463287
101347,-12.0744047164917,23.17713165283203,132.23614501953125,1.40380859375,2.9296875,0.54931640625,-170.11624145507812,75.15775299072266,324.1495361328125,-0.9557661414146423,-0.1773167848587036,-0.23466992378234863
101462,-12.167659759521484,23.151615142822266,132.1937255859375,1.708984375,2.9296875,0.732421875,-169.78305053710938,75.12762451171875,324.4451904296875,-0.9555846452713013,-0.17721273005008698,-0.23548592627048492
101588,-12.235640525817871,23.064918518066406,132.155517578125,1.3427734375,2.8076171875,0.42724609375,-169.12474060058594,75.06684112548828,325.0257263183594,-0.9551836848258972,-0.17924611270427704,-0.23557378351688385
101760,-12.19210433959961,23.055580139160156,132.1649627685547,1.3427734375,2.74658203125,0.732421875,-168.61708068847656,75.01522827148438,325.48468017578125,-0.9582878351211548,-0.17002460360527039,-0.22973063588142395
101885,-12.216713905334473,23.015600204467773,132.14894104003906,1.89208984375,3.0517578125,0.8544921875,-168.3064422607422,74.99266052246094,325.75433349609375,-0.9549829959869385,-0.18155935406684875,-0.23461395502090454
102063,-12.242538452148438,23.006526947021484,132.13052368164062,1.28173828125,2.86865234375,0.67138671875,-167.81805419921875,74.95098876953125,326.18548583984375,-0.9562844634056091,-0.17683729529380798,-0.23291349411010742
102245,-12.397337913513184,22.99895477294922,132.06109619140625,1.15966796875,3.0517578125,0.67138671875,-167.3331756591797,74.90582275390625,326.6151123046875,-0.9559462666511536,-0.17881353199481964,-0.2327927201986313
102433,-12.34503173828125,22.99187469482422,132.0745086669922,1.40380859375,2.74658203125,0.42724609375,-167.00042724609375,74.8846435546875,326.9090270996094,-0.9588766098022461,-0.17155200242996216,-0.2261095941066742
102613,-12.424674034118652,23.023334503173828,132.0310821533203,1.15966796875,2.9296875,0.42724609375,-166.41241455078125,74.82730865478516,327.4177551269531,-0.9548599720001221,-0.1828785389661789,-0.23408931493759155
102793,-12.498895645141602,22.980438232421875,131.9916534423828,1.5869140625,2.8076171875,0.48828125,-165.92958068847656,74.78133392333984,327.8453063964844,-0.9553999304771423,-0.17928700149059296,-0.23466382920742035
102913,-12.532112121582031,22.96013641357422,131.96957397460938,1.28173828125,3.0517578125,0.54931640625,-165.4603271484375,74.74272918701172,328.2557067871094,-0.9564121961593628,-0.17755620181560516,-0.2318393886089325
103214,-12.492444038391113,22.95801544189453,131.9730224609375,1.46484375,3.11279296875,0.54931640625,-164.83547973632812,74.68405151367188,328.80279541015625,-0.956151008605957,-0.18155522644519806,-0.2298106849193573
103513,-12.61881160736084,22.992677688598633,131.91494750976562,1.220703125,3.5400390625,0.732421875,-164.36895751953125,74.64320373535156,329.2112731933594,-0.9562375545501709,-0.18150804936885834,-0.22948743402957916
103693,-12.563237190246582,22.97011947631836,131.92982482910156,1.46484375,2.74658203125,0.3662109375,-164.04397583007812,74.61424255371094,329.4973449707031,-0.9565432071685791,-0.17640334367752075,-0.23217880725860596
103933,-12.660085678100586,22.958457946777344,131.87295532226562,1.46484375,2.86865234375,0.6103515625,-163.12396240234375,74.52571868896484,330.3045654296875,-0.9558008909225464,-0.17818193137645721,-0.23387126624584198
104053,-12.659309387207031,22.94049072265625,131.85621643066406,1.3427734375,3.11279296875,0.732421875,-162.21963500976562,74.43602752685547,331.0927734375,-0.9555076956748962,-0.17945659160614014,-0.23409460484981537
104173,-12.596240997314453,22.914714813232422,131.87213134765625,1.5869140625,2.9296875,0.54931640625,-161.7798309326172,74.39617156982422,331.4768371582031,-0.9552953839302063,-0.18015852570533752,-0.23442170023918152
104293,-12.591126441955566,22.927631378173828,131.85958862304688,1.220703125,2.99072265625,0.6103515625,-161.05287170410156,74.33187103271484,332.107421875,-0.9572840332984924,-0.17780181765556335,-0.2280215620994568
104878,-12.571764945983887,22.94168472290039,131.86106872558594,1.3427734375,2.99072265625,0.54931640625,-160.7507781982422,74.30545043945312,332.3709411621094,-0.9572401642799377,-0.17640909552574158,-0.22928407788276672
105003,-12.62707805633545,22.897750854492188,131.83349609375,1.46484375,2.99072265625,0.54931640625,-160.45559692382812,74.27774810791016,332.6280822753906,-0.9563698172569275,-0.1779015064239502,-0.2317495495080948
105363,-12.606714248657227,22.88174819946289,131.8349151611328,1.52587890625,2.86865234375,0.6103515625,-160.16224670410156,74.2501449584961,332.8840637207031,-0.9563227295875549,-0.17852632701396942,-0.23146285116672516
105613,-12.66627025604248,22.917591094970703,131.77676391601562,1.28173828125,2.86865234375,0.54931640625,-158.43934631347656,74.08869171142578,334.3754577636719,-0.9556059837341309,-0.17968454957008362,-0.23351813852787018
105847,-12.546940803527832,22.902429580688477,131.81814575195312,1.220703125,2.86865234375,0.6103515625,-158.15682983398438,74.06137084960938,334.6189270019531,-0.9563830494880676,-0.1792919784784317,-0.2306205779314041
105972,-12.568028450012207,22.917390823364258,131.7900848388672,1.46484375,2.99072265625,0.732421875,-157.16868591308594,73.96665954589844,335.4689636230469,-0.9564306735992432,-0.17784324288368225,-0.23154304921627045
106081,-12.605039596557617,22.919742584228516,131.76405334472656,1.46484375,2.9296875,0.54931640625,-156.60789489746094,73.91140747070312,335.9515686035156,-0.9558435678482056,-0.17906399071216583,-0.23302194476127625
106269,-12.612372398376465,22.895681381225586,131.74560546875,1.3427734375,3.11279296875,0.6103515625,-155.91542053222656,73.84491729736328,336.5458068847656,-0.9558929204940796,-0.17969352006912231,-0.23233342170715332
106378,-12.650568962097168,22.846431732177734,131.72427368164062,1.52587890625,2.86865234375,0.6103515625,-155.64016723632812,73.81575775146484,336.7823791503906,-0.9554675817489624,-0.17965136468410492,-0.2341093122959137
106503,-12.644014358520508,22.88123321533203,131.72119140625,1.46484375,2.99072265625,0.54931640625,-155.3710174560547,73.78913116455078,337.0126647949219,-0.9551505446434021,-0.18200750648975372,-0.2335822880268097
106693,-12.520454406738281,22.88806915283203,131.7576904296875,1.28173828125,2.99072265625,0.54931640625,-154.81753540039062,73.7380142211914,337.4869689941406,-0.9561740756034851,-0.1800672858953476,-0.23088309168815613
106813,-12.623359680175781,22.904932022094727,131.71055603027344,1.46484375,2.86865234375,0.48828125,-154.54183959960938,73.71209716796875,337.72216796875,-0.9554030299186707,-0.18058718740940094,-0.23365186154842377
106933,-12.573593139648438,22.911672592163086,131.7241973876953,1.3427734375,2.99072265625,0.6103515625,-154.27239990234375,73.68363189697266,337.9527587890625,-0.9554135203361511,-0.17975255846977234,-0.23425200581550598
107053,-12.688584327697754,22.916236877441406,131.66709899902344,1.40380859375,3.173828125,0.6103515625,-153.7313232421875,73.63005828857422,338.4137878417969,-0.95505291223526,-0.17948345839977264,-0.23592329025268555
107173,-12.665986061096191,22.90169334411621,131.6688995361328,1.46484375,3.173828125,0.54931640625,-153.46307373046875,73.60812377929688,338.642822265625,-0.9559777975082397,-0.17838706076145172,-0.23299045860767365
107354,-12.610638618469238,22.9051570892334,131.6835479736328,1.40380859375,2.9296875,0.54931640625,-153.1944580078125,73.58189392089844,338.8719177246094,-0.9554706811904907,-0.18099118769168854,-0.23306205868721008
107654,-12.612133979797363,22.906639099121094,131.67335510253906,1.40380859375,2.99072265625,0.42724609375,-152.7989044189453,73.54337310791016,339.2082214355469,-0.95545494556427,-0.180409774184227,-0.23357689380645752
107834,-12.59627628326416,22.90426254272461,131.67401123046875,1.3427734375,2.86865234375,0.54931640625,-152.53030395507812,73.51875305175781,339.435302734375,-0.9562718272209167,-0.1789277046918869,-0.23136378824710846
108074,-12.627008438110352,22.93697166442871,131.6527099609375,1.5869140625,2.9296875,0.6103515625,-152.1329803466797,73.47785949707031,339.773681640625,-0.9552068114280701,-0.18068571388721466,-0.23437723517417908
108254,-12.702881813049316,22.92374038696289,131.60560607910156,1.28173828125,3.11279296875,0.6103515625,-151.3445587158203,73.40046691894531,340.4457702636719,-0.9546913504600525,-0.1806560605764389,-0.23649084568023682
108433,-12.728745460510254,22.921791076660156,131.58668518066406,1.5869140625,2.9296875,0.732421875,-150.9510955810547,73.35979461669922,340.77996826171875,-0.9549247622489929,-0.18091043829917908,-0.2353510856628418
108659,-12.707071304321289,22.952133178710938,131.57940673828125,1.3427734375,2.8076171875,0.42724609375,-150.30345153808594,73.29817962646484,341.3308410644531,-0.9554941058158875,-0.17917753756046295,-0.23436422646045685
108784,-12.756418228149414,22.927690505981445,131.5516357421875,1.28173828125,2.9296875,0.6103515625,-149.91612243652344,73.25926971435547,341.658447265625,-0.9554958939552307,-0.17936459183692932,-0.23421359062194824
109081,-12.792936325073242,22.897663116455078,131.52529907226562,1.03759765625,2.685546875,0.3662109375,-149.38262939453125,73.2066421508789,342.1142578125,-0.9553591012954712,-0.17411476373672485,-0.23869028687477112
109206,-12.634108543395996,23.004459381103516,131.5811767578125,2.62451171875,2.50244140625,2.44140625,-148.9739532470703,73.17781066894531,342.4561462402344,-0.9546103477478027,-0.15624918043613434,-0.25358474254608154
109440,-12.784354209899902,23.187625885009766,131.5155487060547,-12.39013671875,15.7470703125,-7.4462890625,-149.49734497070312,73.15660095214844,341.9795837402344,-0.960716962814331,-0.06749874353408813,-0.26919686794281006
109628,-12.72248363494873,23.24378204345703,131.9368133544922,-13.73291015625,11.1083984375,9.033203125,-148.3445587158203,73.07275390625,343.5182189941406,-0.9649501442909241,-0.1416373997926712,-0.22093012928962708
109753,-12.702272415161133,23.20769500732422,132.0972442626953,3.96728515625,-5.615234375,21.3623046875,-148.6745147705078,72.95690155029297,343.3814697265625,-0.955715537071228,-0.08454318344593048,-0.28188687562942505
109925,-11.890381813049316,23.605981826782227,132.14010620117188,49.74365234375,19.59228515625,-4.94384765625,-149.02642822265625,73.00287628173828,342.9906921386719,-0.9222703576087952,-0.11831607669591904,-0.3679927587509155
110103,-11.929874420166016,23.624670028686523,132.00982666015625,1.708984375,11.474609375,0.3662109375,-148.6498260498047,72.87496948242188,343.3546447753906,-0.9692286849021912,0.08329122513532639,-0.23164255917072296
110291,-12.027825355529785,23.671255111694336,131.929443359375,-8.11767578125,9.3994140625,-8.9111328125,-148.5700225830078,72.81946563720703,343.4032287597656,-0.9713537096977234,0.029460571706295013,-0.23580531775951385
110463,-12.587188720703125,23.509117126464844,131.7408447265625,-12.26806640625,7.6904296875,0.8544921875,-149.2566680908203,72.63408660888672,342.61663818359375,-0.9577909111976624,0.1745167225599289,-0.22843055427074432
110653,-13.067427635192871,23.61504364013672,131.8988800048828,-34.85107421875,14.16015625,19.59228515625,-150.66217041015625,72.47871398925781,341.5088806152344,-0.9916114211082458,0.003618167946115136,-0.12920360267162323
110773,-13.163270950317383,23.55678939819336,133.3491668701172,3.0517578125,-0.06103515625,103.21044921875,-152.4599609375,72.10332489013672,340.9985046386719,-0.8897536396980286,-0.3533349633216858,-0.28895145654678345
110893,-12.610136032104492,23.888458251953125,135.53977966308594,-20.99609375,-7.4462890625,136.962890625,-156.4265594482422,72.19744873046875,338.8732604980469,-0.8635443449020386,-0.13292689621448517,-0.48643767833709717
111014,-11.4595365524292,24.153121948242188,137.98863220214844,8.60595703125,-27.9541015625,166.1376953125,-160.38975524902344,72.6736831665039,336.70751953125,-0.9608554840087891,-0.020441344007849693,-0.27629509568214417
111194,-10.347663879394531,24.09073257446289,140.32757568359375,-10.19287109375,-40.8935546875,86.181640625,-162.20205688476562,73.0867691040039,336.59832763671875,-0.8337229490280151,0.4887649118900299,-0.2569334805011749
111313,-10.486346244812012,23.509328842163086,140.60870361328125,-56.0302734375,-27.9541015625,-27.4658203125,-160.1983184814453,73.20037841796875,338.93988037109375,-0.7348906993865967,-0.5615429282188416,-0.3802699148654938
111434,-11.051800727844238,23.29429817199707,140.5027313232422,-18.06640625,-5.67626953125,-1.3427734375,-159.0442352294922,73.27950286865234,340.265869140625,-0.9765720963478088,0.004978277254849672,-0.2151326984167099
111554,-11.304466247558594,23.25278663635254,140.38221740722656,-2.5634765625,0.79345703125,-3.173828125,-158.27590942382812,73.38460540771484,340.9496154785156,-0.9753971695899963,0.05657701939344406,-0.21307162940502167
111673,-11.426349639892578,23.209136962890625,140.3153076171875,5.37109375,-5.2490234375,-0.42724609375,-157.69760131835938,73.30944061279297,341.37921142578125,-0.9898480772972107,-0.008463254198431969,-0.14187704026699066
111794,-11.486621856689453,22.904998779296875,140.32350158691406,3.72314453125,-43.39599609375,-5.18798828125,-154.9653778076172,72.92981719970703,344.009765625,-0.9890800714492798,-0.14390243589878082,-0.03182244673371315
111974,-11.849005699157715,21.337074279785156,140.8031005859375,-83.43505859375,-170.10498046875,74.64599609375,-152.05426025390625,72.32344055175781,347.73858642578125,-0.7685528993606567,-0.5410958528518677,-0.34138229489326477
112214,-13.007673263549805,21.92384910583496,140.8256378173828,-30.6396484375,108.70361328125,81.4208984375,-154.82411193847656,71.92333984375,345.60601806640625,-0.9367913007736206,-0.18646030128002167,-0.29606515169143677
112334,-12.840353965759277,23.464284896850586,141.46237182617188,-8.056640625,137.87841796875,65.0634765625,-161.1758270263672,71.94349670410156,339.69781494140625,-0.9353633522987366,0.05581135302782059,-0.3492569625377655
112514,-11.474631309509277,24.005563735961914,143.1067657470703,41.68701171875,-53.955078125,-10.80322265625,-164.70135498046875,72.18588256835938,337.3023376464844,-0.48268836736679077,0.8464933633804321,-0.2246350646018982
112633,-11.969585418701172,23.411420822143555,142.84439086914062,6.103515625,4.21142578125,2.9296875,-162.953369140625,72.64647674560547,339.1423034667969,-0.9721024632453918,-0.11826122552156448,-0.20256149768829346
112754,-12.069572448730469,23.417165756225586,142.79248046875,2.3193359375,2.62451171875,-0.06103515625,-162.61492919921875,72.72760772705078,339.4317321777344,-0.9706980586051941,-0.11312737315893173,-0.21200817823410034
112874,-12.309530258178711,23.442962646484375,142.6739044189453,2.01416015625,1.3427734375,-0.67138671875,-161.8936309814453,72.74098205566406,340.0063781738281,-0.9790207743644714,-0.03257894143462181,-0.20113953948020935
113054,-12.424593925476074,23.433324813842773,142.6105499267578,0.6103515625,0.244140625,-1.5869140625,-161.52078247070312,72.65547180175781,340.30328369140625,-0.9849271178245544,-0.0013067420804873109,-0.1729651242494583
113234,-12.543469429016113,23.35272789001465,142.53887939453125,1.40380859375,-10.68115234375,-6.04248046875,-160.7189178466797,72.56393432617188,341.0654296875,-0.9645938873291016,-0.004070970695465803,-0.2637084424495697
113354,-12.806536674499512,23.158239364624023,142.4227294921875,-22.15576171875,-23.0712890625,-14.0380859375,-159.71768188476562,72.54198455810547,342.1523132324219,-0.9803614616394043,0.11073584109544754,-0.16318364441394806
113654,-13.200718879699707,23.512611389160156,141.6468505859375,10.80322265625,65.49072265625,28.38134765625,-161.70555114746094,72.68096923828125,339.7743835449219,-0.9902907013893127,0.033824410289525986,-0.13483430445194244
113774,-12.888216972351074,23.713966369628906,142.12347412109375,-24.96337890625,-83.49609375,24.35302734375,-164.22637939453125,72.81912231445312,337.2524719238281,-0.9801117777824402,-0.1390766203403473,-0.14155791699886322
113894,-12.724806785583496,23.433496475219727,142.1217803955078,10.25390625,-3.662109375,-1.708984375,-164.33306884765625,72.86738586425781,336.96881103515625,-0.9967525601387024,-0.05635881796479225,-0.057516083121299744
114074,-12.973021507263184,23.452898025512695,141.97975158691406,0.91552734375,3.2958984375,0.0,-164.38113403320312,73.08161163330078,336.8315734863281,-0.9887568950653076,-0.09600973129272461,-0.11463848501443863
114194,-13.081865310668945,23.5069637298584,141.93014526367188,0.8544921875,3.5400390625,0.244140625,-164.34620666503906,73.138427734375,336.84228515625,-0.9850471019744873,-0.10793231427669525,-0.13428649306297302
114434,-13.0822172164917,23.498035430908203,141.91587829589844,1.28173828125,2.86865234375,0.3662109375,-164.3588104248047,73.22830200195312,336.7955322265625,-0.9880853891372681,-0.0870501771569252,-0.12692323327064514
114554,-13.223026275634766,23.470535278320312,141.84963989257812,1.52587890625,3.23486328125,0.67138671875,-164.40390014648438,73.31668853759766,336.6994934082031,-0.9861584901809692,-0.10344655066728592,-0.1295778900384903
114660,-13.317901611328125,23.509628295898438,141.80435180664062,0.6103515625,3.662109375,0.30517578125,-164.40512084960938,73.36337280273438,336.6755676269531,-0.9864992499351501,-0.10179118067026138,-0.12828806042671204
114785,-13.217229843139648,23.429088592529297,141.8208465576172,1.28173828125,2.8076171875,0.1220703125,-164.3568878173828,73.4877700805664,336.6476135253906,-0.9871930480003357,-0.09420054405927658,-0.12874871492385864
114910,-13.101101875305176,23.47215461730957,141.8557586669922,1.5869140625,2.685546875,0.42724609375,-164.39634704589844,73.54035949707031,336.5627136230469,-0.9873053431510925,-0.09690019488334656,-0.1258506178855896
115025,-13.11104679107666,23.46984100341797,141.8432159423828,0.91552734375,3.0517578125,0.3662109375,-164.4188690185547,73.5849380493164,336.5045166015625,-0.9867132306098938,-0.10561663657426834,-0.12345890700817108
115260,-12.95968246459961,23.47980308532715,141.89248657226562,-0.54931640625,3.41796875,-0.42724609375,-164.38986206054688,73.6430892944336,336.5121154785156,-0.9882308840751648,-0.09363196790218353,-0.12096627056598663
115385,-12.84659194946289,23.49873924255371,141.9254913330078,0.48828125,3.23486328125,-0.42724609375,-164.3838653564453,73.69501495361328,336.49896240234375,-0.9899557828903198,-0.08587510883808136,-0.11230741441249847
115510,-12.722993850708008,23.50796890258789,141.96749877929688,0.91552734375,3.23486328125,0.3662109375,-164.3987274169922,73.75276947021484,336.45819091796875,-0.9888820648193359,-0.09596138447523117,-0.11359429359436035
115685,-12.42606258392334,23.47952651977539,142.06796264648438,1.52587890625,2.8076171875,0.67138671875,-164.4266357421875,73.89134979248047,336.357421875,-0.9888330698013306,-0.09468316286802292,-0.11508385092020035
115872,-12.340069770812988,23.4292049407959,142.09683227539062,1.52587890625,3.0517578125,0.67138671875,-164.42324829101562,73.94371032714844,336.32928466796875,-0.9884594082832336,-0.09691958874464035,-0.11642390489578247
115982,-12.270007133483887,23.3756160736084,142.11959838867188,1.220703125,3.0517578125,0.67138671875,-164.4387969970703,73.99974060058594,336.2903747558594,-0.988307774066925,-0.10032730549573898,-0.11481370776891708
116107,-12.024864196777344,23.429452896118164,142.20579528808594,1.5869140625,2.74658203125,0.67138671875,-164.44883728027344,74.11505126953125,336.2189025878906,-0.9886369109153748,-0.09806438535451889,-0.11393125355243683
116294,-12.050165176391602,23.385705947875977,142.18807983398438,0.91552734375,3.47900390625,0.732421875,-164.4580078125,74.19767761230469,336.165283203125,-0.9885104298591614,-0.10209403187036514,-0.11146266013383865
116404,-12.00885009765625,23.33679962158203,142.20010375976562,0.79345703125,3.23486328125,0.42724609375,-164.42959594726562,74.2459487915039,336.1761779785156,-0.9888802766799927,-0.09565168619155884,-0.11387106031179428
116535,-11.931794166564941,23.335866928100586,142.22296142578125,1.40380859375,3.23486328125,0.42724609375,-164.41297912597656,74.29960632324219,336.1587219238281,-0.9897108674049377,-0.09136343747377396,-0.11011384427547455
116654,-12.005598068237305,23.272960662841797,142.18165588378906,1.15966796875,3.11279296875,0.42724609375,-164.39378356933594,74.4027099609375,336.1111145019531,-0.9887323975563049,-0.10118991881608963,-0.11031261831521988
116834,-11.882136344909668,23.290807723999023,142.2251739501953,1.03759765625,3.11279296875,0.6103515625,-164.3900146484375,74.45167541503906,336.0919494628906,-0.9892434477806091,-0.09852878749370575,-0.1081179678440094
117015,-11.884180068969727,23.272279739379883,142.21946716308594,1.15966796875,2.99072265625,0.6103515625,-164.3836669921875,74.5013656616211,336.0736999511719,-0.9890022873878479,-0.09424764662981033,-0.11398224532604218
117134,-11.827474594116211,23.27729606628418,142.23390197753906,0.91552734375,3.2958984375,0.42724609375,-164.39175415039062,74.57574462890625,336.0331726074219,-0.988550066947937,-0.10561738908290863,-0.1077679693698883
117254,-11.64630126953125,23.307846069335938,142.2981719970703,0.42724609375,4.2724609375,0.48828125,-164.390380859375,74.65184020996094,335.99725341796875,-0.9893037676811218,-0.1007111668586731,-0.10552413016557693
117374,-11.576415061950684,23.242334365844727,142.31663513183594,1.64794921875,2.9296875,0.732421875,-164.40003967285156,74.73521423339844,335.9397888183594,-0.9889805912971497,-0.09947263449430466,-0.10964732617139816
117495,-11.590015411376953,23.193212509155273,142.30331420898438,1.3427734375,3.0517578125,0.6103515625,-164.42611694335938,74.80878448486328,335.8672790527344,-0.9890774488449097,-0.09936486929655075,-0.10886829346418381
117674,-11.499435424804688,23.15865135192871,142.33297729492188,0.9765625,3.96728515625,0.48828125,-164.442626953125,74.8568115234375,335.8250732421875,-0.9890691041946411,-0.10627944767475128,-0.10221019387245178
117794,-11.428929328918457,23.123863220214844,142.34994506835938,0.30517578125,4.33349609375,-0.3662109375,-164.3714599609375,74.89852905273438,335.8500671386719,-0.9888436794281006,-0.10449060052633286,-0.10616054385900497
117975,-11.315945625305176,23.057254791259766,142.3779296875,0.732421875,3.173828125,0.06103515625,-164.27064514160156,74.96125793457031,335.891357421875,-0.9895725846290588,-0.10100614279508591,-0.10268358141183853
118095,-11.155126571655273,23.02205467224121,142.42970275878906,0.91552734375,2.9296875,0.06103515625,-164.2169952392578,75.02848052978516,335.9001159667969,-0.9909035563468933,-0.09729833155870438,-0.09296861290931702
118275,-11.0628662109375,22.975311279296875,142.45835876464844,1.3427734375,2.99072265625,0.42724609375,-164.18264770507812,75.07532501220703,335.9040222167969,-0.9901268482208252,-0.1016557365655899,-0.09651315212249756
118453,-10.896586418151855,22.893611907958984,142.51153564453125,1.3427734375,3.11279296875,0.54931640625,-164.1080322265625,75.17109680175781,335.9285888671875,-0.9907764792442322,-0.09629551321268082,-0.09533615410327911
118629,-10.78168773651123,22.869491577148438,142.5487518310547,1.5869140625,2.74658203125,0.3662109375,-164.0782928466797,75.22381591796875,335.9242248535156,-0.9911246299743652,-0.09375988692045212,-0.09423886984586716
118744,-10.64940071105957,22.804880142211914,142.59158325195312,1.953125,2.9296875,0.732421875,-164.05613708496094,75.31150817871094,335.896240234375,-0.9912902116775513,-0.09372197836637497,-0.09252041578292847
118869,-10.679909706115723,22.979263305664062,142.56982421875,1.03759765625,2.0751953125,0.3662109375,-164.072265625,75.44483947753906,335.8697814941406,-0.9895116686820984,-0.10147911310195923,-0.10280328243970871
118994,-10.729456901550293,23.01933479309082,142.54495239257812,1.52587890625,2.62451171875,0.9765625,-164.03985595703125,75.53947448730469,335.8913269042969,-0.9880489110946655,-0.10899369418621063,-0.10899369418621063
119111,-10.605405807495117,23.024250030517578,142.58905029296875,1.0986328125,2.74658203125,0.48828125,-163.96937561035156,75.60308074951172,335.941162109375,-0.9908548593521118,-0.08905620127916336,-0.10136866569519043
119221,-10.629727363586426,23.09914779663086,142.5716094970703,2.44140625,2.86865234375,0.79345703125,-163.9785614013672,75.70480346679688,335.8807373046875,-0.989801824092865,-0.09756754338741302,-0.1037927120923996
119408,-10.72434139251709,23.09556007385254,142.52708435058594,1.89208984375,2.685546875,0.48828125,-164.00770568847656,75.76891326904297,335.81982421875,-0.9882304668426514,-0.10864546149969101,-0.10768717527389526
119533,-10.723979949951172,23.145627975463867,142.5182647705078,0.91552734375,2.8076171875,-0.30517578125,-163.96961975097656,75.82388305664062,335.84405517578125,-0.9887102842330933,-0.1041317880153656,-0.10774330049753189
119773,-10.710663795471191,23.23392677307129,142.5155792236328,1.0986328125,2.9296875,0.18310546875,-163.88099670410156,75.8851547241211,335.9122314453125,-0.9883890748023987,-0.10495104640722275,-0.10987437516450882
119945,-10.607738494873047,23.2297306060791,142.5435028076172,0.9765625,2.99072265625,0.48828125,-163.70156860351562,75.99217987060547,336.0546875,-0.9886345863342285,-0.09880350530147552,-0.11331227421760559
120059,-10.538193702697754,23.302953720092773,142.56619262695312,1.5869140625,2.86865234375,0.67138671875,-163.65301513671875,76.05316162109375,336.0785827636719,-0.9882846474647522,-0.09718671441078186,-0.11767861247062683
120247,-10.644126892089844,23.404132843017578,142.51345825195312,3.35693359375,1.953125,1.77001953125,-163.56625366210938,76.19293212890625,336.094482421875,-0.9879042506217957,-0.09232749789953232,-0.12458217144012451
120372,-10.68383502960205,23.404760360717773,142.49099731445312,3.41796875,2.44140625,1.46484375,-163.56301879882812,76.2731704711914,336.03387451171875,-0.98631352186203,-0.10658955574035645,-0.1257948875427246
120481,-10.784626960754395,23.4423885345459,142.44686889648438,1.64794921875,2.86865234375,0.8544921875,-163.5211181640625,76.32102966308594,336.0435485839844,-0.987675666809082,-0.1020454615354538,-0.11867420375347137
120674,-10.999491691589355,23.53281021118164,142.3511199951172,1.708984375,2.99072265625,0.732421875,-163.46240234375,76.40985870361328,336.0373840332031,-0.9882022738456726,-0.1019725427031517,-0.11427133530378342
120793,-11.100862503051758,23.558692932128906,142.30735778808594,1.8310546875,3.173828125,1.0986328125,-163.47381591796875,76.45263671875,335.9882507324219,-0.9874348044395447,-0.10450251400470734,-0.11854016780853271
120915,-11.138197898864746,23.537874221801758,142.28977966308594,0.42724609375,3.47900390625,0.54931640625,-163.41737365722656,76.4861831665039,336.0149841308594,-0.9882331490516663,-0.11045169085264206,-0.10580985993146896
121034,-11.038370132446289,23.58483123779297,142.35821533203125,-2.50244140625,10.25390625,7.01904296875,-163.62411499023438,76.62271881103516,335.9033508300781,-0.9848756194114685,-0.10625117272138596,-0.1368599534034729
121154,-11.123152732849121,23.771047592163086,142.1934814453125,-0.8544921875,9.33837890625,-34.85107421875,-163.87120056152344,76.64073181152344,335.53607177734375,-0.9562110900878906,0.2250746488571167,-0.18708735704421997
121273,-11.169265747070312,23.95734214782715,141.88430786132812,2.8076171875,15.2587890625,-28.3203125,-162.97201538085938,76.65291595458984,336.1830139160156,-0.9707829356193542,0.13580286502838135,-0.1978333443403244
121455,-11.119394302368164,23.978076934814453,141.21875,28.9306640625,1.89208984375,-69.51904296875,-161.75196838378906,76.6456527709961,336.7740173339844,-0.963758647441864,0.05904660373926163,-0.26015934348106384
121574,-11.41334056854248,23.700305938720703,139.7971649169922,32.65380859375,0.48828125,-82.09228515625,-160.0032958984375,76.71412658691406,337.32647705078125,-0.9733518362045288,-0.018060239031910896,-0.22860459983348846
121695,-11.413590431213379,23.521032333374023,139.12313842773438,29.78515625,4.57763671875,-54.8095703125,-159.12448120117188,76.89193725585938,337.6322021484375,-0.9889559745788574,-0.07999264448881149,-0.1247691661119461
121815,-11.066364288330078,23.384443283081055,139.07469177246094,31.005859375,-19.53125,9.1552734375,-159.99948120117188,77.11760711669922,336.5602722167969,-0.9703407883644104,0.22073276340961456,-0.098568394780159
122115,-10.992066383361816,23.65569496154785,139.12271118164062,1.8310546875,13.73291015625,3.35693359375,-162.25827026367188,77.27224731445312,334.1873474121094,-0.9870833158493042,0.04069261625409126,-0.15495379269123077
122235,-11.024301528930664,23.682165145874023,139.1162872314453,3.662109375,9.82666015625,3.11279296875,-163.95013427734375,77.50675201416016,332.6011962890625,-0.9823858141899109,-0.025117820128798485,-0.1851680874824524
122354,-11.084968566894531,23.654354095458984,139.08106994628906,5.615234375,3.7841796875,1.40380859375,-165.31240844726562,77.57806396484375,331.290283203125,-0.9754024744033813,-0.0371854305267334,-0.2172725647687912
122644,-11.261815071105957,23.505107879638672,138.9898223876953,1.46484375,2.0751953125,0.6103515625,-165.69326782226562,77.43521881103516,330.7351989746094,-0.9787799119949341,-0.07397615909576416,-0.19109512865543365
122832,-11.389756202697754,23.468990325927734,138.9395751953125,-3.11279296875,1.89208984375,-0.54931640625,-165.25613403320312,77.31034088134766,331.0990905761719,-0.9785212874412537,-0.07457989454269409,-0.19218209385871887
123066,-11.56466293334961,23.437528610229492,138.87486267089844,-7.01904296875,3.41796875,-1.64794921875,-165.36085510253906,77.23124694824219,330.91229248046875,-0.9898351430892944,-0.04257611185312271,-0.13569650053977966
123306,-11.613443374633789,23.200592041015625,138.82887268066406,5.0048828125,1.77001953125,1.46484375,-165.89572143554688,77.13323211669922,330.0518798828125,-0.9891657829284668,-0.11449342221021652,-0.09188187122344971
123494,-11.59918212890625,23.185029983520508,138.8099822998047,0.9765625,2.01416015625,-1.03759765625,-166.349853515625,77.17012786865234,329.4296569824219,-0.9913113713264465,-0.09359269589185715,-0.09242424368858337
123728,-11.796234130859375,23.55143165588379,137.9285430908203,17.15087890625,1.40380859375,-35.58349609375,-166.5979461669922,77.29708862304688,328.3753662109375,-0.9966951608657837,-0.06059906631708145,-0.05409754440188408
124025,-11.934638977050781,23.383075714111328,137.01136779785156,7.568359375,-3.5400390625,-23.74267578125,-165.60813903808594,77.18135833740234,328.5943298339844,-0.9843160510063171,-0.16292721033096313,-0.06765101104974747
124142,-11.824614524841309,23.088274002075195,136.68206787109375,41.80908203125,-21.1181640625,8.056640625,-164.95932006835938,77.15355682373047,328.9273376464844,-0.9481906890869141,-0.22958728671073914,-0.21960000693798065
124267,-11.516294479370117,22.993703842163086,136.75613403320312,10.498046875,1.220703125,4.45556640625,-164.69639587402344,77.39750671386719,328.98858642578125,-0.9873070120811462,-0.10624753683805466,-0.11805281788110733
124392,-11.620624542236328,22.96005630493164,136.71131896972656,5.79833984375,3.41796875,2.86865234375,-163.9222412109375,77.83997344970703,329.7249450683594,-0.966092050075531,-0.14272893965244293,-0.21516209840774536
124564,-11.637600898742676,22.97418212890625,136.6907958984375,9.46044921875,4.150390625,3.173828125,-163.76866149902344,77.92527770996094,329.84881591796875,-0.9577978253364563,-0.16522754728794098,-0.23520906269550323
124695,-11.681784629821777,22.993083953857422,136.66285705566406,5.0048828125,2.9296875,2.13623046875,-163.4928741455078,77.94554901123047,330.07232666015625,-0.9620100259780884,-0.1391834169626236,-0.2348720133304596
124935,-11.795507431030273,23.035737991333008,136.61459350585938,2.50244140625,4.45556640625,1.953125,-163.01043701171875,77.8646240234375,330.4341735839844,-0.9616371989250183,-0.1282980740070343,-0.2424737960100174
125115,-11.93337631225586,23.029396057128906,136.5608367919922,2.9296875,2.86865234375,1.64794921875,-162.7869873046875,77.72185516357422,330.49578857421875,-0.9582979083061218,-0.13604652881622314,-0.2513098418712616
125355,-12.006300926208496,23.018203735351562,136.52671813964844,4.0283203125,3.11279296875,1.8310546875,-162.79473876953125,77.6191635131836,330.37725830078125,-0.9573326706886292,-0.12442690134048462,-0.26082944869995117
125535,-12.158258438110352,23.063461303710938,136.48373413085938,4.33349609375,5.859375,5.126953125,-162.64344787597656,77.35177612304688,330.2623291015625,-0.9495400190353394,-0.16795401275157928,-0.2648874521255493
125775,-12.347185134887695,23.047889709472656,136.3985137939453,-3.47900390625,1.0986328125,-2.8076171875,-162.44956970214844,77.18665313720703,330.4346618652344,-0.9743837118148804,-0.12296667695045471,-0.18829642236232758
125955,-12.651124000549316,22.96811866760254,136.2616729736328,-0.79345703125,1.28173828125,-0.67138671875,-161.20654296875,76.92403411865234,331.64849853515625,-0.9783287644386292,-0.07232268899679184,-0.19401608407497406
126075,-12.82416820526123,22.964265823364258,136.1832733154297,0.9765625,3.84521484375,0.732421875,-160.97315979003906,76.85307312011719,331.8422546386719,-0.972395658493042,-0.1161780059337616,-0.20235924422740936
126315,-13.100773811340332,22.883779525756836,136.04660034179688,0.79345703125,2.3193359375,-0.18310546875,-160.05325317382812,76.75852966308594,332.6986389160156,-0.981207549571991,-0.08890776336193085,-0.17125186324119568
126435,-13.29525089263916,22.805622100830078,135.93739318847656,-7.2021484375,2.685546875,-7.4462890625,-159.33697509765625,76.7237777709961,333.7105712890625,-0.9629642367362976,-0.015602760948240757,-0.2691774070262909
126555,-13.62539005279541,22.82367515563965,135.62074279785156,-8.4228515625,14.7705078125,-9.70458984375,-159.0560302734375,76.66146850585938,333.9772033691406,-0.9454184174537659,-0.25994041562080383,-0.19650700688362122
126854,-13.294750213623047,23.015676498413086,136.290771484375,-1.89208984375,-7.6904296875,17.27294921875,-161.7270965576172,76.95231628417969,331.61370849609375,-0.9904615879058838,-0.12472856044769287,-0.05855383351445198
126975,-13.168285369873047,22.873828887939453,136.2935791015625,14.70947265625,-4.82177734375,0.06103515625,-161.52137756347656,76.94000244140625,331.67437744140625,-0.9870457053184509,-0.1120309829711914,-0.11484641581773758
127155,-13.194388389587402,22.847923278808594,136.28085327148438,3.47900390625,4.39453125,1.5869140625,-160.984130859375,76.90013122558594,332.146728515625,-0.9703968167304993,-0.14502371847629547,-0.1931268274784088
127274,-13.405982971191406,22.76316261291504,136.18292236328125,3.0517578125,0.42724609375,0.6103515625,-160.01356506347656,76.94884490966797,333.1085205078125,-0.9637743830680847,-0.09963472932577133,-0.24741028249263763
127395,-13.499678611755371,22.748414993286133,136.1411895751953,2.197265625,2.74658203125,0.8544921875,-160.12367248535156,76.89022827148438,332.9735107421875,-0.9442194700241089,-0.16927677392959595,-0.2824798822402954
127635,-13.659209251403809,22.74247169494629,136.06671142578125,1.03759765625,3.173828125,0.18310546875,-159.80242919921875,76.64215087890625,333.3814697265625,-0.9681093096733093,-0.08854149281978607,-0.2343605011701584
127755,-13.774747848510742,22.707462310791016,136.0160369873047,-0.3662109375,0.0,-0.9765625,-159.7618408203125,76.48779296875,333.3529357910156,-0.9732124209403992,-0.070942223072052,-0.21868866682052612
127875,-13.907110214233398,22.670146942138672,135.9586944580078,-1.5869140625,1.52587890625,-1.03759765625,-159.81463623046875,76.25924682617188,333.19451904296875,-0.9715558886528015,-0.06700385361909866,-0.22713369131088257
128114,-14.536683082580566,22.437461853027344,135.62002563476562,-34.48486328125,-10.55908203125,-34.5458984375,-157.73980712890625,75.99382019042969,335.36627197265625,-0.9738414883613586,-0.007150584366172552,-0.2271161824464798
128295,-14.592702865600586,22.514883041381836,135.9803924560547,-11.5966796875,20.08056640625,39.24560546875,-158.26158142089844,76.00902557373047,335.1549987792969,-0.9830378293991089,-0.13388268649578094,-0.12534783780574799
128414,-14.50026798248291,22.99605941772461,136.42230224609375,-1.15966796875,51.57470703125,85.02197265625,-161.12945556640625,76.11617279052734,332.78173828125,-0.9916990399360657,-0.08058470487594604,-0.10019552707672119
128534,-14.182287216186523,23.539560317993164,137.40057373046875,6.40869140625,27.16064453125,10.92529296875,-166.79547119140625,76.15991973876953,327.6625671386719,-0.9916035532951355,-0.12046625465154648,-0.04701413959264755
128775,-14.301782608032227,23.658283233642578,137.45074462890625,-12.63427734375,27.83203125,-5.43212890625,-167.7471466064453,76.14898681640625,326.69091796875,-0.9664861559867859,-0.24486835300922394,-0.07709693163633347
128947,-14.07779312133789,23.711463928222656,137.38084411621094,7.50732421875,9.46044921875,-0.79345703125,-167.95150756835938,76.19214630126953,326.3409118652344,-0.9751637578010559,-0.20538826286792755,-0.08289322257041931
129072,-14.07234001159668,23.865100860595703,137.41336059570312,-5.67626953125,25.146484375,12.451171875,-167.4059600830078,76.21871948242188,326.9661560058594,-0.9353886246681213,-0.34935614466667175,-0.054758016020059586
129188,-13.835225105285645,23.976802825927734,137.24501037597656,3.173828125,2.5634765625,-27.40478515625,-167.16259765625,76.28561401367188,327.0657043457031,-0.923793375492096,-0.37986326217651367,-0.04805998504161835
129375,-13.765629768371582,23.710617065429688,137.2268829345703,4.45556640625,5.06591796875,-5.615234375,-166.35794067382812,76.32682800292969,327.8091735839844,-0.9463479518890381,-0.3135981261730194,-0.0779859721660614
129485,-13.74927043914795,23.6419677734375,137.20545959472656,5.126953125,0.54931640625,-1.220703125,-166.07159423828125,76.346435546875,328.03790283203125,-0.9549201726913452,-0.2826679050922394,-0.09069880098104477
129729,-13.67382526397705,23.43675422668457,137.15939331054688,11.53564453125,-17.63916015625,-16.17431640625,-166.14166259765625,76.35951232910156,327.81146240234375,-0.9099798202514648,-0.39154839515686035,-0.1364791989326477
129900,-13.772151947021484,23.17655372619629,137.22845458984375,10.8642578125,0.30517578125,13.427734375,-165.40924072265625,76.34711456298828,328.4178771972656,-0.9327971339225769,-0.35823583602905273,-0.03945328667759895
130025,-13.892895698547363,23.088699340820312,137.25718688964844,-17.15087890625,-0.9765625,1.89208984375,-165.15475463867188,76.34671020507812,328.67364501953125,-0.9537192583084106,-0.29352647066116333,-0.06528183817863464
130322,-13.83171558380127,22.879989624023438,137.30117797851562,-9.3994140625,-5.4931640625,-6.591796875,-164.69439697265625,76.36054229736328,329.0646057128906,-0.938027560710907,-0.3330429196357727,-0.09584733843803406
130447,-13.988460540771484,22.722536087036133,137.33584594726562,-28.4423828125,6.40869140625,1.15966796875,-164.09942626953125,76.41046905517578,329.71124267578125,-0.9512560963630676,-0.3014642298221588,-0.06504912674427032
130572,-14.098798751831055,22.66194725036621,137.29566955566406,-0.79345703125,1.708984375,3.662109375,-163.86871337890625,76.4395980834961,329.92889404296875,-0.958730161190033,-0.27594268321990967,-0.0684981420636177
130755,-13.958884239196777,22.433507919311523,137.30369567871094,-11.04736328125,2.5634765625,-0.67138671875,-163.0270233154297,76.47737121582031,330.66021728515625,-0.9485981464385986,-0.31172165274620056,-0.05469221621751785
130935,-13.897453308105469,22.342960357666016,137.3568572998047,0.9765625,0.42724609375,3.0517578125,-162.71527099609375,76.4924087524414,330.9875793457031,-0.9598293304443359,-0.2751263380050659,-0.05507315695285797
131115,-13.8630952835083,22.26456642150879,137.3796844482422,0.54931640625,-0.3662109375,2.5634765625,-162.4337615966797,76.50849914550781,331.25933837890625,-0.9565407037734985,-0.2869146764278412,-0.052058253437280655
131295,-13.766094207763672,22.10663604736328,137.42245483398438,-0.42724609375,5.18798828125,1.8310546875,-161.8780059814453,76.54890441894531,331.77874755859375,-0.9578617215156555,-0.2845942974090576,-0.03881923854351044
131415,-13.744614601135254,22.055513381958008,137.4327850341797,-5.7373046875,8.36181640625,-1.77001953125,-161.42918395996094,76.57818603515625,332.20745849609375,-0.9610434174537659,-0.2717018127441406,-0.050730254501104355
131595,-13.622997283935547,21.88428497314453,137.47984313964844,1.953125,0.1220703125,1.953125,-160.92408752441406,76.62055969238281,332.6709289550781,-0.960048258304596,-0.2732914090156555,-0.060159992426633835
131775,-13.57512092590332,21.75818634033203,137.5179443359375,-1.28173828125,-0.48828125,3.84521484375,-160.5164794921875,76.64271545410156,333.08648681640625,-0.9580862522125244,-0.28447312116622925,-0.03384869918227196
131955,-13.49970531463623,21.693157196044922,137.54827880859375,1.5869140625,5.859375,-0.48828125,-160.2151641845703,76.65557098388672,333.3752746582031,-0.9687614440917969,-0.2445811927318573,-0.04100261256098747
132075,-13.441673278808594,21.55718231201172,137.50750732421875,-1.0986328125,4.7607421875,3.60107421875,-159.8793487548828,76.65591430664062,333.5760498046875,-0.9662351012229919,-0.25576460361480713,-0.031211143359541893
132195,-13.394614219665527,21.331512451171875,137.6659393310547,10.7421875,3.5400390625,6.2255859375,-159.85919189453125,76.65825653076172,333.6092224121094,-0.9670820236206055,-0.2542044222354889,-0.011512881144881248
132375,-13.200287818908691,21.23615074157715,137.60748291015625,4.08935546875,9.521484375,-15.2587890625,-159.60340881347656,76.63841247558594,333.6443786621094,-0.9425700306892395,-0.3320280611515045,-0.03631744533777237
132495,-13.232207298278809,21.224424362182617,137.52267456054688,-1.15966796875,8.85009765625,-1.5869140625,-159.21617126464844,76.63155364990234,333.9404602050781,-0.9475242495536804,-0.31866925954818726,-0.02545052580535412
132615,-13.081177711486816,21.21239471435547,137.5363311767578,14.6484375,11.53564453125,3.173828125,-158.8621826171875,76.63052368164062,334.2962951660156,-0.9597954750061035,-0.28010210394859314,-0.018317634239792824
132794,-13.061152458190918,20.957565307617188,137.6382598876953,-11.16943359375,-14.22119140625,2.0751953125,-158.59371948242188,76.64327239990234,334.5362243652344,-0.9635297060012817,-0.262855589389801,-0.0501740463078022
132915,-13.117206573486328,20.84649658203125,137.617919921875,0.48828125,2.01416015625,0.9765625,-158.44187927246094,76.67700958251953,334.65948486328125,-0.9525974988937378,-0.30170419812202454,-0.039147842675447464
133094,-12.869585037231445,20.785770416259766,137.6871795654297,14.892578125,0.3662109375,8.9111328125,-158.22377014160156,76.69699096679688,334.8955383300781,-0.949396550655365,-0.3126884996891022,-0.029533030465245247
133215,-13.021729469299316,20.59695053100586,137.7015838623047,-19.95849609375,-6.65283203125,-2.86865234375,-158.0317840576172,76.73102569580078,335.0327453613281,-0.9669029116630554,-0.254621297121048,0.01633242331445217
133395,-12.899679183959961,20.544286727905273,137.74122619628906,4.638671875,1.8310546875,1.52587890625,-157.85508728027344,76.76068878173828,335.1832275390625,-0.956885814666748,-0.2890356183052063,-0.02877223677933216
133575,-12.663342475891113,20.452014923095703,137.81082153320312,3.47900390625,1.8310546875,7.568359375,-157.27175903320312,76.79976654052734,335.8038330078125,-0.9573906064033508,-0.28779858350753784,-0.023983215913176537
133815,-12.7202730178833,20.362384796142578,137.78396606445312,3.41796875,2.86865234375,-0.06103515625,-157.12461853027344,76.8283920288086,335.9077453613281,-0.9573076963424683,-0.2889670729637146,-0.0077423169277608395
133935,-12.762004852294922,20.225980758666992,137.7450408935547,-1.77001953125,3.173828125,0.06103515625,-156.7014923095703,76.87218475341797,336.214111328125,-0.9499294757843018,-0.31128716468811035,-0.0270997304469347
134175,-12.713528633117676,20.201784133911133,137.7392120361328,0.732421875,0.91552734375,0.42724609375,-156.30841064453125,76.89216613769531,336.5660705566406,-0.9572421908378601,-0.288697749376297,-0.01846807822585106
134295,-12.795990943908691,20.01849937438965,137.7139892578125,0.6103515625,3.41796875,0.18310546875,-156.01771545410156,76.92959594726562,336.7515563964844,-0.9522161483764648,-0.30458012223243713,-0.022703107446432114
134415,-12.860640525817871,19.94894027709961,137.67152404785156,0.54931640625,4.33349609375,0.06103515625,-155.7034149169922,76.9428482055664,337.000244140625,-0.9483463168144226,-0.31635427474975586,-0.023645959794521332
134535,-12.875700950622559,19.786123275756836,137.66220092773438,0.54931640625,2.685546875,0.48828125,-155.1898651123047,76.9545669555664,337.46856689453125,-0.9518716335296631,-0.3057924807071686,-0.02076810784637928
134701,-12.982624053955078,19.683183670043945,137.6273651123047,3.23486328125,3.84521484375,1.46484375,-154.88894653320312,76.96991729736328,337.7139892578125,-0.9503191113471985,-0.311043918132782,-0.012055040337145329
134823,-13.032027244567871,19.60877227783203,137.61065673828125,1.40380859375,1.03759765625,0.67138671875,-154.6536102294922,76.97879791259766,337.9210510253906,-0.9496188163757324,-0.31268954277038574,-0.02119525335729122
135011,-13.185020446777344,19.524856567382812,137.57769775390625,-11.1083984375,-3.0517578125,-1.3427734375,-154.40101623535156,76.98330688476562,338.1365966796875,-0.9461992979049683,-0.3213982582092285,-0.03755044937133789
135135,-13.184969902038574,19.47365951538086,137.62220764160156,-0.3662109375,1.03759765625,-0.1220703125,-154.0686798095703,76.9918212890625,338.3748474121094,-0.9483382701873779,-0.31639206409454346,-0.02346305176615715
135308,-13.04758071899414,19.60439109802246,137.6676025390625,4.45556640625,2.62451171875,2.50244140625,-153.65516662597656,76.99455261230469,338.700439453125,-0.9511215090751648,-0.30851665139198303,-0.01361451018601656
135433,-13.000776290893555,19.772659301757812,137.74472045898438,-4.5166015625,3.2958984375,5.37109375,-153.19107055664062,76.98391723632812,339.1091613769531,-0.9529561996459961,-0.30157145857810974,-0.030481157824397087
135547,-12.866098403930664,19.723459243774414,137.7855682373047,2.50244140625,-4.638671875,-2.01416015625,-152.97903442382812,77.00051879882812,339.30145263671875,-0.9477040767669678,-0.3159809112548828,-0.0448673814535141
135735,-12.689753532409668,19.873598098754883,137.82589721679688,0.3662109375,1.3427734375,0.3662109375,-152.4969024658203,77.01557159423828,339.7383117675781,-0.9526688456535339,-0.3028660714626312,-0.026346594095230103
135841,-12.56767463684082,19.95798110961914,137.85968017578125,2.86865234375,2.25830078125,0.42724609375,-152.21852111816406,77.0231704711914,339.9754943847656,-0.9465529322624207,-0.3223576843738556,-0.011095212772488594
135966,-12.409357070922852,20.049184799194336,137.89987182617188,7.14111328125,0.54931640625,1.5869140625,-151.9261016845703,77.02692413330078,340.23760986328125,-0.9520955681800842,-0.30506575107574463,-0.021186774596571922
136091,-12.24160099029541,20.283994674682617,137.95132446289062,-0.42724609375,2.3193359375,0.244140625,-151.3931884765625,77.03764343261719,340.7404479980469,-0.9543641805648804,-0.2982836067676544,-0.014699072577059269
136215,-12.165648460388184,20.398897171020508,137.97537231445312,2.5634765625,1.46484375,0.9765625,-151.13153076171875,77.04652404785156,340.9770202636719,-0.953935980796814,-0.29724881052970886,-0.04061107337474823
136325,-12.1012601852417,20.529298782348633,137.9879150390625,1.46484375,3.35693359375,0.18310546875,-150.89874267578125,77.05670928955078,341.15234375,-0.954342782497406,-0.2982843816280365,-0.016007252037525177
136450,-12.048138618469238,20.66224479675293,138.0022735595703,2.685546875,2.197265625,1.15966796875,-150.65872192382812,77.0681381225586,341.3321228027344,-0.953518271446228,-0.3003188371658325,-0.024727921932935715
136575,-12.029777526855469,20.84596824645996,138.02609252929688,-1.3427734375,-0.6103515625,1.8310546875,-150.28973388671875,77.07450866699219,341.6804504394531,-0.9434794187545776,-0.3314303457736969,-0.0006928857183083892
136695,-12.038115501403809,20.857667922973633,138.2150421142578,-14.16015625,-13.12255859375,18.06640625,-150.11773681640625,77.044921875,342.0626220703125,-0.9468932151794434,-0.32146066427230835,-0.0074951970018446445
136815,-12.090876579284668,20.91834259033203,138.302734375,-0.18310546875,-0.244140625,0.0,-149.8333740234375,77.0431137084961,342.3267822265625,-0.962986409664154,-0.26599401235580444,-0.0436406247317791
136935,-11.847881317138672,21.18736457824707,138.31207275390625,10.1318359375,9.09423828125,0.244140625,-149.7377166748047,77.10098266601562,342.2313232421875,-0.9548957347869873,-0.29688364267349243,0.005851076915860176
137055,-11.794400215148926,21.350627899169922,138.29742431640625,6.2255859375,7.01904296875,2.13623046875,-149.65806579589844,77.11792755126953,342.2288513183594,-0.9469155073165894,-0.3200674057006836,-0.030132364481687546
137175,-11.820052146911621,21.51434326171875,138.253662109375,-1.28173828125,8.9111328125,-2.25830078125,-149.4483642578125,77.12744140625,342.351318359375,-0.9474282264709473,-0.31985774636268616,0.008408090099692345
137295,-11.766711235046387,21.601293563842773,138.2717742919922,2.9296875,0.244140625,3.23486328125,-149.201904296875,77.13802337646484,342.56072998046875,-0.9548208713531494,-0.2961001396179199,-0.025335412472486496
137535,-11.773099899291992,21.83928108215332,138.20843505859375,7.38525390625,11.23046875,-4.94384765625,-148.88426208496094,77.16876983642578,342.7016296386719,-0.9400713443756104,-0.3407818078994751,-0.011566072702407837
137655,-11.855457305908203,21.94356918334961,138.08229064941406,1.0986328125,2.99072265625,-15.625,-148.74351501464844,77.18441772460938,342.8162841796875,-0.9451195001602173,-0.3265783190727234,-0.009787799790501595
137776,-11.929352760314941,22.02821922302246,138.04010009765625,1.64794921875,0.06103515625,-0.8544921875,-148.48995971679688,77.18131256103516,343.0728454589844,-0.9393405914306641,-0.3418406546115875,-0.0280059315264225
137896,-12.026460647583008,22.28352928161621,137.9726104736328,-1.46484375,-1.46484375,-2.8076171875,-147.86087036132812,77.1965103149414,343.61126708984375,-0.946945309638977,-0.3207433223724365,-0.02045796811580658
138015,-12.141866683959961,22.382701873779297,137.92453002929688,-4.2724609375,2.99072265625,-1.220703125,-147.4496307373047,77.17861938476562,344.0165710449219,-0.9362483620643616,-0.3499557673931122,-0.031146064400672913
138136,-12.251775741577148,22.42491912841797,137.9349822998047,-18.49365234375,11.8408203125,4.150390625,-147.15109252929688,77.18811798095703,344.3143005371094,-0.9877059459686279,-0.14164823293685913,-0.0661272257566452
138255,-12.313369750976562,22.70743751525879,137.98191833496094,-16.05224609375,28.62548828125,11.5966796875,-146.80535888671875,77.19706726074219,344.70770263671875,-0.9457241892814636,-0.3243432641029358,0.0201824139803648
138375,-12.081700325012207,22.640186309814453,137.97885131835938,6.89697265625,-10.986328125,4.21142578125,-146.5039825439453,77.2022933959961,344.875,-0.9508432149887085,-0.3093031942844391,-0.015128960832953453
138495,-12.328288078308105,22.6820125579834,137.77516174316406,-9.46044921875,6.7138671875,-11.71875,-146.3863983154297,77.19520568847656,344.88653564453125,-0.9500685930252075,-0.3117566704750061,-0.013318718411028385
138613,-12.16295337677002,22.71553611755371,137.88455200195312,20.32470703125,1.5869140625,10.25390625,-146.12522888183594,77.19930267333984,345.18707275390625,-0.9542445540428162,-0.28365764021873474,-0.09463480114936829
138785,-12.047940254211426,22.784317016601562,137.94033813476562,-2.5634765625,8.23974609375,-0.3662109375,-145.93917846679688,77.24004364013672,345.3450927734375,-0.9507694840431213,-0.3095993101596832,0.013629418797791004
138910,-11.809867858886719,22.611743927001953,138.0086212158203,11.3525390625,-14.6484375,-2.3193359375,-145.55979919433594,77.25936889648438,345.6654357910156,-0.956161379814148,-0.2915883958339691,-0.02705082669854164
139034,-11.557618141174316,22.582284927368164,138.10006713867188,14.5263671875,-1.40380859375,7.26318359375,-145.32937622070312,77.25387573242188,345.7748718261719,-0.9562681913375854,-0.29245153069496155,-0.004829042591154575
139214,-11.628607749938965,22.686439514160156,138.08737182617188,1.46484375,5.4931640625,2.197265625,-144.9422149658203,77.22196197509766,346.07098388671875,-0.9476960301399231,-0.31869006156921387,-0.017573952674865723
139323,-11.718253135681152,22.671112060546875,138.05706787109375,-1.40380859375,4.82177734375,0.91552734375,-144.62535095214844,77.18492889404297,346.3312072753906,-0.9411779046058655,-0.33569467067718506,-0.038642819970846176
139448,-11.874724388122559,22.684274673461914,138.02284240722656,-9.521484375,13.97705078125,1.3427734375,-144.1067657470703,77.15650939941406,346.9434814453125,-0.9457839727401733,-0.3228921592235565,0.03511781990528107
139573,-11.908931732177734,22.692636489868164,138.04104614257812,-5.9814453125,-4.5166015625,-0.06103515625,-143.74888610839844,77.15094757080078,347.2746887207031,-0.9672369956970215,-0.250916063785553,-0.038649965077638626
139750,-11.900599479675293,22.799760818481445,137.9501495361328,9.6435546875,16.17431640625,-8.23974609375,-143.40902709960938,77.2070083618164,347.43487548828125,-0.9572218060493469,-0.2893317639827728,-0.0036880283150821924
139875,-11.854609489440918,22.801788330078125,137.86468505859375,7.26318359375,7.87353515625,-7.9345703125,-143.3977813720703,77.24219512939453,347.3257141113281,-0.9377856850624084,-0.3470287322998047,0.011360710486769676
139985,-11.827295303344727,22.785554885864258,137.8380584716797,-3.0517578125,13.3056640625,-2.86865234375,-143.3358917236328,77.25133514404297,347.3310241699219,-0.9404093623161316,-0.33425596356391907,-0.06247556582093239
140163,-11.463080406188965,22.693437576293945,137.93666076660156,6.40869140625,-3.60107421875,-2.685546875,-142.96417236328125,77.30858612060547,347.5673522949219,-0.9680810570716858,-0.2504918873310089,0.00853257067501545
140288,-11.503692626953125,22.716598510742188,137.92254638671875,-1.28173828125,7.50732421875,0.91552734375,-142.74578857421875,77.30876922607422,347.7527160644531,-0.9305016398429871,-0.36555421352386475,-0.023168928921222687
140413,-11.491252899169922,22.68319320678711,137.91783142089844,4.8828125,-0.67138671875,1.28173828125,-142.45074462890625,77.30816650390625,348.0024719238281,-0.9491785168647766,-0.31404268741607666,-0.020912280306220055
140522,-11.526042938232422,22.639999389648438,137.8925018310547,-2.0751953125,5.43212890625,-1.0986328125,-141.9502410888672,77.29950714111328,348.4561462402344,-0.9321451187133789,-0.36208468675613403,-0.00023782245989423245
140655,-11.277113914489746,22.613740921020508,137.8810577392578,14.0380859375,1.0986328125,4.21142578125,-141.3906707763672,77.28235626220703,349.0264892578125,-0.9409021735191345,-0.33393386006355286,-0.05648988485336304
140775,-11.46712875366211,22.779951095581055,137.78318786621094,-24.90234375,21.30126953125,-9.58251953125,-140.91197204589844,77.22372436523438,349.417724609375,-0.9556175470352173,-0.28675803542137146,-0.06756523996591568
140955,-11.471217155456543,22.704084396362305,137.7261962890625,6.8359375,-9.033203125,-1.5869140625,-140.61767578125,77.20684051513672,349.5749816894531,-0.9369698762893677,-0.3380657732486725,-0.08831154555082321
141075,-11.656684875488281,22.481769561767578,137.75384521484375,-14.5263671875,-4.0283203125,4.7607421875,-140.22206115722656,77.17857360839844,350.1155090332031,-0.9473650455474854,-0.32014569640159607,-0.0024955677799880505
141196,-11.634576797485352,22.484619140625,137.9056854248047,3.0517578125,2.44140625,17.08984375,-139.8893585205078,77.15459442138672,350.58221435546875,-0.9365748763084412,-0.3498590886592865,-0.020642392337322235
141315,-11.681519508361816,22.643905639648438,138.53726196289062,2.197265625,3.41796875,54.5654296875,-139.49057006835938,77.13228607177734,351.6072692871094,-0.9344610571861267,-0.3548600971698761,-0.02927394025027752
141435,-11.497177124023438,22.65176773071289,139.01329040527344,-6.7138671875,1.40380859375,24.4140625,-139.2685546875,77.152587890625,352.1672668457031,-0.9672252535820007,-0.250806987285614,0.03963938355445862
141555,-11.476316452026367,22.65144920349121,139.05816650390625,5.43212890625,0.8544921875,2.3193359375,-138.99156188964844,77.20863342285156,352.462646484375,-0.9692882895469666,-0.2458558827638626,0.005919871386140585
141735,-11.557866096496582,22.64422607421875,139.04884338378906,1.220703125,2.01416015625,5.92041015625,-138.76124572753906,77.23239135742188,352.7102355957031,-0.9670082330703735,-0.2547358572483063,-0.0021689904388040304
141855,-11.41793441772461,22.634355545043945,139.1170196533203,2.9296875,3.173828125,2.13623046875,-138.56509399414062,77.261474609375,352.8757629394531,-0.9643433690071106,-0.2631007432937622,0.028634371235966682
141975,-11.434232711791992,22.53714370727539,139.11172485351562,2.25830078125,0.91552734375,0.48828125,-138.36598205566406,77.28874969482422,352.98974609375,-0.960731029510498,-0.27740854024887085,-0.006359278690069914
142096,-11.406898498535156,22.461889266967773,139.0607147216797,9.6435546875,5.4931640625,-0.48828125,-137.91299438476562,77.3219223022461,353.3106689453125,-0.9605194330215454,-0.2780640125274658,0.009108994156122208
142215,-11.349331855773926,22.44344139099121,139.04803466796875,0.48828125,6.04248046875,-1.953125,-137.68992614746094,77.33531951904297,353.4013366699219,-0.9565263390541077,-0.2909344434738159,-0.020361818373203278
142395,-11.481671333312988,22.45368194580078,138.7594451904297,-11.29150390625,6.89697265625,-28.99169921875,-137.51559448242188,77.35238647460938,353.3161315917969,-0.9633854031562805,-0.2675671875476837,0.017216119915246964
142515,-11.383172988891602,22.452600479125977,138.2288055419922,17.51708984375,27.64892578125,-61.03515625,-137.14889526367188,77.35929870605469,353.1394348144531,-0.9428565502166748,-0.3320424258708954,0.027737902477383614
142691,-11.26876163482666,22.460927963256836,138.136474609375,27.52685546875,3.5400390625,6.53076171875,-136.8813934326172,77.3398666381836,353.1880798339844,-0.9243664145469666,-0.3713136911392212,-0.08759494870901108
142863,-11.330700874328613,22.327909469604492,138.2008819580078,-13.0615234375,-6.77490234375,-0.1220703125,-136.59591674804688,77.32585144042969,353.45751953125,-0.9497496485710144,-0.31216222047805786,-0.023029349744319916
143113,-11.226696014404297,22.263961791992188,138.22947692871094,0.67138671875,2.8076171875,0.1220703125,-136.26605224609375,77.31391906738281,353.6697998046875,-0.9474976062774658,-0.3159525692462921,-0.04921753704547882
143223,-10.955023765563965,22.289958953857422,138.22415161132812,18.5546875,8.056640625,-6.2255859375,-135.9485321044922,77.32123565673828,353.7240905761719,-0.9509040713310242,-0.30924591422080994,-0.012186436913907528
143348,-10.987431526184082,22.273557662963867,137.89138793945312,1.8310546875,0.3662109375,3.60107421875,-135.65524291992188,77.2930679321289,353.7729797363281,-0.9486311674118042,-0.3075476586818695,-0.0742521584033966
143473,-10.858799934387207,22.171039581298828,137.93922424316406,0.1220703125,2.685546875,-0.06103515625,-135.1260223388672,77.24907684326172,354.1650390625,-0.9354965686798096,-0.35005295276641846,-0.048053476959466934
143582,-10.791172981262207,22.12856674194336,137.9658660888672,-1.220703125,1.0986328125,0.42724609375,-134.85195922851562,77.22335815429688,354.41229248046875,-0.9411090612411499,-0.3365817964076996,-0.03203826770186424
143707,-10.70604133605957,22.083194732666016,138.005126953125,1.0986328125,3.84521484375,0.8544921875,-134.59837341308594,77.20182800292969,354.6467590332031,-0.938533365726471,-0.34367823600769043,-0.03225689381361008
143828,-10.704458236694336,22.03830909729004,138.03543090820312,0.9765625,2.99072265625,1.28173828125,-134.2226104736328,77.1757583618164,355.01165771484375,-0.9272647500038147,-0.3740418553352356,-0.01651768945157528
143953,-10.673197746276855,21.944948196411133,138.0636749267578,-0.8544921875,0.42724609375,1.64794921875,-133.9543914794922,77.14395904541016,355.3240966796875,-0.9329879879951477,-0.35810938477516174,-0.03592991083860397
144063,-10.698473930358887,21.91262435913086,138.12554931640625,2.62451171875,1.0986328125,5.2490234375,-133.6282196044922,77.10711669921875,355.7081298828125,-0.9333251118659973,-0.35812243819236755,-0.025545906275510788
144195,-10.866303443908691,21.909061431884766,138.3516845703125,-27.34375,-1.89208984375,30.517578125,-133.20928955078125,77.03094482421875,356.4503479003906,-0.93929123878479,-0.29480183124542236,0.1755674183368683
144304,-10.873851776123047,22.017698287963867,139.84146118164062,-43.88427734375,-20.69091796875,131.591796875,-133.4542694091797,76.81077575683594,357.5000305175781,-0.9498053789138794,-0.2584351599216461,0.17629772424697876
144491,-10.690796852111816,21.91704559326172,140.93328857421875,-26.0009765625,-37.41455078125,80.26123046875,-133.79563903808594,76.65937805175781,357.95574951171875,-0.9648652076721191,-0.26188457012176514,-0.021251395344734192
144601,-10.710556030273438,21.886865615844727,141.37185668945312,-4.0283203125,-9.033203125,27.099609375,-133.8665008544922,76.62458801269531,358.1903381347656,-0.9885061383247375,-0.13887043297290802,-0.059754036366939545
144736,-10.68283748626709,22.2185115814209,141.3353271484375,3.7841796875,17.02880859375,-0.8544921875,-133.661376953125,76.74605560302734,358.3006591796875,-0.9753102660179138,-0.17314311861991882,0.13708142936229706
144855,-10.579994201660156,22.446496963500977,141.34474182128906,2.38037109375,1.708984375,3.23486328125,-133.505615234375,76.8496322631836,358.3804626464844,-0.9740614295005798,-0.1534065157175064,0.16634581983089447
144976,-10.57658863067627,22.560232162475586,141.41058349609375,-3.5400390625,1.77001953125,7.62939453125,-133.46095275878906,76.89556884765625,358.50299072265625,-0.9873257875442505,-0.15093114972114563,0.0490681529045105
145096,-10.611482620239258,22.719242095947266,141.36622619628906,-3.72314453125,6.8359375,-5.31005859375,-133.29330444335938,76.97000122070312,358.6224670410156,-0.9877223968505859,-0.11831580847501755,0.10200906544923782
145336,-10.499478340148926,22.925601959228516,141.37823486328125,4.57763671875,-0.732421875,5.126953125,-133.1835479736328,77.05401611328125,358.6965026855469,-0.9721631407737732,-0.14953649044036865,0.18038205802440643
145456,-10.418428421020508,23.005510330200195,141.48483276367188,0.18310546875,-3.0517578125,10.3759765625,-133.1194610595703,77.08716583251953,358.82513427734375,-0.9931025505065918,-0.10358665138483047,0.05492851510643959
145576,-10.463497161865234,23.18299102783203,141.42640686035156,-1.52587890625,12.39013671875,-5.4931640625,-132.98501586914062,77.1875,358.8533020019531,-0.9874809980392456,-0.14543166756629944,0.06108130142092705
145696,-10.484679222106934,23.517620086669922,140.9193878173828,12.75634765625,3.90625,-13.0615234375,-132.53094482421875,77.4556884765625,358.62127685546875,-0.9751805663108826,-0.21971769630908966,0.027332739904522896
145816,-10.475312232971191,23.607690811157227,140.6043243408203,21.91162109375,5.06591796875,-34.85107421875,-132.16677856445312,77.54601287841797,358.5859069824219,-0.9794257283210754,-0.19207797944545746,0.06189725175499916
145936,-10.345117568969727,23.851261138916016,140.16171264648438,22.705078125,33.0810546875,-35.5224609375,-131.7678680419922,77.67204284667969,358.4638671875,-0.973374605178833,-0.21492594480514526,0.07967809587717056
146056,-10.433416366577148,23.847179412841797,139.65443420410156,14.7705078125,6.53076171875,-26.0009765625,-131.4036407470703,77.78873443603516,358.336181640625,-0.9538394212722778,-0.29959729313850403,0.020777173340320587
146175,-10.48444652557373,23.92497444152832,139.57142639160156,-3.84521484375,0.30517578125,2.99072265625,-131.3001708984375,77.80812072753906,358.50146484375,-0.9385433197021484,-0.24809125065803528,0.2399735152721405
146296,-10.38966178894043,23.859970092773438,140.2314453125,-33.8134765625,-23.0712890625,78.61328125,-131.49378967285156,77.70172119140625,359.0186767578125,-0.9626699090003967,-0.2606162428855896,0.07311567664146423
146415,-10.358086585998535,23.85341453552246,140.83004760742188,-24.658203125,-8.1787109375,41.56494140625,-131.5913543701172,77.64732360839844,359.4164733886719,-0.9850742220878601,-0.17197121679782867,-0.007395263761281967
146536,-10.293066024780273,24.083820343017578,141.27659606933594,-16.05224609375,2.13623046875,33.14208984375,-131.679443359375,77.66634368896484,359.6824035644531,-0.9839227199554443,-0.16225923597812653,0.07461996376514435
146644,-10.309612274169922,24.22759246826172,141.30755615234375,-2.01416015625,6.77490234375,-5.2490234375,-131.50816345214844,77.72434997558594,359.796875,-0.9923912882804871,-0.1144542247056961,0.045384883880615234
146769,-10.249482154846191,24.389249801635742,141.01760864257812,23.3154296875,17.15087890625,-37.2314453125,-131.12371826171875,77.84083557128906,359.7256164550781,-0.9759972095489502,-0.1866031140089035,0.11228802055120468
146894,-10.410369873046875,24.514297485351562,140.2870330810547,20.20263671875,21.42333984375,-76.35498046875,-130.6083526611328,77.99608612060547,359.6910400390625,-0.9806081652641296,-0.18719373643398285,0.058019112795591354
147004,-10.467631340026855,24.606189727783203,139.58140563964844,7.568359375,0.6103515625,-4.2724609375,-130.27459716796875,78.16304016113281,359.5859375,-0.9233657717704773,-0.25730979442596436,0.28493374586105347
147129,-10.213168144226074,24.6396541595459,140.11622619628906,7.01904296875,-3.7841796875,47.4853515625,-130.39364624023438,78.10679626464844,359.80438232421875,-0.9581865668296814,-0.28091901540756226,-0.05443413555622101
147254,-10.23090934753418,24.66461944580078,140.39889526367188,-10.498046875,4.638671875,24.4140625,-130.46009826660156,78.10297393798828,359.96630859375,-0.9682668447494507,-0.20768126845359802,0.13902440667152405
147425,-9.890829086303711,24.60837745666504,141.30523681640625,-4.57763671875,-15.93017578125,47.30224609375,-130.73687744140625,78.06425476074219,0.19341018795967102,-0.9801764488220215,-0.17648003995418549,0.09005069732666016
147550,-9.795365333557129,24.58207893371582,141.6236114501953,-1.220703125,-7.50732421875,18.5546875,-130.7340545654297,78.07087707519531,0.3471713960170746,-0.9788745045661926,-0.17753012478351593,0.10142821818590164
147675,-9.762165069580078,24.623796463012695,141.6826934814453,-0.48828125,0.732421875,3.60107421875,-130.63165283203125,78.1131820678711,0.44877731800079346,-0.9810754656791687,-0.13577115535736084,0.138047993183136
147785,-9.779903411865234,24.736248016357422,141.6584930419922,2.01416015625,5.37109375,-0.42724609375,-130.4276580810547,78.20647430419922,0.5665980577468872,-0.9779892563819885,-0.1764666587114334,0.11133921146392822
147910,-9.56324291229248,24.875221252441406,141.5782470703125,13.671875,11.41357421875,-13.427734375,-130.1062469482422,78.34895324707031,0.5796847343444824,-0.9811071753501892,-0.17325729131698608,0.08608533442020416
148035,-9.46875286102295,24.92591667175293,141.30813598632812,13.12255859375,10.009765625,-27.83203125,-129.743408203125,78.44526672363281,0.6379052400588989,-0.9666327238082886,-0.21383827924728394,0.14104720950126648
148144,-9.342476844787598,24.9970703125,141.19631958007812,10.7421875,1.28173828125,-7.26318359375,-129.5755157470703,78.5135498046875,0.6373178362846375,-0.9716408252716064,-0.19408825039863586,0.1350700706243515
148269,-9.381599426269531,25.035905838012695,141.14381408691406,5.4931640625,-1.3427734375,-0.8544921875,-129.42002868652344,78.55743408203125,0.7184741497039795,-0.973945140838623,-0.20608915388584137,0.09464745968580246
148394,-9.387906074523926,25.069061279296875,141.09317016601562,6.4697265625,-0.6103515625,-6.65283203125,-129.0587158203125,78.60694885253906,0.989700973033905,-0.9879258871078491,-0.1549186408519745,0.0016616685315966606
148504,-9.251382827758789,25.244722366333008,140.7259063720703,29.60205078125,20.6298828125,-43.8232421875,-128.4628448486328,78.71161651611328,1.0615818500518799,-0.9784379005432129,-0.20541316270828247,-0.021557969972491264
148636,-9.203423500061035,25.396991729736328,140.1493682861328,31.06689453125,26.611328125,-49.9267578125,-127.98456573486328,78.85285949707031,0.9578996300697327,-0.9628312587738037,-0.270082950592041,-0.0033640223555266857
148755,-9.209739685058594,25.529550552368164,139.0630645751953,22.52197265625,19.4091796875,-53.03955078125,-127.35289764404297,79.07192993164062,0.5782366991043091,-0.933710515499115,-0.3393149673938751,0.11423716694116592
148875,-9.328702926635742,25.49911880493164,138.96142578125,-6.8359375,0.67138671875,7.01904296875,-127.21582794189453,79.07151794433594,0.8362812399864197,-0.9520707726478577,-0.29914918541908264,0.06380454450845718
148996,-9.598189353942871,25.473220825195312,139.64071655273438,-63.5986328125,-8.7890625,71.6552734375,-127.15856170654297,78.97643280029297,1.6558903455734253,-0.9479284882545471,-0.3086278736591339,0.0786149650812149
149116,-9.558507919311523,25.36812973022461,140.74322509765625,-45.34912109375,-26.85546875,96.49658203125,-127.174560546875,78.85801696777344,2.650338649749756,-0.9489777088165283,-0.2788233458995819,0.14730499684810638
149235,-9.339432716369629,25.1328125,142.04446411132812,-6.16455078125,-27.28271484375,70.98388671875,-127.34125518798828,78.71568298339844,3.313645601272583,-0.9795353412628174,-0.20117811858654022,0.006149549502879381
149356,-9.141969680786133,25.183116912841797,142.5558624267578,-8.60595703125,-10.92529296875,31.3720703125,-127.34445190429688,78.73934936523438,3.532881021499634,-0.9830225706100464,-0.1351132094860077,0.12414142489433289
149476,-8.931319236755371,25.188209533691406,143.1338348388672,-1.3427734375,-15.5029296875,50.6591796875,-127.35367584228516,78.75872802734375,3.7633588314056396,-0.9850724339485168,-0.10184995085000992,0.13877658545970917
149596,-8.672747611999512,25.33732795715332,143.486328125,18.73779296875,3.662109375,39.61181640625,-127.3043212890625,78.79464721679688,3.9078855514526367,-0.9850110411643982,-0.11840163916349411,0.12543658912181854
149716,-8.676874160766602,25.53813934326172,143.5123291015625,6.04248046875,6.9580078125,-2.197265625,-127.12275695800781,78.87733459472656,4.002319812774658,-0.9818192720413208,-0.1657680869102478,0.09247596561908722
149836,-8.655102729797363,25.67212677001953,143.47251892089844,10.92529296875,6.7138671875,3.23486328125,-126.93376922607422,78.96825408935547,4.125481605529785,-0.9809277057647705,-0.1284080147743225,0.14591820538043976
149956,-8.681745529174805,25.772079467773438,143.51742553710938,1.8310546875,0.6103515625,10.3759765625,-126.79975891113281,79.02848815917969,4.262877941131592,-0.9744371771812439,-0.14419499039649963,0.17227879166603088
150075,-8.657241821289062,25.814043045043945,143.67713928222656,10.25390625,1.46484375,20.751953125,-126.73238372802734,79.08916473388672,4.411243438720703,-0.9818816781044006,-0.1287115216255188,0.1390743851661682
150196,-8.580655097961426,26.05752944946289,143.81578063964844,2.197265625,7.2021484375,1.708984375,-126.80950164794922,79.22904968261719,4.315934658050537,-0.9909840226173401,-0.09228863567113876,0.09712683409452438
150376,-8.694121360778809,26.186038970947266,143.65896606445312,8.11767578125,14.83154296875,-15.9912109375,-126.73113250732422,79.33277130126953,4.250542640686035,-0.9938303828239441,-0.0839448943734169,0.07248689979314804
150496,-8.841524124145508,26.456411361694336,142.98426818847656,39.6728515625,55.419921875,-72.44873046875,-126.24803161621094,79.48249816894531,4.0833258628845215,-0.9744805693626404,-0.20900796353816986,-0.08187416940927505
150613,-8.908173561096191,27.426177978515625,141.178955078125,32.958984375,71.59423828125,-114.68505859375,-125.2867202758789,79.79243469238281,3.5590133666992188,-0.9427239894866943,-0.33283761143684387,0.022149691358208656
150722,-8.582881927490234,27.69580841064453,141.00274658203125,-2.38037109375,-32.89794921875,88.37890625,-124.60360717773438,79.94208526611328,3.904456853866577,-0.8937329053878784,-0.39560791850090027,0.2115088701248169
150847,-8.392194747924805,27.20260238647461,142.287841796875,-44.61669921875,-65.24658203125,94.54345703125,-124.89140319824219,79.87152099609375,4.526987552642822,-0.9533156156539917,-0.29185429215431213,0.07752732187509537
150962,-8.778867721557617,26.65117835998535,142.8877716064453,-54.26025390625,-44.86083984375,35.58349609375,-125.20010375976562,79.7125015258789,4.7702107429504395,-0.9374743700027466,-0.3474939167499542,0.019739991053938866
151150,-9.194076538085938,26.441173553466797,143.2646942138672,-17.822265625,-11.71875,16.54052734375,-125.45257568359375,79.7125244140625,4.841613292694092,-0.9869229197502136,-0.16101892292499542,0.007486301474273205
151275,-9.232038497924805,26.540300369262695,143.1620330810547,21.240234375,12.26806640625,-11.962890625,-125.2186279296875,79.78750610351562,4.897757530212402,-0.9797632694244385,-0.1981954276561737,0.02797163650393486
151447,-9.216209411621094,26.816415786743164,142.65293884277344,47.79052734375,43.212890625,-47.18017578125,-124.61113739013672,79.87645721435547,4.885804653167725,-0.9785582423210144,-0.19635164737701416,-0.062207888811826706
151572,-8.915779113769531,28.109638214111328,140.68942260742188,33.63037109375,37.41455078125,-27.03857421875,-123.29095458984375,80.02125549316406,4.3290486335754395,-0.8525558710098267,-0.5051660537719727,0.13399897515773773
151681,-9.212174415588379,27.656089782714844,141.44992065429688,-75.927734375,-75.0732421875,87.46337890625,-123.54923248291016,79.87815856933594,5.017449855804443,-0.9141126275062561,-0.3973351716995239,0.08076364547014236
151869,-9.7175874710083,27.01239013671875,142.4309844970703,-37.90283203125,-25.7568359375,41.93115234375,-124.22090148925781,79.7472152709961,5.236384868621826,-0.9838997721672058,-0.17831358313560486,-0.012065377086400986
151994,-9.8731050491333,27.340763092041016,142.00807189941406,33.5693359375,44.3115234375,-65.4296875,-124.24319458007812,79.92926788330078,4.784649848937988,-0.9920283555984497,-0.11289554834365845,-0.05598562955856323
152166,-9.935809135437012,27.696678161621094,140.91217041015625,40.71044921875,34.423828125,-85.38818359375,-123.15514373779297,80.00910186767578,4.990525245666504,-0.9694226980209351,-0.24534620344638824,-0.005004574544727802
152291,-10.172329902648926,28.029613494873047,138.88034057617188,65.49072265625,38.330078125,-111.63330078125,-121.73544311523438,80.02129364013672,4.83829402923584,-0.8511787056922913,-0.52348393201828,-0.03820275887846947
152416,-10.360684394836426,28.133161544799805,138.16270446777344,21.54541015625,11.16943359375,-18.49365234375,-121.48037719726562,80.02362060546875,4.691636085510254,-0.8749989867210388,-0.48246973752975464,-0.03999866172671318
152525,-10.887332916259766,28.344669342041016,137.68841552734375,-33.935546875,12.3291015625,23.92578125,-121.42840576171875,79.8631591796875,4.59740686416626,-0.9396429657936096,-0.33496254682540894,-0.06979383528232574
152655,-11.05795669555664,28.333999633789062,137.58224487304688,-6.65283203125,-2.3193359375,-8.544921875,-121.46713256835938,79.69512176513672,4.562791347503662,-0.9440169334411621,-0.28822723031044006,-0.16049015522003174
152776,-11.123649597167969,28.33795738220215,137.59974670410156,-1.708984375,13.24462890625,1.220703125,-121.3235855102539,79.63716888427734,4.6532368659973145,-0.9117910861968994,-0.40714403986930847,-0.05358066037297249
152956,-11.159744262695312,28.23870086669922,137.5909881591797,0.54931640625,1.89208984375,-0.91552734375,-120.9736328125,79.49006652832031,5.043609619140625,-0.924395740032196,-0.36996978521347046,-0.09281554073095322
153135,-11.087763786315918,28.139326095581055,137.53851318359375,14.83154296875,1.15966796875,-8.7890625,-120.5357894897461,79.38668823242188,5.4234089851379395,-0.9377083778381348,-0.3383956551551819,-0.07868544012308121
153256,-10.617291450500488,28.259798049926758,138.01263427734375,28.4423828125,18.06640625,78.79638671875,-120.25433349609375,79.36473846435547,6.00360631942749,-0.9551719427108765,-0.27228593826293945,-0.11621960997581482
153376,-11.115935325622559,27.97683334350586,137.84176635742188,-5.67626953125,-0.67138671875,-9.8876953125,-119.38534545898438,79.1811294555664,6.640835762023926,-0.9335923194885254,-0.35689428448677063,-0.03212163224816322
153556,-11.721087455749512,28.14986228942871,136.7711944580078,23.37646484375,10.498046875,-59.9365234375,-118.56957244873047,79.0086669921875,6.977290630340576,-0.8891464471817017,-0.42710286378860474,-0.16432185471057892
153676,-11.46851634979248,27.931312561035156,136.96083068847656,6.2255859375,-8.056640625,11.65771484375,-118.16429901123047,78.87841033935547,7.457821846008301,-0.9753337502479553,-0.2176205813884735,-0.03694991394877434
153796,-11.25802993774414,27.808366775512695,137.07212829589844,11.04736328125,2.44140625,3.5400390625,-118.32283782958984,78.78191375732422,7.209831237792969,-0.9478347301483154,-0.2844686210155487,-0.14382979273796082
153916,-11.221857070922852,27.704368591308594,137.0769500732422,2.99072265625,3.0517578125,2.5634765625,-118.82935333251953,78.68311309814453,6.577697277069092,-0.9627010226249695,-0.2306433916091919,-0.14145810902118683
154036,-11.24767780303955,27.63165283203125,137.06085205078125,1.46484375,2.685546875,0.54931640625,-119.2587661743164,78.62220001220703,6.109938621520996,-0.9640728235244751,-0.24245569109916687,-0.10853006690740585
154156,-11.302946090698242,27.572294235229492,137.05108642578125,-3.60107421875,3.47900390625,1.77001953125,-119.81369018554688,78.58671569824219,5.568741798400879,-0.9615804553031921,-0.26065942645072937,-0.08613813668489456
154276,-11.81542682647705,27.600078582763672,137.02728271484375,-56.94580078125,16.9677734375,12.14599609375,-120.40664672851562,78.52745056152344,5.231603622436523,-0.9567727446556091,-0.28744032979011536,-0.044316813349723816
154395,-11.64404296875,27.551908493041992,137.22088623046875,23.681640625,-8.85009765625,11.5966796875,-120.63182830810547,78.57130432128906,4.9999918937683105,-0.9248619675636292,-0.3795081377029419,-0.02457421086728573
154576,-11.493410110473633,27.451295852661133,137.25843811035156,9.1552734375,3.173828125,0.42724609375,-120.75260925292969,78.53848266601562,4.752315521240234,-0.9257892370223999,-0.3723955750465393,-0.06508450955152512
154754,-11.564682006835938,27.40912437438965,137.39016723632812,-10.009765625,-5.7373046875,26.85546875,-120.74241638183594,78.44353485107422,4.875641345977783,-0.9436494708061218,-0.33090415596961975,-0.005304110702127218
154863,-11.20477294921875,27.40180015563965,137.8598175048828,27.89306640625,3.11279296875,4.0283203125,-121.18094635009766,78.35694885253906,4.492549896240234,-0.8542885184288025,-0.4560876190662384,-0.24934934079647064
155041,-11.393632888793945,27.257978439331055,137.69332885742188,1.220703125,3.41796875,-0.18310546875,-120.86907958984375,78.31095886230469,4.76234245300293,-0.9426611661911011,-0.32988405227661133,-0.05066034197807312
155166,-11.48879623413086,27.153444290161133,137.6185302734375,1.64794921875,3.60107421875,-4.638671875,-120.5516128540039,78.19390106201172,5.042899131774902,-0.9329163432121277,-0.3583829402923584,-0.03505142778158188
155291,-11.559402465820312,27.128154754638672,137.4945831298828,-1.3427734375,3.35693359375,-2.5634765625,-120.26751708984375,78.13277435302734,5.229185581207275,-0.9477440714836121,-0.3181397318840027,-0.023839619010686874
155416,-11.592787742614746,27.054527282714844,137.48257446289062,6.28662109375,3.173828125,4.94384765625,-119.91055297851562,78.03926086425781,5.584779262542725,-0.9218671321868896,-0.3873599171638489,-0.01064311619848013
155526,-11.352360725402832,27.1190128326416,137.64207458496094,44.921875,17.27294921875,30.3955078125,-119.68611907958984,77.97576904296875,5.859448432922363,-0.9409112334251404,-0.33642908930778503,0.03875037655234337
155713,-11.164851188659668,26.971511840820312,138.54627990722656,-55.7861328125,-28.9306640625,19.59228515625,-119.43610382080078,77.79705047607422,6.579678058624268,-0.9473121166229248,-0.31703364849090576,0.045709554105997086
155885,-11.515871047973633,26.73496437072754,138.4545440673828,-12.20703125,-4.94384765625,-3.90625,-119.04109954833984,77.77366638183594,7.01795768737793,-0.9627557992935181,-0.2665835916996002,0.045106805860996246
156073,-11.459015846252441,26.668231964111328,138.47079467773438,11.65771484375,2.685546875,5.4931640625,-118.7161636352539,77.77224731445312,7.159602165222168,-0.9634302854537964,-0.26795557141304016,0.0013307048939168453
156245,-10.729928016662598,26.95981216430664,138.5639190673828,64.63623046875,37.841796875,9.58251953125,-118.28860473632812,77.82493591308594,6.85587739944458,-0.8856817483901978,-0.4612567126750946,-0.05301009863615036
156370,-10.413801193237305,27.109493255615234,138.63685607910156,34.66796875,0.8544921875,20.81298828125,-118.16749572753906,77.81549835205078,6.773601055145264,-0.9546085000038147,-0.2976929545402527,-0.010075024329125881
156495,-11.160167694091797,26.681373596191406,139.21864318847656,-139.95361328125,-75.74462890625,68.66455078125,-118.63555145263672,77.61198425292969,7.345287799835205,-0.9095001816749573,-0.37374284863471985,0.18200470507144928
156604,-11.449712753295898,25.94089126586914,140.53668212890625,-8.72802734375,2.50244140625,1.3427734375,-119.3911361694336,77.29144287109375,7.747189521789551,-0.9847972989082336,-0.17369712889194489,-0.0019256888190284371
156738,-11.622416496276855,26.10371208190918,140.42494201660156,1.5869140625,15.07568359375,-0.42724609375,-119.06671142578125,77.338134765625,8.038060188293457,-0.9558362364768982,-0.2456979751586914,0.16127514839172363
156855,-11.698442459106445,26.227182388305664,140.38792419433594,6.89697265625,10.986328125,3.90625,-118.85968780517578,77.40097045898438,8.189334869384766,-0.9720678925514221,-0.22854112088680267,0.053412918001413345
156976,-11.919866561889648,26.310888290405273,140.28805541992188,-4.57763671875,5.55419921875,5.859375,-118.5636978149414,77.45793914794922,8.527812004089355,-0.9587287902832031,-0.25371459126472473,0.12832842767238617
157096,-12.045280456542969,26.31500816345215,140.32948303222656,-12.75634765625,0.30517578125,12.75634765625,-118.49618530273438,77.48152160644531,8.872955322265625,-0.9710355401039124,-0.22590851783752441,0.0778169259428978
157276,-12.076950073242188,26.277862548828125,140.45068359375,0.54931640625,5.06591796875,9.521484375,-118.34595489501953,77.54979705810547,9.080005645751953,-0.9790154695510864,-0.17004987597465515,0.11230172216892242
157396,-12.325971603393555,26.33642578125,140.33860778808594,-19.04296875,9.46044921875,-6.9580078125,-117.91642761230469,77.62091827392578,9.450105667114258,-0.9674900770187378,-0.24009577929973602,0.0794791653752327
157576,-12.343528747558594,26.373205184936523,139.53134155273438,38.2080078125,14.95361328125,-80.4443359375,-116.76006317138672,77.79088592529297,10.101555824279785,-0.9747534990310669,-0.17167799174785614,0.1427663266658783
157696,-12.615155220031738,26.569772720336914,139.68344116210938,-16.17431640625,5.18798828125,37.109375,-116.2733154296875,77.72837829589844,11.205273628234863,-0.9696215987205505,-0.16663484275341034,0.1790720820426941
157876,-12.525362014770508,26.624187469482422,140.17942810058594,6.16455078125,1.40380859375,20.3857421875,-116.2547378540039,77.64164733886719,11.712675094604492,-0.9183580875396729,-0.1458728164434433,-0.3678853213787079
157996,-12.632906913757324,26.571517944335938,140.06597900390625,5.0048828125,5.79833984375,5.55419921875,-115.14453125,77.9303970336914,12.919596672058105,-0.9757119417190552,-0.1753605753183365,-0.1312815099954605
158175,-12.58754825592041,26.532747268676758,140.094482421875,5.67626953125,4.5166015625,6.89697265625,-114.7596664428711,78.04106140136719,13.298248291015625,-0.9765329957008362,-0.17568808794021606,-0.12456773966550827
158296,-12.572211265563965,26.441402435302734,140.0997314453125,4.57763671875,2.25830078125,1.03759765625,-114.71510314941406,78.27317810058594,13.394882202148438,-0.9807510375976562,-0.17180787026882172,-0.09278781712055206
158416,-12.5835599899292,26.349777221679688,140.0933837890625,4.5166015625,2.44140625,3.23486328125,-115.48238372802734,78.37932586669922,12.526328086853027,-0.9674028158187866,-0.2173343300819397,-0.12999099493026733
158536,-12.710265159606934,26.27303695678711,140.02691650390625,-0.30517578125,3.41796875,-0.3662109375,-116.51953125,78.26876068115234,11.485570907592773,-0.9746835827827454,-0.1869579553604126,-0.12263214588165283
158716,-12.846009254455566,26.22820281982422,139.9684295654297,-5.4931640625,3.7841796875,-1.46484375,-117.07646179199219,78.1524887084961,10.959892272949219,-0.9830699563026428,-0.172160804271698,-0.0627216026186943
158896,-13.002124786376953,26.13942527770996,140.03294372558594,-7.87353515625,-0.42724609375,3.11279296875,-117.55670928955078,78.11161041259766,10.644323348999023,-0.9928765296936035,-0.11042916774749756,-0.04473860189318657
159016,-13.038058280944824,26.049253463745117,140.06051635742188,-3.96728515625,0.9765625,0.9765625,-118.10848236083984,78.18240356445312,10.13776969909668,-0.9934014081954956,-0.07115034759044647,-0.08995173871517181
159136,-12.928736686706543,25.959585189819336,140.04583740234375,8.30078125,2.50244140625,-0.67138671875,-118.34398651123047,78.33522033691406,9.632909774780273,-0.9871256947517395,-0.15979890525341034,-0.006875620223581791
159316,-12.870635032653809,25.797521591186523,140.01747131347656,3.35693359375,2.50244140625,-0.42724609375,-118.41291809082031,78.45550537109375,9.29985523223877,-0.986669659614563,-0.1627359539270401,-0.00024126902280841023
159496,-12.839615821838379,25.732004165649414,140.01727294921875,5.126953125,2.8076171875,1.5869140625,-118.44416809082031,78.52703857421875,9.200407981872559,-0.9888519048690796,-0.14739830791950226,-0.021108301356434822
159616,-12.867657661437988,25.66301155090332,139.9895782470703,0.9765625,4.08935546875,-0.30517578125,-118.42559051513672,78.59752655029297,9.171557426452637,-0.9881585240364075,-0.15342743694782257,0.0016689853509888053
159736,-12.84914779663086,25.510799407958984,139.9686737060547,4.8828125,1.89208984375,1.220703125,-118.41463470458984,78.73889923095703,9.018041610717773,-0.9910488724708557,-0.13176889717578888,0.021428724750876427
159856,-12.919258117675781,25.43427848815918,139.9279327392578,-1.3427734375,5.18798828125,0.732421875,-118.24250030517578,78.8326187133789,9.12806224822998,-0.9843250513076782,-0.17141185700893402,0.04149971157312393
160096,-12.894366264343262,25.367155075073242,139.9497833251953,3.41796875,1.52587890625,3.35693359375,-118.07311248779297,78.85930633544922,9.36190128326416,-0.984332799911499,-0.1753036230802536,0.01890646480023861
160276,-12.85305118560791,25.241640090942383,139.96902465820312,4.69970703125,0.06103515625,1.64794921875,-117.67987060546875,78.91752624511719,10.099246978759766,-0.9872344136238098,-0.14652413129806519,0.062441274523735046
160517,-12.91307258605957,25.118684768676758,140.09152221679688,-1.708984375,-12.26806640625,16.66259765625,-117.62930297851562,78.9425277709961,10.45434856414795,-0.9914321303367615,-0.12072879076004028,0.0498688779771328
160636,-12.827552795410156,25.106977462768555,140.09327697753906,15.31982421875,11.04736328125,-12.75634765625,-117.08727264404297,79.12358856201172,10.870388984680176,-0.9797784686088562,-0.1978982537984848,-0.02950262278318405
160756,-12.845338821411133,25.245908737182617,139.69210815429688,8.7890625,5.92041015625,-8.11767578125,-116.28298950195312,79.43541717529297,11.319952011108398,-0.9933096170425415,-0.11394664645195007,-0.01876910775899887
160875,-13.047380447387695,25.245311737060547,139.6456298828125,10.7421875,3.662109375,5.859375,-115.23302459716797,79.52349090576172,12.22439193725586,-0.9892835021018982,-0.10702774673700333,-0.09931403398513794
160996,-12.976962089538574,25.198545455932617,139.65460205078125,14.95361328125,2.8076171875,5.67626953125,-114.82566833496094,79.62054443359375,12.568033218383789,-0.9914547801017761,-0.09304209798574448,-0.09143594652414322
161176,-13.091414451599121,25.15928077697754,139.63229370117188,-0.42724609375,5.7373046875,2.197265625,-115.80799102783203,79.74915313720703,11.350687980651855,-0.9677858948707581,-0.2049185186624527,-0.14628329873085022
161355,-13.177047729492188,25.112924575805664,139.59359741210938,-1.8310546875,3.662109375,-1.3427734375,-115.7831039428711,79.59911346435547,11.368925094604492,-0.9503658413887024,-0.25547081232070923,-0.17759361863136292
161536,-13.222363471984863,25.064788818359375,139.53817749023438,4.45556640625,4.57763671875,-0.79345703125,-116.1971206665039,79.54949951171875,10.965998649597168,-0.9927666783332825,-0.04300321266055107,-0.11209424585103989
161716,-13.371899604797363,24.971113204956055,139.44650268554688,2.25830078125,2.13623046875,-0.732421875,-117.2740478515625,79.6552963256836,9.458712577819824,-0.9962459206581116,-0.07324987649917603,-0.04613791033625603
161896,-13.491402626037598,24.868940353393555,139.3564910888672,1.708984375,2.50244140625,-1.46484375,-117.88397216796875,79.73320007324219,8.691572189331055,-0.9989699721336365,-0.04370644688606262,-0.012194340117275715
162016,-13.5401611328125,24.778528213500977,139.30300903320312,3.96728515625,3.72314453125,0.91552734375,-118.29242706298828,79.8879623413086,8.33572006225586,-0.9996477961540222,-0.011723592877388,0.023809771984815598
162135,-13.659560203552246,24.697139739990234,139.23171997070312,1.77001953125,2.8076171875,0.0,-118.95044708251953,80.1435546875,7.5345659255981445,-0.9960395097732544,-0.08625023812055588,-0.021592717617750168
162256,-13.762481689453125,24.607194900512695,139.16421508789062,1.3427734375,2.8076171875,-0.9765625,-119.24542236328125,80.27651977539062,7.111995697021484,-0.9982179403305054,-0.05907893925905228,0.008405540138483047
162496,-13.871553421020508,24.531225204467773,139.09881591796875,1.52587890625,2.86865234375,-0.06103515625,-119.35040283203125,80.40460205078125,6.942825794219971,-0.9975283145904541,-0.07026538997888565,0.0003603353397920728
162613,-13.954888343811035,24.48984146118164,139.0525360107422,1.708984375,3.35693359375,0.48828125,-119.3830337524414,80.48702239990234,6.877938747406006,-0.9981986880302429,-0.059992507100105286,0.0004789820814039558
162723,-14.050909042358398,24.482892990112305,138.9962921142578,2.5634765625,3.11279296875,-0.06103515625,-119.3978271484375,80.57347869873047,6.833597183227539,-0.998331606388092,-0.05672203749418259,-0.01079854741692543
162853,-14.240126609802246,24.365070343017578,138.8910675048828,1.64794921875,3.47900390625,0.732421875,-119.38671112060547,80.82152557373047,6.846287727355957,-0.998429536819458,-0.055634479969739914,-0.006580422632396221
162962,-14.322869300842285,24.324647903442383,138.84872436523438,1.5869140625,3.60107421875,0.79345703125,-119.44965362548828,80.90470886230469,6.727128028869629,-0.9975425601005554,-0.0673755556344986,-0.019215844571590424
163087,-14.409964561462402,24.281145095825195,138.80203247070312,1.46484375,3.2958984375,0.54931640625,-119.55380249023438,81.00157928466797,6.610345840454102,-0.9991053342819214,-0.04113611578941345,-0.009805701673030853
163212,-14.48729419708252,24.235065460205078,138.76052856445312,1.64794921875,3.35693359375,0.48828125,-119.74859619140625,81.11895751953125,6.3782148361206055,-0.998956561088562,-0.04565220698714256,-0.001318042748607695
163384,-14.620542526245117,24.189544677734375,138.68582153320312,1.46484375,3.11279296875,0.244140625,-119.93013000488281,81.27971649169922,6.151793956756592,-0.9985232353210449,-0.05428723618388176,-0.0020508512388914824
163509,-14.699291229248047,24.146005630493164,138.6447296142578,1.708984375,3.2958984375,0.732421875,-120.04459381103516,81.37725067138672,6.018209457397461,-0.9988522529602051,-0.0466194823384285,-0.010997415520250797
163634,-14.778133392333984,24.097396850585938,138.60250854492188,1.220703125,3.5400390625,0.6103515625,-120.21168518066406,81.48119354248047,5.8262810707092285,-0.9985547661781311,-0.053483299911022186,-0.0052763791754841805
163806,-14.946267127990723,24.009605407714844,138.51107788085938,1.52587890625,3.0517578125,0.42724609375,-120.52814483642578,81.67821502685547,5.460114479064941,-0.9987966418266296,-0.04900075122714043,-0.002046714536845684
163931,-15.022321701049805,23.960636138916016,138.46963500976562,1.3427734375,3.35693359375,0.48828125,-120.67406463623047,81.77550506591797,5.28862190246582,-0.999122142791748,-0.04189015179872513,-0.00036008728784509003
164056,-15.090189933776855,23.905691146850586,138.43064880371094,1.5869140625,3.11279296875,0.1220703125,-120.76864624023438,81.87442779541016,5.163383960723877,-0.9992713332176208,-0.03813372179865837,0.001558925723657012
164171,-15.229408264160156,23.805137634277344,138.2898712158203,1.15966796875,3.47900390625,0.30517578125,-120.94426727294922,82.02452087402344,4.9604315757751465,-0.9994411468505859,-0.03314657136797905,0.004323465749621391
164343,-15.322029113769531,23.719451904296875,138.237060546875,1.46484375,3.35693359375,0.3662109375,-121.10469055175781,82.17032623291016,4.7684760093688965,-0.9991539120674133,-0.04072050750255585,0.005765735171735287
164775,-15.387141227722168,23.663637161254883,138.2008514404297,1.0986328125,3.47900390625,0.18310546875,-121.22867584228516,82.26708221435547,4.627254962921143,-0.9993981719017029,-0.03452422842383385,0.0033682172652333975
164888,-15.463311195373535,23.615230560302734,138.16021728515625,1.3427734375,3.11279296875,0.42724609375,-121.34888458251953,82.3660888671875,4.486757755279541,-0.9991403818130493,-0.041116394102573395,0.005274406634271145
165013,-15.591623306274414,23.504173278808594,138.0904083251953,1.77001953125,2.74658203125,0.42724609375,-121.63444519042969,82.56629180908203,4.158744812011719,-0.9993730187416077,-0.03537497669458389,-0.0014389820862561464
165185,-15.817723274230957,23.260963439941406,137.961181640625,1.3427734375,3.35693359375,0.06103515625,-122.13870239257812,82.94842529296875,3.5727829933166504,-0.9994332194328308,-0.03162306547164917,0.011543020606040955
165310,-15.877857208251953,23.198894500732422,137.92503356933594,1.3427734375,3.173828125,-0.06103515625,-122.27156066894531,83.03759002685547,3.4148688316345215,-0.999496579170227,-0.031129103153944016,0.006129669025540352
165435,-15.919512748718262,23.13334846496582,137.89833068847656,1.40380859375,3.35693359375,0.54931640625,-122.32395935058594,83.13501739501953,3.3643529415130615,-0.9985134601593018,-0.0536743588745594,-0.009493423625826836
165613,-15.993210792541504,23.091630935668945,137.8456573486328,1.89208984375,3.47900390625,1.03759765625,-122.42674255371094,83.357666015625,3.3702950477600098,-0.9990026950836182,-0.04399721324443817,-0.007614902686327696
165722,-15.999589920043945,23.029767990112305,137.84605407714844,1.52587890625,3.0517578125,2.74658203125,-122.45391082763672,83.45542907714844,3.335843563079834,-0.9985888004302979,-0.05273272469639778,-0.006308881100267172
165847,-15.972042083740234,22.959104537963867,137.8428192138672,3.23486328125,4.5166015625,-1.03759765625,-122.16072082519531,83.53412628173828,3.609597682952881,-0.9997303485870361,0.01688496023416519,0.015946906059980392
166097,-16.29489517211914,23.16553497314453,136.95068359375,-23.74267578125,17.333984375,-39.85595703125,-122.13416290283203,83.57447052001953,3.5268430709838867,-0.962544858455658,-0.18799333274364471,0.1953609585762024
166206,-16.1043643951416,23.056961059570312,137.53416442871094,-7.38525390625,-12.6953125,17.578125,-124.49181365966797,83.71617889404297,1.3540232181549072,-0.9844335913658142,0.10930247604846954,-0.13763576745986938
166330,-16.117706298828125,23.06548500061035,137.52732849121094,-9.33837890625,5.0048828125,-7.568359375,-125.70864868164062,83.8437728881836,359.955078125,-0.9998220205307007,-0.00766238896176219,0.01724037528038025
166455,-15.710816383361816,23.138547897338867,137.61444091796875,4.39453125,3.7841796875,2.0751953125,-125.8609390258789,84.0458984375,359.6256103515625,-0.9994160532951355,-0.034025754779577255,0.0031371263321489096
166564,-15.612025260925293,23.10287857055664,137.64425659179688,2.685546875,3.96728515625,1.28173828125,-125.6266860961914,84.12030029296875,359.8591613769531,-0.9994108080863953,-0.03109651617705822,0.014527715742588043
166691,-15.518832206726074,23.071231842041016,137.66671752929688,1.77001953125,3.173828125,0.1220703125,-125.6454849243164,84.20633697509766,359.80621337890625,-0.9996711611747742,-0.01204278040677309,0.022640425711870193
166816,-15.451493263244629,23.018875122070312,137.68017578125,0.67138671875,2.44140625,-0.67138671875,-125.74051666259766,84.28601837158203,359.6134338378906,-0.9991093277931213,-0.04152895137667656,0.007484869100153446
166931,-15.287699699401855,23.009784698486328,137.7245635986328,0.54931640625,4.08935546875,-0.06103515625,-125.90882873535156,84.41716766357422,359.375,-0.998818576335907,-0.04857366904616356,0.001439219806343317
167056,-15.178948402404785,22.99502944946289,137.758056640625,1.3427734375,3.5400390625,0.48828125,-125.75394439697266,84.48381042480469,359.51666259765625,-0.998445451259613,-0.05428558215498924,0.012638550251722336
167166,-15.047567367553711,23.00059700012207,137.79949951171875,2.25830078125,2.62451171875,0.732421875,-125.74651336669922,84.56758117675781,359.504638671875,-0.9997316002845764,-0.02124534547328949,0.009242326021194458
167291,-14.948152542114258,22.970544815063477,137.82823181152344,1.40380859375,3.35693359375,0.48828125,-125.76889038085938,84.64704895019531,359.45208740234375,-0.9992002248764038,-0.028455564752221107,0.028093840926885605
167415,-14.748950004577637,22.93529510498047,137.86680603027344,2.8076171875,5.06591796875,-3.47900390625,-126.212646484375,84.80431365966797,358.7964172363281,-0.9981071949005127,-0.056920453906059265,-0.02328564040362835
167525,-15.050707817077637,23.00054931640625,136.9626007080078,8.60595703125,23.62060546875,-80.38330078125,-126.6870346069336,84.89742279052734,357.9433898925781,-0.9930757284164429,-0.09994230419397354,0.06174264848232269
167642,-15.100210189819336,22.904325485229492,136.28948974609375,23.49853515625,5.92041015625,-66.83349609375,-127.62425994873047,84.93534851074219,356.4125671386719,-0.9906933903694153,-0.136112242937088,-0.0004738459247164428
167767,-14.933505058288574,22.790882110595703,136.01454162597656,17.9443359375,4.33349609375,-32.77587890625,-127.65496826171875,84.92633819580078,355.9302062988281,-0.9937462210655212,-0.10714562237262726,0.031437233090400696
167892,-14.72232437133789,22.704870223999023,134.26524353027344,70.556640625,35.0341796875,-150.45166015625,-128.55532836914062,85.1334457397461,352.9350891113281,-0.9585411548614502,-0.2399158477783203,-0.15375064313411713
168002,-14.798502922058105,22.747873306274414,132.57696533203125,43.51806640625,34.72900390625,-138.12255859375,-128.62844848632812,85.37920379638672,351.4612121582031,-0.9815128445625305,-0.15910202264785767,-0.10639114677906036
168189,-14.569464683532715,22.619932174682617,131.31948852539062,59.02099609375,19.71435546875,-100.5859375,-129.26211547851562,85.6601791381836,349.4584655761719,-0.9471962451934814,-0.3203769624233246,-0.01333402469754219
168304,-14.546747207641602,22.600610733032227,130.6065216064453,26.30615234375,13.5498046875,-51.08642578125,-131.25306701660156,85.80712127685547,346.7182312011719,-0.9369408488273621,-0.3184588849544525,-0.14396408200263977
168429,-14.420489311218262,22.801284790039062,130.48545837402344,2.685546875,6.4697265625,9.8876953125,-132.12156677246094,85.71577453613281,345.85302734375,-0.9113680720329285,-0.3138446807861328,-0.2662888765335083
168554,-14.387042045593262,22.998762130737305,130.98345947265625,-19.34814453125,-4.150390625,43.5791015625,-131.6354217529297,85.4717788696289,346.780517578125,-0.9290968775749207,-0.3473750650882721,-0.12692324817180634
168856,-14.473601341247559,23.192121505737305,131.99111938476562,-51.94091796875,-18.12744140625,111.81640625,-129.71514892578125,85.16632843017578,349.65203857421875,-0.9315138459205627,-0.3595481216907501,-0.054836373776197433
168976,-14.389270782470703,23.531522750854492,134.6223602294922,-72.93701171875,-21.484375,165.52734375,-127.46186065673828,84.59292602539062,354.16680908203125,-0.9658884406089783,-0.25894784927368164,0.002361585386097431
169156,-14.242431640625,23.628541946411133,136.3264617919922,-37.78076171875,-32.1044921875,123.47412109375,-126.79422760009766,84.29776000976562,356.22552490234375,-0.9569119811058044,-0.2735406458377838,0.09744151681661606
169276,-14.078144073486328,23.584880828857422,138.66986083984375,-5.18798828125,5.55419921875,19.47021484375,-129.58265686035156,84.12146759033203,355.2759704589844,-0.9987343549728394,-0.022594651207327843,-0.0449354313313961
169397,-14.030269622802734,23.883283615112305,138.5760498046875,7.01904296875,26.4892578125,-6.7138671875,-129.4550018310547,84.24156188964844,355.10321044921875,-0.996209979057312,-0.06702222675085068,0.05544247105717659
169576,-13.720956802368164,24.116159439086914,137.70494079589844,46.81396484375,30.57861328125,-78.7353515625,-128.59002685546875,84.43003845214844,354.83074951171875,-0.9870126843452454,-0.1597822904586792,0.016600757837295532
169696,-13.827188491821289,24.237529754638672,135.98110961914062,37.90283203125,34.97314453125,-114.92919921875,-128.7785186767578,84.658447265625,353.0054626464844,-0.9686852693557739,-0.16918858885765076,-0.18172550201416016
169816,-13.66890811920166,24.256927490234375,133.8558349609375,99.30419921875,49.8046875,-208.19091796875,-129.6769561767578,85.0302734375,350.0288391113281,-0.8876160383224487,-0.4514927566051483,-0.09106124192476273
169936,-13.544462203979492,24.097469329833984,130.87857055664062,79.52880859375,23.13232421875,-164.61181640625,-133.17788696289062,85.5064697265625,343.71636962890625,-0.8873483538627625,-0.4197269678115845,-0.19089820981025696
170056,-13.624879837036133,23.932435989379883,129.70407104492188,34.5458984375,2.01416015625,-82.21435546875,-134.03041076660156,85.57379150390625,342.07745361328125,-0.9258297681808472,-0.3614433705806732,-0.11044437438249588
170177,-13.732646942138672,24.134788513183594,129.86705017089844,-15.31982421875,-0.54931640625,28.99169921875,-134.08985900878906,85.37754821777344,342.4478759765625,-0.8872280716896057,-0.4130096435546875,-0.2055465579032898
170297,-13.921211242675781,24.500865936279297,131.0702667236328,-55.84716796875,2.0751953125,122.13134765625,-132.44290161132812,85.0412826538086,345.3214111328125,-0.9362991452217102,-0.3088398575782776,-0.16721783578395844
170417,-13.571232795715332,24.811052322387695,132.6536102294922,-24.23095703125,-7.4462890625,142.333984375,-131.1986083984375,84.69444274902344,347.81939697265625,-0.8464646935462952,-0.4949834644794464,-0.19618582725524902
170597,-13.479499816894531,24.753671646118164,133.95359802246094,-40.283203125,-33.14208984375,115.05126953125,-130.083251953125,84.384033203125,350.0148010253906,-0.9265300035476685,-0.37588268518447876,-0.01595074124634266
170709,-13.501944541931152,24.563039779663086,135.99099731445312,-52.67333984375,-44.49462890625,97.59521484375,-128.4687957763672,83.89998626708984,353.4973449707031,-0.9517180919647217,-0.3042064607143402,-0.0411250926554203
170834,-13.564569473266602,24.410375595092773,137.26698303222656,-66.40625,-50.23193359375,100.9521484375,-128.1974639892578,83.67041778564453,355.0660095214844,-0.9748868942260742,-0.22027996182441711,0.032745953649282455
170944,-13.826200485229492,24.36526870727539,138.50576782226562,-32.65380859375,-15.380859375,45.2880859375,-128.08135986328125,83.53240203857422,356.484130859375,-0.997713029384613,-0.06572275608778,-0.01578814722597599
171131,-13.963315963745117,24.653345108032227,138.5602264404297,-0.9765625,17.4560546875,-7.8125,-128.35589599609375,83.69876098632812,356.2509765625,-0.9966737627983093,-0.026637427508831024,0.07701953500509262
171256,-13.910323143005371,24.896175384521484,138.24671936035156,25.32958984375,22.15576171875,-34.5458984375,-127.84241485595703,83.84830474853516,356.2802429199219,-0.9971359968185425,-0.06337332725524902,0.04127451032400131
171366,-13.679060935974121,25.134145736694336,137.4355010986328,51.513671875,34.97314453125,-75.01220703125,-127.11613464355469,84.0390853881836,355.9925231933594,-0.9902175664901733,-0.13682274520397186,0.027364548295736313
171491,-13.561131477355957,25.438093185424805,135.31805419921875,59.02099609375,28.86962890625,-113.525390625,-126.78144073486328,84.39317321777344,354.07855224609375,-0.9634842872619629,-0.2674725651741028,0.012511204928159714
171616,-13.357807159423828,25.491355895996094,134.15089416503906,63.90380859375,24.169921875,-106.38427734375,-127.35075378417969,84.59829711914062,352.2350158691406,-0.9508876204490662,-0.30849096179008484,-0.025414781644940376
171725,-13.205238342285156,25.570890426635742,132.91574096679688,86.73095703125,40.71044921875,-118.408203125,-128.5267791748047,84.76055908203125,349.7516174316406,-0.8163146376609802,-0.4654933214187622,-0.34197425842285156
171850,-13.432851791381836,25.57598114013672,130.7352752685547,42.724609375,17.76123046875,-105.5908203125,-129.57814025878906,84.96499633789062,347.0497741699219,-0.9174334406852722,-0.37094175815582275,-0.14393749833106995
171975,-13.423460960388184,25.59304428100586,130.2942657470703,20.81298828125,4.7607421875,-27.7099609375,-130.14930725097656,84.92364501953125,346.01983642578125,-0.889629602432251,-0.34703782200813293,-0.2968565821647644
172084,-13.502032279968262,25.680831909179688,130.17205810546875,-2.62451171875,3.2958984375,1.28173828125,-130.2666778564453,84.7977523803711,345.9157409667969,-0.9347405433654785,-0.31064948439598083,-0.17250211536884308
172209,-13.519750595092773,25.905460357666016,130.4661102294922,-9.33837890625,8.23974609375,40.95458984375,-130.4378662109375,84.61402130126953,346.257568359375,-0.8556089997291565,-0.41357851028442383,-0.3112650513648987
172450,-13.681966781616211,26.17075538635254,131.37936401367188,-56.7626953125,3.41796875,99.18212890625,-129.66357421875,84.3376693725586,348.1632995605469,-0.8916770219802856,-0.4496771991252899,-0.051987070590257645
172575,-13.517146110534668,26.641115188598633,135.02174377441406,-74.89013671875,-33.75244140625,241.455078125,-128.71311950683594,83.62643432617188,352.6919250488281,-0.8787029981613159,-0.4179256558418274,-0.2306930124759674
172697,-13.466398239135742,26.813434600830078,136.11692810058594,-26.7333984375,21.42333984375,48.03466796875,-129.2782745361328,83.44416809082031,352.79248046875,-0.823255181312561,-0.17194943130016327,-0.5410029888153076
172817,-13.291939735412598,27.744110107421875,136.40634155273438,5.9814453125,3.96728515625,75.1953125,-127.69561004638672,83.30736541748047,355.0065002441406,-0.9811096787452698,-0.16470234096050262,0.10147368907928467
172997,-12.783211708068848,27.69683074951172,137.41307067871094,-6.9580078125,-17.02880859375,80.2001953125,-126.80254364013672,83.24622344970703,356.53729248046875,-0.9927510023117065,-0.11214782297611237,0.04322487488389015
173177,-12.5587797164917,27.617897033691406,137.8369598388672,-6.591796875,-0.1220703125,8.85009765625,-126.65760803222656,83.27838897705078,356.8297424316406,-0.9980593323707581,0.06008891016244888,0.01633485034108162
173357,-12.81216812133789,27.66895294189453,137.2304229736328,11.04736328125,24.10888671875,-49.86572265625,-126.78733825683594,83.38520812988281,356.1893615722656,-0.9976098537445068,-0.06904870271682739,-0.0026372766587883234
173477,-14.091469764709473,27.69680404663086,133.8153533935547,20.93505859375,56.82373046875,-194.03076171875,-127.9840316772461,83.66156768798828,352.28192138671875,-0.9800037145614624,-0.19488371908664703,-0.04016505926847458
173597,-15.085837364196777,27.49431037902832,130.9821319580078,21.78955078125,34.7900390625,-164.306640625,-129.77806091308594,83.68601989746094,348.086669921875,-0.9514898657798767,-0.28057071566581726,-0.12628182768821716
173777,-15.596596717834473,27.222686767578125,129.3238983154297,17.51708984375,4.39453125,-30.21240234375,-130.6349334716797,83.6302490234375,346.0712890625,-0.8800461292266846,-0.44036102294921875,-0.1777666062116623
173897,-15.008010864257812,27.17833137512207,130.5867156982422,-9.8876953125,-19.287109375,100.64697265625,-129.88192749023438,83.47478485107422,347.8601989746094,-0.9108105301856995,-0.40772658586502075,-0.06467714160680771
174017,-14.750688552856445,27.155620574951172,131.7803955078125,-34.0576171875,-15.68603515625,100.40283203125,-128.59637451171875,83.34447479248047,350.2242126464844,-0.9531338810920715,-0.30100831389427185,0.030490828678011894
174197,-14.019872665405273,27.04177474975586,133.96669006347656,-21.30126953125,-27.03857421875,120.4833984375,-126.71221923828125,83.12659454345703,353.7253112792969,-0.9770176410675049,-0.21167908608913422,0.02506726048886776
174317,-13.18492603302002,26.952770233154297,135.80911254882812,1.220703125,-20.1416015625,97.900390625,-125.22449493408203,83.05005645751953,356.4386901855469,-0.9798722863197327,-0.1993207186460495,-0.011032959446310997
174437,-12.745994567871094,26.83418846130371,136.78822326660156,-6.65283203125,-20.44677734375,84.9609375,-124.60008239746094,83.05671691894531,357.75885009765625,-0.9944232702255249,-0.08845949918031693,0.05742107704281807
174613,-12.390562057495117,26.780105590820312,137.7908477783203,-3.90625,-12.8173828125,49.9267578125,-123.8562240600586,83.09087371826172,359.2720642089844,-0.9963395595550537,-0.06615559011697769,0.05413833260536194
174722,-12.386552810668945,26.595476150512695,137.80743408203125,-6.8359375,0.18310546875,-25.32958984375,-123.75875091552734,83.21837615966797,359.27154541015625,-0.995771586894989,-0.07446277886629105,0.05379905551671982
174847,-12.502400398254395,26.537803649902344,137.29588317871094,8.544921875,14.58740234375,-50.96435546875,-123.77059936523438,83.32726287841797,358.7574462890625,-0.991101861000061,-0.13310201466083527,0.0009795916266739368
174972,-12.629210472106934,26.43621063232422,136.27059936523438,27.34375,20.8740234375,-51.08642578125,-123.92383575439453,83.46382141113281,357.63427734375,-0.9770318865776062,-0.21266360580921173,0.013523346744477749
175087,-12.63396167755127,26.298763275146484,135.85659790039062,10.009765625,0.0,-8.056640625,-123.3927230834961,83.43132019042969,357.7391052246094,-0.975125253200531,-0.2212357521057129,0.013623782433569431
175275,-12.65223503112793,26.1715145111084,135.70211791992188,0.30517578125,7.26318359375,-17.2119140625,-123.1082763671875,83.4428482055664,357.8809814453125,-0.9828809499740601,-0.1625593602657318,0.0867142528295517
175384,-12.759472846984863,26.092626571655273,135.44911193847656,-0.1220703125,4.0283203125,-24.10888671875,-122.92981719970703,83.45404815673828,357.88128662109375,-0.9852313995361328,-0.16108664870262146,0.05805356428027153
175572,-12.765936851501465,26.023136138916016,135.2932586669922,7.6904296875,7.26318359375,-13.36669921875,-122.59345245361328,83.45835876464844,358.0793151855469,-0.9799283146858215,-0.1974179595708847,0.027691030874848366
175744,-12.822799682617188,25.87839698791504,135.09823608398438,6.591796875,0.1220703125,7.6904296875,-121.8359603881836,83.44384002685547,358.70977783203125,-0.9869561791419983,-0.15698882937431335,0.03566312417387962
175931,-12.809035301208496,25.82594871520996,135.1104736328125,-3.60107421875,12.63427734375,-2.01416015625,-121.36227416992188,83.44676971435547,359.1678161621094,-0.9715918302536011,-0.22174647450447083,0.08269121497869492
176103,-12.796635627746582,25.829547882080078,135.0593719482422,1.15966796875,8.7890625,-3.5400390625,-120.62753295898438,83.42994689941406,359.8407287597656,-0.971495509147644,-0.2337653785943985,0.03937224671244621
176291,-12.662814140319824,25.494110107421875,135.1647491455078,-8.30078125,-18.24951171875,12.20703125,-120.03213500976562,83.42237091064453,0.39700448513031006,-0.9842020869255066,-0.1764751523733139,-0.01424143835902214
176415,-12.631108283996582,25.498376846313477,135.0909423828125,6.591796875,2.3193359375,-8.48388671875,-120.02778625488281,83.47502136230469,0.2962455153465271,-0.985436201095581,-0.16991126537322998,-0.006757136434316635
176657,-12.552836418151855,25.35297203063965,135.00579833984375,9.033203125,-5.06591796875,-3.84521484375,-119.82298278808594,83.48304748535156,0.3424312472343445,-0.9479072093963623,-0.31540295481681824,-0.0446416512131691
176777,-12.646141052246094,25.2899112701416,135.1889190673828,2.5634765625,-8.7890625,21.6064453125,-118.76285552978516,83.39446258544922,1.6057976484298706,-0.964506208896637,-0.2594430148601532,0.049165233969688416
176897,-12.535898208618164,25.093412399291992,135.361328125,-13.00048828125,-6.28662109375,-0.67138671875,-118.21210479736328,83.38636779785156,2.1839048862457275,-0.9770153760910034,-0.19708459079265594,0.0812324807047844
177077,-12.609817504882812,24.974031448364258,135.18927001953125,0.18310546875,-13.61083984375,-11.90185546875,-116.85407257080078,83.32676696777344,3.304137945175171,-0.9845740795135498,-0.1687180995941162,0.046345777809619904
177557,-12.553035736083984,24.918855667114258,135.314208984375,-4.39453125,19.83642578125,-2.8076171875,-115.869873046875,83.22187042236328,4.382938861846924,-0.98255854845047,-0.18591314554214478,0.0038836305029690266
177676,-12.54877758026123,24.848905563354492,135.1452178955078,19.1650390625,8.4228515625,-9.8876953125,-115.449951171875,83.17903900146484,4.636175155639648,-0.9365151524543762,-0.3506215810775757,0.0019434519344940782
177797,-12.449601173400879,24.940324783325195,135.0223846435547,-2.685546875,7.62939453125,-8.97216796875,-114.7523193359375,83.12234497070312,5.246889591217041,-0.9704480767250061,-0.2413082867860794,-0.0009481661254540086
177977,-12.601930618286133,24.56934928894043,135.2715606689453,8.1787109375,0.0,9.58251953125,-112.89678955078125,82.89723205566406,7.259254455566406,-0.9852033853530884,-0.16574300825595856,0.0436292327940464
178097,-12.500564575195312,24.569854736328125,135.2108154296875,10.3759765625,17.27294921875,-11.474609375,-112.5702133178711,82.9279556274414,7.439981460571289,-0.987492024898529,-0.15390093624591827,0.0342651791870594
178216,-12.474794387817383,24.570709228515625,134.94705200195312,2.0751953125,16.6015625,-35.5224609375,-112.29907989501953,82.95794677734375,7.347856044769287,-0.9875645637512207,-0.15452833473682404,0.028936542570590973
178397,-12.5025634765625,24.406978607177734,134.1616973876953,9.09423828125,11.23046875,-41.6259765625,-112.22238159179688,82.95207214355469,6.602969169616699,-0.9808992743492126,-0.1945156753063202,-0.0003617774636950344
178518,-12.532288551330566,24.393997192382812,133.62799072265625,19.775390625,21.17919921875,-45.47119140625,-112.30247497558594,82.96675109863281,6.017690181732178,-0.9624398946762085,-0.2710779011249542,0.015039988793432713
178629,-12.44249439239502,24.36894416809082,133.08396911621094,27.83203125,21.8505859375,-56.884765625,-112.36135864257812,82.97386932373047,5.363029956817627,-0.968112587928772,-0.25035953521728516,-0.00883902981877327
178749,-12.417716026306152,24.309337615966797,131.6370391845703,33.8134765625,19.287109375,-78.2470703125,-113.12776947021484,82.95841979980469,3.1264028549194336,-0.9676870107650757,-0.24353496730327606,-0.06536488234996796
178874,-12.583710670471191,24.27773094177246,130.5592498779297,36.7431640625,23.0712890625,-85.02197265625,-113.69868469238281,82.96363067626953,1.6299492120742798,-0.9328183531761169,-0.3419976830482483,-0.11352324485778809
178984,-12.661110877990723,24.219139099121094,129.78790283203125,26.0009765625,17.39501953125,-59.5703125,-114.40762329101562,82.94219970703125,0.227383553981781,-0.9139494895935059,-0.36497190594673157,-0.17745912075042725
179109,-12.760753631591797,24.172353744506836,129.27853393554688,14.2822265625,12.87841796875,-44.7998046875,-114.91618347167969,82.88660430908203,359.2642822265625,-0.9473618865013123,-0.2882375717163086,-0.13937163352966309
179225,-13.162272453308105,24.00981330871582,127.95735931396484,20.93505859375,3.7841796875,-49.62158203125,-115.96495056152344,82.8373794555664,357.22601318359375,-0.9006683230400085,-0.3461410403251648,-0.2626461982727051
179412,-13.19663143157959,23.916038513183594,127.64675903320312,7.26318359375,9.21630859375,-23.74267578125,-116.52191162109375,82.78085327148438,356.3612365722656,-0.928022027015686,-0.30406510829925537,-0.21521957218647003
179709,-13.228150367736816,23.81769371032715,127.34488677978516,10.1318359375,4.638671875,-21.66748046875,-117.10885620117188,82.71611022949219,355.4906921386719,-0.9156648516654968,-0.3225380480289459,-0.23984819650650024
179895,-13.401440620422363,23.783349990844727,127.14105987548828,-0.54931640625,6.9580078125,-2.62451171875,-117.54794311523438,82.6248550415039,355.0365295410156,-0.9058230519294739,-0.35745641589164734,-0.2273973673582077
180004,-13.38194465637207,23.813953399658203,128.37039184570312,-34.72900390625,-9.70458984375,93.505859375,-117.83057403564453,82.35093688964844,356.0458984375,-0.9033851623535156,-0.346912145614624,-0.2520855665206909
180197,-13.13916015625,23.94944190979004,131.4107208251953,-40.58837890625,-10.92529296875,95.703125,-116.62337493896484,81.83338165283203,359.9503173828125,-0.9682849049568176,-0.24547052383422852,-0.04656720161437988
180369,-12.811600685119629,24.0661563873291,133.79153442382812,-32.89794921875,-10.6201171875,118.22509765625,-115.6114730834961,81.43023681640625,3.038088321685791,-0.9841753244400024,-0.17027130722999573,-0.0490591935813427
180494,-12.576969146728516,24.153045654296875,134.9005126953125,-27.16064453125,-6.591796875,100.52490234375,-114.91899871826172,81.29820251464844,4.701457977294922,-0.9795661568641663,-0.19794727861881256,-0.03559578210115433
180613,-12.170578002929688,24.285972595214844,136.42662048339844,-11.962890625,-0.30517578125,60.1806640625,-114.34346008300781,81.22501373291016,6.5177693367004395,-0.9950065016746521,-0.09651166945695877,0.025448352098464966
180722,-11.990537643432617,24.261335372924805,136.6142120361328,6.16455078125,1.708984375,-10.43701171875,-114.1864242553711,81.35175323486328,6.702648639678955,-0.9959073066711426,-0.08397354930639267,-0.03342290222644806
180902,-11.862174034118652,24.22030258178711,136.5070037841797,13.24462890625,6.591796875,-14.46533203125,-114.2529296875,81.48682403564453,6.418376445770264,-0.9947613477706909,-0.09463120996952057,-0.03866394981741905
181090,-11.779764175415039,24.17658233642578,136.30758666992188,11.16943359375,8.48388671875,-19.1650390625,-114.1244888305664,81.60155487060547,6.255776882171631,-0.992703378200531,-0.11813314259052277,-0.024180002510547638
181215,-11.709498405456543,24.05171775817871,135.86521911621094,14.5263671875,7.4462890625,-31.06689453125,-113.70738220214844,81.71795654296875,6.095800399780273,-0.9905044436454773,-0.13536973297595978,-0.024000048637390137
181324,-11.687626838684082,23.923376083374023,135.33648681640625,12.6953125,2.13623046875,-31.8603515625,-113.52767944335938,81.7233657836914,5.70425271987915,-0.9862194061279297,-0.13861146569252014,-0.09032177925109863
181512,-11.756117820739746,23.656505584716797,134.8930206298828,7.6904296875,2.25830078125,-8.7890625,-113.41250610351562,81.6572494506836,5.345026016235352,-0.9435321092605591,-0.33124256134033203,0.005031532607972622
181636,-11.567776679992676,23.679777145385742,134.7894744873047,15.7470703125,14.2822265625,-8.1787109375,-113.60308837890625,81.80619049072266,4.962958812713623,-0.9689909815788269,-0.24702896177768707,0.0057619656436145306
181746,-11.412665367126465,23.74748992919922,134.63768005371094,21.30126953125,19.10400390625,-7.26318359375,-113.91495513916016,81.92601013183594,4.469381809234619,-0.9355123043060303,-0.3532869219779968,-0.0022479742765426636
181871,-11.213064193725586,23.8475341796875,134.62643432617188,16.05224609375,9.27734375,-1.220703125,-114.58625793457031,82.0882568359375,3.750572681427002,-0.9632865190505981,-0.26667672395706177,-0.031026100739836693
181986,-11.144927024841309,23.58283233642578,134.62240600585938,4.69970703125,2.685546875,-7.99560546875,-115.2519302368164,82.15149688720703,3.0273239612579346,-0.9081077575683594,-0.41873031854629517,-0.0022900209296494722
182174,-11.049667358398438,23.604137420654297,134.63711547851562,8.30078125,10.1318359375,-6.103515625,-115.3224868774414,82.1163101196289,2.9305949211120605,-0.9747369289398193,-0.20562873780727386,-0.08720515668392181
182346,-10.963957786560059,23.591262817382812,134.80433654785156,-8.30078125,-10.009765625,12.20703125,-114.93135070800781,81.95999908447266,3.452885866165161,-0.9629797339439392,-0.08835408836603165,-0.25468331575393677
182657,-10.721220016479492,23.1285457611084,134.79107666015625,14.70947265625,-4.21142578125,-0.6103515625,-113.04622650146484,81.68463897705078,5.372838497161865,-0.9386337995529175,-0.29274889826774597,-0.18238623440265656
182777,-10.693288803100586,22.85511016845703,134.87744140625,0.18310546875,-12.5732421875,0.54931640625,-111.58062744140625,81.48027801513672,6.801440715789795,-0.9607100486755371,-0.20631584525108337,-0.18566051125526428
182957,-10.963279724121094,22.542694091796875,134.83827209472656,-7.080078125,-16.2353515625,-2.5634765625,-111.24526977539062,81.33870697021484,6.874100208282471,-0.9540083408355713,-0.18189263343811035,-0.23829253017902374
183077,-11.437307357788086,22.430274963378906,134.6515350341797,0.54931640625,0.06103515625,-1.953125,-112.39525604248047,80.9383316040039,5.475591659545898,-0.9699907898902893,-0.04193591699004173,-0.23949803411960602
183197,-11.549423217773438,22.43206024169922,134.5951385498047,1.220703125,-1.89208984375,-1.15966796875,-113.14148712158203,80.85408782958984,4.663236141204834,-0.9709869027137756,0.005436241626739502,-0.2390710860490799
183377,-11.181267738342285,22.917795181274414,134.22991943359375,-0.91552734375,51.513671875,-73.05908203125,-115.10224151611328,81.05897521972656,2.2095863819122314,-0.8171728253364563,0.5342039465904236,-0.21645955741405487
183497,-11.533742904663086,23.03231430053711,133.56874084472656,-9.58251953125,3.0517578125,-41.19873046875,-114.77119445800781,80.90270233154297,2.133361577987671,-0.9585299491882324,0.23418761789798737,-0.16240911185741425
183617,-11.552193641662598,22.817176818847656,133.436279296875,32.958984375,-24.5361328125,20.44677734375,-114.23855590820312,80.54954528808594,2.5389108657836914,-0.9319985508918762,-0.27974340319633484,-0.23048266768455505
183797,-11.576411247253418,22.968605041503906,134.1312713623047,-4.08935546875,17.15087890625,12.5732421875,-116.01666259765625,80.9869384765625,0.9399498701095581,-0.9897544384002686,0.06423912942409515,-0.1275130659341812
183917,-11.741619110107422,22.985803604125977,134.0988311767578,6.4697265625,8.544921875,4.08935546875,-117.49717712402344,81.26924896240234,359.4197692871094,-0.9731720685958862,0.037159185856580734,-0.22705785930156708
184097,-11.941126823425293,23.08050537109375,134.04067993164062,2.0751953125,26.79443359375,5.2490234375,-119.56446838378906,81.54927062988281,357.2507629394531,-0.9727268815040588,-0.10209990292787552,-0.20827393233776093
184217,-12.127795219421387,22.984617233276367,133.97792053222656,0.42724609375,-5.06591796875,-0.42724609375,-121.42256927490234,81.67304992675781,355.445556640625,-0.9695278406143188,-0.10407023131847382,-0.22177724540233612
184337,-12.263785362243652,22.90389633178711,133.92755126953125,-8.7890625,1.15966796875,0.06103515625,-123.87081146240234,81.72639465332031,353.0809020996094,-0.9621546268463135,-0.1743485927581787,-0.20943020284175873
184517,-12.592495918273926,23.027711868286133,133.81532287597656,-5.37109375,41.80908203125,5.9814453125,-126.47940826416016,81.77142333984375,350.6427001953125,-0.9846788644790649,-0.1451456993818283,-0.09664462506771088
184635,-12.538015365600586,23.466657638549805,133.80026245117188,-7.9345703125,36.43798828125,26.91650390625,-127.90571594238281,81.79727935791016,349.3368225097656,-0.9490835666656494,-0.2561890780925751,-0.18332348763942719
184806,-12.329995155334473,23.085664749145508,134.6681671142578,-13.18359375,-26.18408203125,73.1201171875,-127.19719696044922,81.58946990966797,350.6499328613281,-0.9540674090385437,-0.29941216111183167,-0.010375668294727802
184931,-12.205085754394531,23.05398178100586,135.2672576904297,-8.60595703125,-2.25830078125,14.95361328125,-126.4295883178711,81.36509704589844,351.9811096191406,-0.9367778301239014,-0.3251614272594452,-0.1292959302663803
185048,-11.78109073638916,23.154333114624023,135.31842041015625,48.4619140625,5.7373046875,15.2587890625,-126.28736877441406,81.42027282714844,352.0707702636719,-0.9488999843597412,-0.3100682199001312,0.05870777368545532
185235,-11.238533020019531,23.032894134521484,135.34457397460938,11.53564453125,-1.64794921875,2.74658203125,-125.3485107421875,81.3116683959961,352.768310546875,-0.9711841344833374,-0.18542951345443726,-0.14972421526908875
185345,-11.245322227478027,23.01875114440918,135.32852172851562,7.26318359375,3.2958984375,2.74658203125,-125.41010284423828,81.21174621582031,352.6270751953125,-0.9505682587623596,-0.267724871635437,-0.1573004424571991
185470,-11.384974479675293,22.98088836669922,135.27505493164062,-2.38037109375,2.5634765625,2.197265625,-125.6523666381836,81.08412170410156,352.3373718261719,-0.9622666835784912,-0.22014120221138,-0.15993981063365936
185595,-12.24343204498291,22.907962799072266,135.0980987548828,-68.05419921875,-1.40380859375,-10.43701171875,-126.31869506835938,80.74838256835938,351.72052001953125,-0.9673016667366028,-0.2310044914484024,-0.10471096634864807
185773,-12.465089797973633,22.82895278930664,135.11854553222656,-16.78466796875,-1.953125,9.33837890625,-126.63636779785156,80.71826934814453,351.4419860839844,-0.9744148850440979,-0.20186981558799744,-0.09881390631198883
185882,-12.628819465637207,22.761850357055664,135.19754028320312,-13.7939453125,-4.69970703125,8.11767578125,-127.38816833496094,80.72187042236328,350.8201904296875,-0.9605161547660828,-0.2577393352985382,-0.10478129982948303
186123,-12.414819717407227,22.91326141357422,135.2779541015625,9.1552734375,-1.708984375,6.4697265625,-127.69283294677734,80.74092864990234,350.6044006347656,-0.9797256588935852,-0.17844662070274353,-0.0910734236240387
186310,-12.347725868225098,22.897619247436523,135.25367736816406,2.5634765625,0.3662109375,3.90625,-127.64828491210938,80.71248626708984,350.59051513671875,-0.962196409702301,-0.25707536935806274,-0.08994627743959427
186435,-12.375961303710938,22.862178802490234,135.20611572265625,2.86865234375,11.5966796875,-2.8076171875,-127.55400085449219,80.65505981445312,350.62310791015625,-0.9394094347953796,-0.3389251232147217,-0.05137769505381584
186617,-12.509779930114746,22.671648025512695,135.1328887939453,2.685546875,3.47900390625,2.3193359375,-127.0478286743164,80.50000762939453,351.0269775390625,-0.9705039858818054,-0.23110631108283997,-0.06864308565855026
186797,-12.516180038452148,22.481977462768555,135.2315216064453,-2.8076171875,2.9296875,2.74658203125,-126.66449737548828,80.40955352783203,351.42926025390625,-0.9629489183425903,-0.26810452342033386,-0.029144370928406715
186917,-12.578192710876465,22.407787322998047,135.20913696289062,0.30517578125,4.5166015625,0.18310546875,-126.37108612060547,80.35443115234375,351.7020263671875,-0.9609953761100769,-0.27195268869400024,-0.050295084714889526
187037,-12.68089771270752,22.2153263092041,135.24038696289062,-4.94384765625,-8.4228515625,7.2021484375,-125.61394500732422,80.20210266113281,352.4809265136719,-0.9529762268066406,-0.2924026846885681,-0.07960450649261475
187158,-12.692492485046387,22.049922943115234,135.5602569580078,-0.67138671875,-9.521484375,34.48486328125,-125.0467529296875,80.08769226074219,353.3090515136719,-0.97869473695755,-0.20089659094810486,-0.042393334209918976
187277,-12.55276870727539,21.975364685058594,135.9441375732422,-5.4931640625,7.32421875,25.81787109375,-124.97078704833984,80.05809783935547,353.5667724609375,-0.9484439492225647,-0.3140232264995575,0.04293614998459816
187457,-12.576336860656738,22.177207946777344,135.4990234375,11.90185546875,38.39111328125,-35.70556640625,-126.122314453125,80.28163146972656,351.91912841796875,-0.9397098422050476,-0.3301461637020111,0.08915586769580841
187697,-12.73340129852295,22.196489334106445,135.35008239746094,1.52587890625,12.75634765625,-7.14111328125,-126.77188873291016,80.31729125976562,351.1678161621094,-0.9521511793136597,-0.30121156573295593,-0.05176697298884392
187877,-12.82107162475586,22.127546310424805,135.27145385742188,-1.953125,1.28173828125,-8.30078125,-126.98368072509766,80.27055358886719,350.8580322265625,-0.9188870191574097,-0.3938254415988922,-0.023414116352796555
188117,-12.688234329223633,22.11617088317871,135.12872314453125,8.1787109375,6.9580078125,-0.6103515625,-127.38409423828125,80.28853607177734,350.21099853515625,-0.9438227415084839,-0.3284488618373871,-0.03633337467908859
188237,-12.74150562286377,21.905454635620117,135.09494018554688,-8.1787109375,-9.70458984375,4.33349609375,-127.17010498046875,80.22553253173828,350.3102111816406,-0.9020891785621643,-0.4300565719604492,0.03586633503437042
188537,-12.937294960021973,21.964332580566406,135.0575714111328,-26.18408203125,34.36279296875,-4.57763671875,-127.05616760253906,80.1249008178711,350.4725036621094,-0.9290605783462524,-0.3697391450405121,0.011811608448624611
188644,-12.67940902709961,22.058374404907227,135.03887939453125,6.28662109375,20.3857421875,10.8642578125,-125.88002014160156,80.02153778076172,351.5216979980469,-0.8510028719902039,-0.4921931326389313,0.18313919007778168
188769,-12.582480430603027,22.090869903564453,134.95399475097656,16.11328125,13.0615234375,-10.009765625,-125.50988006591797,79.96900177001953,351.86956787109375,-0.888175368309021,-0.4537777304649353,-0.07232082635164261
188894,-12.296821594238281,21.308452606201172,134.9209442138672,12.6953125,5.43212890625,-1.03759765625,-124.20327758789062,79.76716613769531,352.9939270019531,-0.9099186658859253,-0.4108497202396393,-0.05701244994997978
189003,-12.431845664978027,21.195037841796875,134.8970947265625,-1.77001953125,-8.30078125,0.79345703125,-123.92559814453125,79.69989013671875,353.243408203125,-0.9159639477729797,-0.40125200152397156,0.0026413954328745604
189128,-12.747977256774902,21.023717880249023,134.83261108398438,-32.16552734375,-10.7421875,-8.6669921875,-123.74353790283203,79.62574768066406,353.3873291015625,-0.903989851474762,-0.4201829731464386,-0.07904790341854095
189256,-13.295585632324219,20.78438377380371,134.69268798828125,-8.30078125,-2.62451171875,-1.220703125,-123.44157409667969,79.54706573486328,353.6835632324219,-0.9194442629814148,-0.3898281157016754,-0.0515386238694191
189432,-13.481831550598145,20.7960205078125,134.6348876953125,-6.65283203125,2.685546875,-0.48828125,-123.27529907226562,79.48436737060547,353.8157653808594,-0.9263845682144165,-0.37657132744789124,-0.002387896878644824
189557,-13.627100944519043,20.83310890197754,134.6121368408203,-13.73291015625,6.89697265625,-0.9765625,-123.1809310913086,79.39918518066406,353.8948669433594,-0.9198293089866638,-0.3922818899154663,-0.005381916183978319
189666,-13.632427215576172,20.880645751953125,134.65367126464844,-12.451171875,6.4697265625,2.86865234375,-123.02396392822266,79.31108093261719,354.0833435058594,-0.9166465401649475,-0.3990687131881714,-0.02243037335574627
189854,-13.422654151916504,20.89090919494629,134.74664306640625,5.79833984375,2.86865234375,1.03759765625,-122.61558532714844,79.23407745361328,354.3782043457031,-0.9249861240386963,-0.3799007534980774,0.008712772279977798
189963,-13.261028289794922,20.868133544921875,134.787841796875,5.37109375,2.685546875,0.67138671875,-122.46876525878906,79.2147445678711,354.43267822265625,-0.9149442315101624,-0.40345877408981323,0.009907419793307781
190156,-13.121757507324219,20.821163177490234,134.8276824951172,2.3193359375,0.48828125,0.54931640625,-122.23751831054688,79.17044830322266,354.6376953125,-0.9181225299835205,-0.3962862193584442,-0.0028561167418956757
190328,-12.882328987121582,20.790769577026367,134.89913940429688,2.62451171875,1.15966796875,0.30517578125,-121.6534423828125,79.07733917236328,355.1727600097656,-0.923186182975769,-0.3843532204627991,-0.0001191054325317964
190453,-12.746638298034668,20.80898666381836,134.94053649902344,1.64794921875,3.11279296875,0.732421875,-121.37423706054688,79.03030395507812,355.411376953125,-0.9246870875358582,-0.3807113766670227,0.0035803578794002533
190572,-12.55221176147461,20.806440353393555,134.99920654296875,1.953125,2.99072265625,0.54931640625,-120.96415710449219,78.96361541748047,355.7632141113281,-0.9216039180755615,-0.3881315290927887,-0.0004765273770317435
190697,-12.310690879821777,20.792043685913086,135.07244873046875,1.708984375,3.72314453125,0.67138671875,-120.3790512084961,78.86155700683594,356.27197265625,-0.9191609621047974,-0.39387497305870056,-0.0023871210869401693
190818,-12.213155746459961,20.75351333618164,135.10113525390625,1.52587890625,3.0517578125,0.54931640625,-120.07150268554688,78.8026351928711,356.54547119140625,-0.9205003976821899,-0.39070314168930054,-0.005482716020196676
190937,-12.088757514953613,20.741512298583984,135.13894653320312,1.77001953125,2.13623046875,0.42724609375,-119.73985290527344,78.73744201660156,356.83892822265625,-0.9239360094070435,-0.3823224604129791,-0.013105475343763828
191118,-11.947035789489746,20.7194881439209,135.17454528808594,1.8310546875,3.96728515625,0.48828125,-119.16400146484375,78.63624572753906,357.34161376953125,-0.925853431224823,-0.3777262270450592,-0.010874117724597454
191298,-11.81977653503418,20.69639015197754,135.2130889892578,3.0517578125,1.77001953125,0.732421875,-118.74797821044922,78.57449340820312,357.72491455078125,-0.9305478930473328,-0.36541086435317993,-0.023567214608192444
191418,-11.741045951843262,20.791807174682617,135.23745727539062,1.5869140625,2.9296875,0.91552734375,-118.26622772216797,78.50054168701172,358.17449951171875,-0.9319197535514832,-0.3616138696670532,-0.0275877732783556
191537,-11.588751792907715,20.7842960357666,135.28001403808594,4.45556640625,-1.03759765625,0.8544921875,-117.04573059082031,78.31561279296875,359.421875,-0.9325639605522156,-0.35418227314949036,-0.06985228508710861
191658,-11.506264686584473,20.77294158935547,135.24293518066406,22.39990234375,-2.74658203125,2.685546875,-115.9050064086914,78.23387908935547,0.7137203216552734,-0.9608901739120483,-0.26792383193969727,-0.0700492262840271
191777,-11.569182395935059,20.83312225341797,135.2183837890625,0.91552734375,2.685546875,1.52587890625,-115.40653991699219,78.1094970703125,1.2108761072158813,-0.9452216029167175,-0.3147939443588257,-0.08637639135122299
191898,-11.683759689331055,20.984649658203125,135.1818084716797,2.685546875,4.69970703125,1.89208984375,-115.55532836914062,78.02085876464844,0.9851520657539368,-0.9449917674064636,-0.2994900643825531,-0.13151520490646362
192078,-11.799942970275879,21.088491439819336,135.1162109375,-0.244140625,6.40869140625,-1.220703125,-116.07417297363281,78.02450561523438,0.4770679473876953,-0.938317060470581,-0.33010441064834595,-0.10291911661624908
192198,-12.030754089355469,21.20194435119629,135.05101013183594,-14.83154296875,8.48388671875,-1.03759765625,-116.59580993652344,77.994140625,359.92193603515625,-0.9305189847946167,-0.36167657375335693,-0.05765858292579651
192318,-11.966060638427734,21.294960021972656,135.08995056152344,-2.38037109375,9.033203125,2.44140625,-116.97491455078125,78.0103759765625,359.4322814941406,-0.9214300513267517,-0.3844083547592163,-0.05654120817780495
192438,-11.836248397827148,21.25522232055664,135.15037536621094,4.0283203125,-2.01416015625,-0.67138671875,-117.32625579833984,78.00537872314453,358.9598693847656,-0.8995876908302307,-0.43274766206741333,-0.05891925469040871
192558,-11.905474662780762,21.27126693725586,135.10894775390625,-1.64794921875,4.82177734375,1.77001953125,-117.25115203857422,77.92096710205078,359.29736328125,-0.8946701884269714,-0.4415888786315918,-0.06756170094013214
192678,-11.914339065551758,21.41379165649414,135.1953125,2.86865234375,20.6298828125,16.66259765625,-117.14595794677734,77.81571197509766,359.6015625,-0.9030033946037292,-0.42334404587745667,-0.07324450463056564
192798,-11.685447692871094,21.519451141357422,135.625732421875,13.0615234375,15.93017578125,42.29736328125,-117.15323638916016,77.80784606933594,359.8041076660156,-0.9225378632545471,-0.3835166394710541,0.042881932109594345
192918,-11.44246768951416,21.621597290039062,136.27374267578125,-1.15966796875,-5.18798828125,63.720703125,-116.91925811767578,77.69464111328125,0.4667953550815582,-0.9029102921485901,-0.4290734529495239,0.025475099682807922
193038,-11.158042907714844,21.46592903137207,136.7300262451172,6.77490234375,-10.19287109375,12.451171875,-116.76880645751953,77.67498779296875,0.7662308216094971,-0.9377424120903015,-0.34000295400619507,0.07097264379262924
193157,-11.243247032165527,21.479564666748047,136.69215393066406,6.04248046875,8.6669921875,17.4560546875,-116.55010223388672,77.62759399414062,1.041487455368042,-0.9232708215713501,-0.3836654722690582,0.01928028091788292
193398,-11.203163146972656,21.67336654663086,137.3001708984375,-10.68115234375,7.62939453125,61.1572265625,-116.26842498779297,77.56990814208984,1.6525025367736816,-0.9477664232254028,-0.3043670058250427,0.09539128094911575
193518,-11.175048828125,21.735485076904297,137.3323974609375,10.7421875,12.6953125,5.92041015625,-116.00240325927734,77.54938507080078,1.949014663696289,-0.9215064644813538,-0.3838803470134735,0.058835018426179886
193638,-11.122048377990723,21.662567138671875,137.42465209960938,5.126953125,-3.11279296875,12.02392578125,-115.78946685791016,77.52921295166016,2.2112529277801514,-0.9283152222633362,-0.36857980489730835,0.04878262057900429
193818,-10.919833183288574,21.212141036987305,138.43763732910156,-0.732421875,-15.380859375,24.10888671875,-115.1810302734375,77.43025207519531,3.4839768409729004,-0.9398645758628845,-0.3088550567626953,0.1458185315132141
193936,-10.606341361999512,21.0253849029541,139.09356689453125,-10.92529296875,-2.86865234375,31.8603515625,-114.93182373046875,77.39600372314453,4.022865295410156,-0.9610408544540405,-0.21609559655189514,0.17234617471694946
194057,-10.431870460510254,21.022741317749023,139.33047485351562,22.3388671875,-2.50244140625,27.34375,-114.62776184082031,77.39991760253906,4.395670413970947,-0.9615445733070374,-0.2639181315898895,0.07602185755968094
194178,-10.074740409851074,20.818466186523438,139.918701171875,23.193359375,-22.4609375,36.7431640625,-114.08624267578125,77.38542938232422,5.075287818908691,-0.9561731815338135,-0.26536545157432556,0.12374986708164215
194298,-9.88499641418457,20.784839630126953,140.1536407470703,17.27294921875,0.8544921875,17.822265625,-113.80668640136719,77.39710235595703,5.378411769866943,-0.9545295238494873,-0.28695395588874817,0.08081366121768951
194418,-9.963907241821289,20.745635986328125,140.10501098632812,5.4931640625,2.44140625,-0.42724609375,-113.5726089477539,77.40859985351562,5.536721706390381,-0.9505712985992432,-0.2872005105018616,0.11802596598863602
194538,-10.094407081604004,20.750404357910156,139.96815490722656,2.685546875,7.62939453125,-1.708984375,-113.33047485351562,77.42250061035156,5.689253807067871,-0.9507548809051514,-0.2925862967967987,0.10226667672395706
194651,-10.245783805847168,20.803218841552734,139.84141540527344,2.5634765625,6.591796875,-2.9296875,-112.96316528320312,77.43803405761719,5.949155807495117,-0.9500923156738281,-0.30019906163215637,0.08488304167985916
194776,-10.493911743164062,20.92568588256836,139.55059814453125,1.5869140625,11.65771484375,-12.14599609375,-112.75,77.46624755859375,6.044764995574951,-0.9531117677688599,-0.28776344656944275,0.09364870190620422
194885,-10.864277839660645,21.06502342224121,139.11671447753906,-11.77978515625,24.47509765625,-36.92626953125,-112.57001495361328,77.48933410644531,5.959510803222656,-0.9398864507675171,-0.3357253968715668,0.06246614828705788
195010,-11.173986434936523,21.168060302734375,138.6835479736328,-7.8125,20.3857421875,-25.2685546875,-112.47249603271484,77.51287841796875,5.804656505584717,-0.9462096691131592,-0.3064834475517273,0.10370724648237228
195135,-11.544536590576172,21.377290725708008,138.03317260742188,1.15966796875,25.69580078125,-31.6162109375,-112.3218994140625,77.54593658447266,5.405882835388184,-0.9361379742622375,-0.34331971406936646,0.07600859552621841
195245,-11.824349403381348,21.58160400390625,137.44775390625,-0.8544921875,35.82763671875,-45.47119140625,-112.26643371582031,77.55901336669922,5.036041736602783,-0.9169897437095642,-0.3985913395881653,0.015958160161972046
195432,-12.39614200592041,21.761035919189453,136.6160430908203,-23.62060546875,40.771484375,-71.533203125,-112.20000457763672,77.56869506835938,4.659220218658447,-0.9300642609596252,-0.36151719093322754,0.06546685844659805
195604,-12.876970291137695,21.855892181396484,135.8238067626953,0.1220703125,28.99169921875,-49.25537109375,-112.1529541015625,77.56718444824219,4.237893104553223,-0.8962380290031433,-0.44328513741493225,0.015993593260645866
195729,-13.74670696258545,21.794147491455078,134.909912109375,-58.4716796875,13.73291015625,-55.48095703125,-112.13228607177734,77.4811782836914,3.6931445598602295,-0.8950079083442688,-0.4460391402244568,-0.0031737869139760733
195854,-15.279391288757324,21.503314971923828,133.6369171142578,-65.4296875,-6.591796875,-65.4296875,-112.18816375732422,77.34197235107422,3.0437300205230713,-0.9084218740463257,-0.41752514243125916,-0.02103160321712494
196088,-15.479736328125,21.245956420898438,133.1808319091797,0.42724609375,-4.2724609375,-20.32470703125,-112.14399719238281,77.18683624267578,2.6237144470214844,-0.8969208002090454,-0.44146350026130676,-0.025356343016028404
196213,-15.218120574951172,20.91150665283203,132.88955688476562,20.56884765625,-11.8408203125,-35.82763671875,-112.07174682617188,77.08260345458984,2.1084177494049072,-0.9228073358535767,-0.38258281350135803,-0.04535398632287979
196323,-15.063430786132812,20.658279418945312,132.32427978515625,28.6865234375,-7.50732421875,-66.2841796875,-112.00889587402344,77.00674438476562,1.4594677686691284,-0.8988089561462402,-0.4340886175632477,-0.06090589612722397
196697,-14.66545295715332,20.214946746826172,131.5461883544922,10.80322265625,-1.64794921875,-22.52197265625,-112.12103271484375,76.79962921142578,0.3754073977470398,-0.8642494082450867,-0.4900249242782593,-0.11379165202379227
196817,-14.520756721496582,20.176504135131836,131.567138671875,1.8310546875,5.18798828125,6.8359375,-112.16578674316406,76.70677947998047,0.2791290581226349,-0.8620739579200745,-0.4883009195327759,-0.13561253249645233
196937,-14.380468368530273,20.258514404296875,131.76779174804688,-4.0283203125,12.75634765625,24.5361328125,-112.17738342285156,76.61402130126953,0.41409361362457275,-0.8836949467658997,-0.4486071467399597,-0.1335476189851761
197057,-13.797492027282715,21.023162841796875,133.71713256835938,-11.77978515625,9.765625,56.33544921875,-111.98919677734375,76.25406646728516,2.1760365962982178,-0.8945589065551758,-0.44574645161628723,-0.032782409340143204
197177,-13.570907592773438,21.23006820678711,134.4287109375,-18.798828125,7.32421875,64.697265625,-111.89866638183594,76.15879821777344,2.8239755630493164,-0.9074432849884033,-0.4200173020362854,0.011494201608002186
197297,-13.390499114990234,21.36271858215332,134.95166015625,-11.5966796875,4.08935546875,39.306640625,-111.69564819335938,76.10652923583984,3.39980149269104,-0.9239665865898132,-0.37765535712242126,0.060515571385622025
197417,-13.091917991638184,21.438274383544922,135.3988494873047,13.3056640625,9.6435546875,17.27294921875,-111.3013687133789,76.05534362792969,4.072725296020508,-0.9351262450218201,-0.3457530736923218,0.07741964608430862
197537,-12.89623737335205,21.428668975830078,135.44439697265625,6.34765625,2.99072265625,-1.03759765625,-110.95991516113281,76.03857421875,4.332422733306885,-0.9367899894714355,-0.34874066710472107,0.028362508863210678
197657,-12.72622013092041,21.413818359375,135.44064331054688,10.92529296875,5.0048828125,2.01416015625,-110.57254791259766,75.96524047851562,4.638620376586914,-0.9171448945999146,-0.39732158184051514,0.03131883218884468
197777,-12.533426284790039,21.30459213256836,135.8093719482422,-13.671875,-18.98193359375,37.9638671875,-110.3397216796875,75.90162658691406,4.994842052459717,-0.9363332986831665,-0.35039860010147095,0.022379020228981972
198077,-11.999608039855957,21.35013771057129,136.0604248046875,22.216796875,21.54541015625,16.17431640625,-110.06826782226562,75.99533081054688,5.2214131355285645,-0.850732684135437,-0.5179464221000671,0.08936130255460739
198197,-11.689569473266602,21.34755516052246,136.0944061279297,30.6396484375,9.765625,1.5869140625,-109.91011810302734,76.0146255493164,5.404421329498291,-0.9245821237564087,-0.38059306144714355,0.01723042130470276
198317,-11.639617919921875,21.258249282836914,136.15916442871094,-6.40869140625,-0.244140625,13.12255859375,-109.66046142578125,75.95996856689453,5.670607089996338,-0.9379044771194458,-0.34592965245246887,0.025842556729912758
198437,-11.308640480041504,21.111026763916016,136.35604858398438,0.8544921875,-0.244140625,6.16455078125,-108.89037322998047,75.8674545288086,6.4194416999816895,-0.9375734925270081,-0.3477117419242859,0.007251424249261618
198557,-11.19948673248291,21.07533073425293,136.39962768554688,3.23486328125,4.33349609375,-0.732421875,-108.68081665039062,75.86376190185547,6.5793776512146,-0.9227294921875,-0.3835173547267914,0.038532353937625885
198675,-11.122429847717285,21.089828491210938,136.3577423095703,4.39453125,9.70458984375,-3.11279296875,-108.46853637695312,75.85150909423828,6.726363182067871,-0.9157801866531372,-0.39761075377464294,0.057029303163290024
198785,-11.031588554382324,20.918367385864258,136.06790161132812,13.12255859375,4.21142578125,-14.46533203125,-108.13831329345703,75.83712005615234,6.720147609710693,-0.9171146154403687,-0.39799538254737854,-0.022368649020791054
198972,-11.027617454528809,20.87763023376465,135.87828063964844,9.8876953125,10.43701171875,-11.5966796875,-107.97168731689453,75.81688690185547,6.707102298736572,-0.8997741341590881,-0.43623244762420654,-0.0103751290589571
199144,-10.973663330078125,20.81948471069336,135.85882568359375,7.080078125,2.44140625,2.38037109375,-107.86042785644531,75.7695541381836,6.731800079345703,-0.9055075645446777,-0.42398667335510254,-0.01706928201019764
199332,-10.93110179901123,20.74528694152832,135.86492919921875,2.685546875,3.2958984375,-1.77001953125,-107.71559143066406,75.72205352783203,6.804910659790039,-0.905037522315979,-0.4253292977809906,-0.0014373279409483075
199457,-10.889491081237793,20.58176612854004,135.78858947753906,5.2490234375,2.86865234375,-0.3662109375,-107.43267822265625,75.58255004882812,6.967059135437012,-0.9097406268119812,-0.4144773483276367,-0.024091945961117744
199628,-10.869791030883789,20.49304962158203,135.76174926757812,3.7841796875,4.0283203125,1.3427734375,-107.23284149169922,75.48123931884766,7.105152130126953,-0.9046298265457153,-0.4259328544139862,-0.0150413503870368
199816,-10.845590591430664,20.341894149780273,135.76895141601562,2.50244140625,2.0751953125,-0.8544921875,-107.01943969726562,75.34136199951172,7.278474807739258,-0.9116390347480774,-0.41029125452041626,-0.023987360298633575
199925,-10.857304573059082,20.267230987548828,135.74095153808594,1.40380859375,5.18798828125,-1.46484375,-106.89559173583984,75.28131866455078,7.3433613777160645,-0.9108065962791443,-0.4127334654331207,-0.009071065112948418
200056,-10.855117797851562,20.16451072692871,135.75233459472656,0.91552734375,1.220703125,5.2490234375,-106.76228332519531,75.16558837890625,7.467370510101318,-0.9041193723678589,-0.42654597759246826,-0.025034572929143906
200228,-10.256949424743652,19.940385818481445,136.3178253173828,65.91796875,-16.17431640625,40.4052734375,-106.44841003417969,74.98336791992188,7.947956085205078,-0.9264782667160034,-0.37536895275115967,0.027129318565130234
200353,-9.935093879699707,19.95020294189453,136.55935668945312,17.39501953125,10.25390625,20.1416015625,-106.33235168457031,74.87571716308594,8.079683303833008,-0.8894657492637634,-0.4556235373020172,-0.03546912595629692
200478,-9.619880676269531,19.872987747192383,136.9112091064453,34.912109375,-12.14599609375,38.39111328125,-106.17124938964844,74.7997817993164,8.35304069519043,-0.9256244897842407,-0.37704360485076904,0.03251834958791733
200717,-9.275956153869629,19.67136573791504,137.25791931152344,28.62548828125,-8.85009765625,26.91650390625,-105.8880844116211,74.67403411865234,8.656929969787598,-0.9295328855514526,-0.3687353730201721,0.0016701052663847804
200837,-9.081559181213379,19.59773063659668,137.54295349121094,20.56884765625,-12.6953125,34.66796875,-105.75833892822266,74.60955810546875,8.791908264160156,-0.9244884848594666,-0.38077083230018616,0.01829240471124649
200957,-8.999088287353516,19.47654151916504,137.77291870117188,5.859375,-4.638671875,13.48876953125,-105.62281799316406,74.5470962524414,8.952950477600098,-0.9140805006027222,-0.4053925573825836,0.010665071196854115
201077,-9.035266876220703,19.182233810424805,138.22254943847656,1.77001953125,-10.31494140625,13.12255859375,-105.21975708007812,74.36698150634766,9.580439567565918,-0.9288570880889893,-0.37029895186424255,0.010166476480662823
201197,-9.098443984985352,19.123449325561523,138.2814178466797,1.8310546875,0.42724609375,2.38037109375,-105.00099182128906,74.33496856689453,9.808786392211914,-0.9386873245239258,-0.3408357799053192,0.05193457752466202
201377,-9.165505409240723,19.08456039428711,138.30596923828125,1.15966796875,-2.25830078125,5.18798828125,-104.8116455078125,74.30961608886719,9.988515853881836,-0.9333897829055786,-0.3572291433811188,0.03421551734209061
201497,-9.274840354919434,19.04336929321289,138.3765106201172,1.220703125,-0.67138671875,6.16455078125,-104.55413818359375,74.26893615722656,10.32880973815918,-0.9375503063201904,-0.34642621874809265,0.031438954174518585
201617,-9.373587608337402,19.03316307067871,138.3399658203125,3.2958984375,3.662109375,-0.06103515625,-104.32302856445312,74.25218963623047,10.527213096618652,-0.9357037544250488,-0.350620299577713,0.039037398993968964
201737,-9.511151313781738,19.026330947875977,138.29843139648438,1.52587890625,1.28173828125,2.5634765625,-104.00757598876953,74.21131896972656,10.802251815795898,-0.9400877356529236,-0.34006986021995544,0.02423952892422676
201857,-9.6126070022583,19.038684844970703,138.25180053710938,1.77001953125,3.60107421875,-1.03759765625,-103.8006591796875,74.1958236694336,10.953922271728516,-0.9360140562057495,-0.3509301245212555,0.026939118281006813
201977,-9.752626419067383,19.081846237182617,138.17185974121094,2.197265625,4.94384765625,0.42724609375,-103.5095443725586,74.17047119140625,11.17155933380127,-0.9345628023147583,-0.3541060984134674,0.03465770184993744
202097,-9.844720840454102,19.102210998535156,138.12176513671875,3.41796875,5.06591796875,-0.30517578125,-103.33321380615234,74.14115905761719,11.311373710632324,-0.9300633668899536,-0.3665221631526947,0.025371862575411797
202217,-9.945631980895996,19.09867286682129,138.0901336669922,1.52587890625,2.44140625,1.953125,-103.1521987915039,74.11563873291016,11.45860481262207,-0.9360089302062988,-0.3507044315338135,0.029892979189753532
202397,-10.050421714782715,19.114986419677734,138.0477752685547,1.52587890625,4.5166015625,0.67138671875,-102.98030090332031,74.08959197998047,11.591206550598145,-0.932948648929596,-0.3590836822986603,0.02580242045223713
202517,-10.207775115966797,19.117490768432617,137.98390197753906,1.220703125,2.38037109375,0.1220703125,-102.718994140625,74.04167175292969,11.797969818115234,-0.9314334392547607,-0.3625096380710602,0.03191232308745384
202628,-10.35299301147461,19.141437530517578,137.9107666015625,-4.21142578125,8.4228515625,-4.8828125,-102.55329895019531,74.0083236694336,11.945215225219727,-0.9334772825241089,-0.35791853070259094,0.022683294489979744
202753,-10.848987579345703,19.292409896850586,137.5484161376953,-15.31982421875,14.95361328125,-16.29638671875,-102.28204345703125,73.96617889404297,12.178739547729492,-0.9343342781066895,-0.35479241609573364,0.033789753913879395
202863,-11.236480712890625,19.368070602416992,137.22755432128906,-5.9814453125,9.033203125,-13.24462890625,-102.06551361083984,73.95562744140625,12.260920524597168,-0.9239393472671509,-0.38247624039649963,0.006928051821887493
202988,-11.396888732910156,19.407119750976562,137.10877990722656,-2.685546875,8.544921875,-5.0048828125,-101.93865966796875,73.93983459472656,12.30549430847168,-0.9234549403190613,-0.381327748298645,0.04266352206468582
203113,-11.624476432800293,19.4815731048584,136.89599609375,-6.34765625,14.16015625,-14.892578125,-101.78462219238281,73.9185791015625,12.321544647216797,-0.9309449195861816,-0.3637816607952118,0.03169582784175873
203222,-12.019652366638184,19.603351593017578,136.51846313476562,-27.7099609375,30.6396484375,-39.306640625,-101.65773010253906,73.88711547851562,12.249281883239746,-0.9169912934303284,-0.3966245949268341,0.04261156544089317
203347,-12.507396697998047,19.680038452148438,136.10891723632812,-14.22119140625,15.68603515625,-20.08056640625,-101.49996948242188,73.84190368652344,12.239773750305176,-0.9202195405960083,-0.3913412392139435,0.006930623669177294
203472,-12.723875999450684,19.633481979370117,135.99484252929688,-9.521484375,5.7373046875,-7.99560546875,-101.43150329589844,73.80562591552734,12.229474067687988,-0.9182337522506714,-0.39373308420181274,0.04267527908086777
203644,-13.352313995361328,19.599454879760742,135.60325622558594,-48.583984375,19.71435546875,-37.90283203125,-101.33883666992188,73.75148010253906,12.13611888885498,-0.9078102707862854,-0.4177754521369934,0.03666362166404724
203769,-14.226536750793457,19.41915512084961,135.02859497070312,-25.87890625,5.92041015625,-24.7802734375,-101.1762466430664,73.69189453125,12.035032272338867,-0.9168212413787842,-0.3988540470600128,0.01882639341056347
203894,-14.315743446350098,19.38359260559082,134.8788299560547,4.69970703125,6.04248046875,-1.46484375,-101.06982421875,73.62279510498047,12.084304809570312,-0.9113812446594238,-0.41135576367378235,0.013060814701020718
204003,-14.00492000579834,19.160707473754883,135.1494903564453,1.77001953125,-9.82666015625,11.16943359375,-100.9644546508789,73.54193115234375,12.195022583007812,-0.9102237820625305,-0.41407865285873413,0.005619388073682785
204128,-14.0829496383667,19.11185646057129,135.05618286132812,-6.4697265625,5.43212890625,-1.64794921875,-100.82524108886719,73.48123168945312,12.26209545135498,-0.9229037761688232,-0.3850061595439911,0.004347622860223055
204253,-14.143123626708984,19.065095901489258,135.0335235595703,-17.88330078125,10.7421875,-9.58251953125,-100.64640045166016,73.39689636230469,12.425719261169434,-0.9255028963088989,-0.3765367567539215,0.040797483175992966
204363,-14.206910133361816,19.03826904296875,134.95558166503906,-8.97216796875,2.99072265625,-5.92041015625,-100.48632049560547,73.33817291259766,12.52085018157959,-0.927184522151947,-0.37301772832870483,0.03444723039865494
204488,-14.139846801757812,19.00808334350586,134.78692626953125,8.056640625,7.38525390625,-23.01025390625,-100.21867370605469,73.32588195800781,12.541626930236816,-0.9331115484237671,-0.35711824893951416,0.04206354171037674
204737,-13.99593448638916,18.87535858154297,134.24465942382812,13.7939453125,7.87353515625,-40.6494140625,-99.81021118164062,73.32028198242188,12.34528636932373,-0.9159725308418274,-0.4008272886276245,-0.018219422549009323
204977,-13.895914077758789,18.77488136291504,133.94747924804688,11.65771484375,7.4462890625,-26.42822265625,-99.7235107421875,73.29766082763672,12.090124130249023,-0.9137610793113708,-0.4025181531906128,-0.05495329946279526
205097,-14.022359848022461,18.664199829101562,133.2524871826172,3.60107421875,14.34326171875,-65.5517578125,-99.46394348144531,73.27957153320312,11.76174259185791,-0.9035174250602722,-0.4269797205924988,-0.03666584566235542
205217,-13.785454750061035,18.249923706054688,132.00010681152344,23.3154296875,-0.79345703125,-41.93115234375,-99.38529968261719,73.24153137207031,10.537581443786621,-0.8794981837272644,-0.45310360193252563,-0.1455344557762146
205337,-13.677706718444824,18.014711380004883,131.4381866455078,11.90185546875,9.70458984375,3.173828125,-99.64669036865234,73.16309356689453,9.759745597839355,-0.8513394594192505,-0.48168349266052246,-0.2078513205051422
205457,-13.680330276489258,18.07455062866211,131.91445922851562,-15.07568359375,1.77001953125,57.9833984375,-100.0546875,73.04621124267578,9.814579010009766,-0.8788592219352722,-0.4472322463989258,-0.16610132157802582
205577,-13.39777946472168,18.24429702758789,133.74545288085938,-6.28662109375,-19.34814453125,136.16943359375,-100.88128662109375,72.75532531738281,10.622699737548828,-0.9099640846252441,-0.41333678364753723,-0.03343605622649193
205757,-13.169978141784668,18.331588745117188,135.02561950683594,-19.4091796875,-18.73779296875,111.75537109375,-101.13925170898438,72.5793685913086,11.362777709960938,-0.9339741468429565,-0.3524223566055298,0.05908292904496193
205937,-12.770301818847656,18.083009719848633,135.763916015625,-0.79345703125,-28.50341796875,35.82763671875,-101.07376861572266,72.5250473022461,11.784965515136719,-0.9488411545753479,-0.3054320514202118,0.08007305860519409
206117,-12.668607711791992,17.948766708374023,135.80047607421875,1.8310546875,-10.68115234375,-1.5869140625,-100.87630462646484,72.53837585449219,11.94898509979248,-0.9347030520439148,-0.3544275760650635,0.026668384671211243
206237,-12.664447784423828,17.843992233276367,135.4937286376953,6.4697265625,2.8076171875,-9.765625,-100.3720932006836,72.52162170410156,12.099085807800293,-0.9203684329986572,-0.3909372091293335,0.009485889226198196
206417,-12.610078811645508,17.721324920654297,135.47439575195312,-1.77001953125,-5.4931640625,-5.4931640625,-100.09876251220703,72.46946716308594,12.270127296447754,-0.9294655919075012,-0.3664873242378235,0.04219939187169075
206537,-12.239534378051758,17.35494041442871,135.6157989501953,8.97216796875,-26.30615234375,1.03759765625,-99.78475952148438,72.42105865478516,12.435541152954102,-0.9318293929100037,-0.36260858178138733,-0.014461669139564037
206643,-12.135965347290039,17.34977149963379,135.65438842773438,3.7841796875,-6.16455078125,0.0,-99.60519409179688,72.38130950927734,12.584247589111328,-0.9301523566246033,-0.36685910820961,0.015201672911643982
206768,-12.024657249450684,17.49578857421875,135.65919494628906,1.03759765625,2.3193359375,-0.244140625,-99.35344696044922,72.30946350097656,12.783607482910156,-0.9348859786987305,-0.3548082709312439,0.009964524768292904
206893,-11.98195743560791,17.777145385742188,135.6701202392578,-2.197265625,10.80322265625,1.46484375,-99.17356872558594,72.24622344970703,12.897958755493164,-0.9224814176559448,-0.3860384225845337,0.0015517933061346412
207003,-11.911324501037598,17.945903778076172,135.69113159179688,0.54931640625,7.080078125,1.52587890625,-99.07689666748047,72.20541381835938,12.95628833770752,-0.9149532914161682,-0.40353259444236755,0.0046699619852006435
207128,-11.814491271972656,18.041854858398438,135.71839904785156,2.3193359375,-1.3427734375,0.1220703125,-98.99169158935547,72.1600570678711,13.016639709472656,-0.9262520670890808,-0.37688302993774414,0.004033372271806002
207315,-11.731599807739258,18.193403244018555,135.7371826171875,2.8076171875,8.4228515625,1.64794921875,-98.900146484375,72.12895202636719,13.10383415222168,-0.9299681186676025,-0.36683329939842224,0.024344714358448982
207425,-11.599242210388184,18.823503494262695,135.68655395507812,-9.1552734375,35.2783203125,-1.8310546875,-98.74278259277344,71.98036193847656,13.179963111877441,-0.9220783114433289,-0.3775530457496643,-0.08500190824270248
207550,-11.539124488830566,18.77701759338379,135.58253479003906,11.16943359375,-15.2587890625,-15.80810546875,-98.60240936279297,72.12080383300781,13.139664649963379,-0.9650851488113403,-0.2615123689174652,-0.014895513653755188
207737,-11.469512939453125,18.6888427734375,135.6741180419922,-2.13623046875,-7.080078125,0.9765625,-98.12446594238281,71.94588470458984,13.63242244720459,-0.9462773203849792,-0.3228316605091095,-0.018412452191114426
207848,-11.366943359375,18.460079193115234,135.75770568847656,-0.79345703125,-0.91552734375,2.5634765625,-97.66104125976562,71.67269134521484,14.111942291259766,-0.9312319159507751,-0.3642332851886749,-0.011885002255439758
208083,-11.313956260681152,18.438495635986328,135.75384521484375,6.4697265625,-3.41796875,1.46484375,-97.30745697021484,71.5790023803711,14.443848609924316,-0.93717360496521,-0.34832891821861267,-0.019304390996694565
208208,-11.273170471191406,18.331960678100586,135.80117797851562,6.8359375,7.14111328125,-0.1220703125,-97.19612884521484,71.50094604492188,14.508981704711914,-0.9442622065544128,-0.32811740040779114,-0.026607338339090347
208333,-11.216752052307129,18.477556228637695,135.75621032714844,4.69970703125,17.15087890625,-2.62451171875,-97.3275146484375,71.69805908203125,14.343567848205566,-0.962486982345581,-0.2658897638320923,-0.054050516337156296
208458,-11.282563209533691,18.555158615112305,135.75303649902344,-12.75634765625,-5.126953125,-5.7373046875,-98.07481384277344,71.78630065917969,13.62104320526123,-0.9507858157157898,-0.3020586669445038,-0.06904198229312897
208567,-11.218985557556152,18.596696853637695,135.75474548339844,1.8310546875,9.27734375,-1.03759765625,-98.18927764892578,71.89458465576172,13.436655044555664,-0.9650343656539917,-0.2564677298069,-0.05415644124150276
208697,-11.164810180664062,18.776948928833008,135.75071716308594,-5.37109375,8.72802734375,-4.39453125,-98.80728912353516,71.93999481201172,12.801215171813965,-0.9709993004798889,-0.21150480210781097,-0.11147203296422958
208817,-11.145146369934082,18.847957611083984,135.7810821533203,2.86865234375,0.67138671875,1.708984375,-99.11836242675781,72.05864715576172,12.473816871643066,-0.9635758399963379,-0.25886034965515137,-0.06717871129512787
208997,-11.081095695495605,18.948440551757812,135.7603759765625,12.63427734375,5.31005859375,8.36181640625,-99.13990020751953,72.12762451171875,12.391704559326172,-0.9693988561630249,-0.23936069011688232,-0.05451972037553787
209117,-11.184765815734863,19.13256072998047,135.7404327392578,-4.33349609375,4.69970703125,4.39453125,-99.34892272949219,72.11515045166016,12.16951847076416,-0.9366474151611328,-0.3461233973503113,-0.05376087874174118
209237,-11.010052680969238,19.313030242919922,135.74229431152344,12.39013671875,0.18310546875,-0.8544921875,-99.5803451538086,72.22107696533203,11.880096435546875,-0.9472552537918091,-0.3120993971824646,-0.07281140983104706
209357,-10.902681350708008,19.40699577331543,135.75279235839844,13.427734375,0.18310546875,2.74658203125,-99.74125671386719,72.0871810913086,11.808666229248047,-0.9506062865257263,-0.30578529834747314,-0.053319454193115234
209477,-10.941468238830566,19.49593734741211,135.73419189453125,1.953125,2.86865234375,0.54931640625,-99.9748764038086,72.0403060913086,11.583255767822266,-0.9435157179832458,-0.3206743597984314,-0.08334388583898544
209657,-10.964001655578613,19.623424530029297,135.71533203125,4.5166015625,3.5400390625,1.15966796875,-100.267333984375,72.08438110351562,11.28051471710205,-0.9513221383094788,-0.3013431131839752,-0.06464142352342606
209777,-11.032709121704102,19.774076461791992,135.680908203125,4.5166015625,3.60107421875,0.9765625,-100.5721664428711,72.00779724121094,10.928773880004883,-0.9459192156791687,-0.31809353828430176,-0.06366649270057678
210017,-11.08551025390625,19.874977111816406,135.6555938720703,0.3662109375,2.197265625,-0.3662109375,-100.81370544433594,71.96037292480469,10.666316986083984,-0.9465785026550293,-0.3147325813770294,-0.07023155689239502
210137,-11.167773246765137,20.04073143005371,135.6165771484375,1.77001953125,2.99072265625,0.6103515625,-101.23342895507812,71.91499328613281,10.239771842956543,-0.9479216933250427,-0.30877357721328735,-0.07812343537807465
210257,-11.242807388305664,20.216609954833984,135.58502197265625,1.40380859375,3.5400390625,1.28173828125,-101.68548583984375,71.87388610839844,9.794252395629883,-0.9455922842025757,-0.3129531741142273,-0.08896863460540771
210377,-11.384419441223145,20.417491912841797,135.52659606933594,1.0986328125,3.84521484375,0.6103515625,-102.20728302001953,71.76412200927734,9.259748458862305,-0.9441603422164917,-0.31995677947998047,-0.07867003232240677
210497,-11.503841400146484,20.556386947631836,135.4822540283203,2.01416015625,3.47900390625,1.3427734375,-102.66706848144531,71.73031616210938,8.771445274353027,-0.944595217704773,-0.31850695610046387,-0.07932984828948975
210675,-11.57115364074707,20.66363525390625,135.454345703125,0.3662109375,3.173828125,0.48828125,-103.02935791015625,71.7416763305664,8.404062271118164,-0.9503395557403564,-0.30153971910476685,-0.07699648290872574
210784,-11.648590087890625,20.76535415649414,135.42311096191406,2.44140625,3.7841796875,1.0986328125,-103.09662628173828,71.65301513671875,8.306185722351074,-0.9480089545249939,-0.3099626898765564,-0.07212593406438828
210909,-11.718526840209961,20.86847496032715,135.39410400390625,0.1220703125,2.5634765625,0.1220703125,-103.17345428466797,71.6490249633789,8.2045259475708,-0.9502313137054443,-0.3042077422142029,-0.06721701472997665
211034,-11.872162818908691,21.074235916137695,135.337890625,1.8310546875,3.2958984375,1.220703125,-103.17135620117188,71.572265625,8.175209999084473,-0.9514398574829102,-0.2998259961605072,-0.06976030766963959
211206,-11.971653938293457,21.129892349243164,135.32415771484375,-1.0986328125,3.96728515625,3.84521484375,-103.11190795898438,71.56814575195312,8.228963851928711,-0.9479368329048157,-0.31052273511886597,-0.07064994424581528
211331,-12.006017684936523,21.190994262695312,135.34063720703125,5.06591796875,3.11279296875,6.9580078125,-103.13201141357422,71.51773834228516,8.211423873901367,-0.9455150961875916,-0.3162890374660492,-0.07721666246652603
211565,-12.052284240722656,21.262929916381836,135.38211059570312,1.52587890625,7.568359375,9.27734375,-102.9765625,71.52214050292969,8.369597434997559,-0.9477208256721497,-0.312038391828537,-0.06676281243562698
211690,-12.041937828063965,21.281295776367188,135.6132049560547,5.859375,3.47900390625,11.29150390625,-102.9702377319336,71.64689636230469,8.528918266296387,-0.9610381126403809,-0.2715529501438141,-0.05162050575017929
211815,-12.051709175109863,21.325578689575195,135.6703338623047,5.55419921875,6.103515625,11.474609375,-102.87919616699219,71.69578552246094,8.632655143737793,-0.9493898749351501,-0.30820146203041077,-0.06058661639690399
211987,-12.309675216674805,21.23401641845703,135.95541381835938,-8.6669921875,-3.96728515625,11.65771484375,-102.8525390625,71.90497589111328,8.868419647216797,-0.9622529745101929,-0.2700551450252533,-0.03375689312815666
212112,-12.413708686828613,21.197399139404297,135.9697723388672,-0.30517578125,1.220703125,5.126953125,-102.7794418334961,71.98297882080078,8.981267929077148,-0.9600881338119507,-0.27817970514297485,-0.029100779443979263
212237,-12.487271308898926,21.212203979492188,136.00076293945312,0.06103515625,3.2958984375,8.6669921875,-102.6769027709961,72.04688262939453,9.115959167480469,-0.9614244699478149,-0.2728949785232544,-0.034516360610723495
212472,-12.698677062988281,21.100664138793945,136.11170959472656,-5.92041015625,-1.953125,4.0283203125,-102.53575897216797,72.20648193359375,9.385068893432617,-0.966986894607544,-0.2537815570831299,-0.02304922230541706
212597,-12.79931354522705,21.09369468688965,136.1514129638672,-1.8310546875,2.62451171875,11.77978515625,-102.5047607421875,72.29442596435547,9.474449157714844,-0.9637332558631897,-0.2663958668708801,-0.015854036435484886
212768,-12.910370826721191,21.044069290161133,136.21450805664062,-4.57763671875,-0.244140625,10.55908203125,-102.43701171875,72.38877868652344,9.600165367126465,-0.9656707048416138,-0.2579113245010376,-0.03101162053644657
213005,-13.06973934173584,21.112024307250977,136.4720916748047,-1.77001953125,0.48828125,16.11328125,-102.3125228881836,72.60054016113281,9.966331481933594,-0.9672629237174988,-0.25335660576820374,-0.014584275893867016
213130,-13.106493949890137,21.0402774810791,136.50685119628906,-1.77001953125,-1.46484375,-0.91552734375,-102.24795532226562,72.71177673339844,10.038021087646484,-0.9739010334014893,-0.22544996440410614,-0.026251021772623062
213255,-13.25584888458252,21.03744888305664,136.43588256835938,6.103515625,7.38525390625,1.15966796875,-102.0450439453125,72.8579330444336,10.186017990112305,-0.966156005859375,-0.25794610381126404,-0.0025241696275770664
213365,-13.297938346862793,20.934324264526367,136.3837127685547,1.708984375,1.03759765625,-0.91552734375,-101.78703308105469,73.13870239257812,10.329848289489746,-0.9674545526504517,-0.2509361207485199,-0.03260146826505661
213490,-13.343245506286621,20.984813690185547,136.3231201171875,7.50732421875,8.36181640625,-0.9765625,-101.6885757446289,73.24754333496094,10.365324020385742,-0.9626942276954651,-0.26764044165611267,-0.03985372558236122
213677,-13.311076164245605,21.089157104492188,136.27610778808594,5.9814453125,8.9111328125,-3.90625,-101.60701751708984,73.37543487548828,10.335270881652832,-0.9671770930290222,-0.25228622555732727,-0.03033669851720333
213911,-13.316324234008789,21.12315559387207,135.99755859375,8.056640625,13.427734375,-17.822265625,-101.46920013427734,73.5922622680664,10.159271240234375,-0.961723268032074,-0.26991143822669983,-0.04728810116648674
214036,-13.40436840057373,21.136394500732422,135.7285919189453,2.685546875,12.451171875,-20.01953125,-101.25857543945312,73.68293762207031,10.10964298248291,-0.960543692111969,-0.2735876739025116,-0.05005818232893944
214146,-13.41805362701416,21.148025512695312,135.33419799804688,0.8544921875,23.25439453125,-28.9306640625,-100.90890502929688,73.79364013671875,9.996479988098145,-0.9572423696517944,-0.28720900416374207,-0.0346151627600193
214333,-13.637517929077148,21.0314998626709,134.73602294921875,-0.79345703125,7.4462890625,-14.892578125,-101.25245666503906,73.71915435791016,9.12027645111084,-0.9541521668434143,-0.2904202342033386,-0.07245510816574097
214443,-13.715786933898926,21.010692596435547,134.55291748046875,-1.0986328125,11.29150390625,-12.75634765625,-101.38153076171875,73.65633392333984,8.838271141052246,-0.9459514617919922,-0.31471678614616394,-0.07828895002603531
214638,-13.740442276000977,20.939701080322266,134.43724060058594,2.5634765625,2.86865234375,-1.708984375,-101.4822998046875,73.60220336914062,8.662066459655762,-0.9467514157295227,-0.3119271695613861,-0.07977036386728287
214758,-13.698387145996094,20.863004684448242,134.62049865722656,-17.333984375,12.20703125,-14.22119140625,-101.8819351196289,73.52814483642578,8.351251602172852,-0.9557064771652222,-0.29346293210983276,-0.02246318757534027
214938,-13.538658142089844,20.80023765563965,134.64759826660156,12.39013671875,2.86865234375,1.89208984375,-101.88316345214844,73.464111328125,8.311745643615723,-0.9451967477798462,-0.3187180459499359,-0.0708659365773201
215058,-13.497365951538086,20.713205337524414,134.66513061523438,-6.34765625,0.6103515625,0.42724609375,-101.97554779052734,73.33891296386719,8.156304359436035,-0.9488067626953125,-0.3102375268936157,-0.05931540206074715
215358,-13.392841339111328,20.591604232788086,134.70875549316406,2.197265625,-1.220703125,2.38037109375,-102.01692962646484,73.2055892944336,8.06995677947998,-0.9452983140945435,-0.3212086260318756,-0.05688689276576042
215538,-13.230474472045898,20.483768463134766,134.7930908203125,-3.35693359375,-0.67138671875,1.03759765625,-102.0764389038086,73.1112060546875,7.938503265380859,-0.9422338008880615,-0.3269486725330353,-0.0728013664484024
215718,-13.172235488891602,20.399761199951172,134.8303680419922,-3.11279296875,-1.0986328125,-0.91552734375,-102.07656860351562,73.03498077392578,7.879517555236816,-0.9476032853126526,-0.3142034113407135,-0.05765745788812637
215838,-12.678651809692383,20.271406173706055,135.01565551757812,6.16455078125,-3.35693359375,1.28173828125,-102.20308685302734,72.75582885742188,7.682985782623291,-0.9494830965995789,-0.30648475885391235,-0.06744571030139923
216018,-12.453217506408691,20.360326766967773,135.0858612060547,2.99072265625,1.708984375,1.0986328125,-102.25069427490234,72.62672424316406,7.594261646270752,-0.9472948908805847,-0.3136548399925232,-0.06521535664796829
216138,-12.2416353225708,20.559778213500977,135.14466857910156,1.77001953125,1.5869140625,0.06103515625,-102.41913604736328,72.45616149902344,7.374083995819092,-0.9465026259422302,-0.31478598713874817,-0.07101152092218399
216258,-12.14647102355957,20.663619995117188,135.16781616210938,0.91552734375,2.50244140625,-0.3662109375,-102.51073455810547,72.37210845947266,7.259978771209717,-0.9469970464706421,-0.31387144327163696,-0.06842014938592911
216378,-12.019837379455566,20.831581115722656,135.1922149658203,1.953125,2.62451171875,0.3662109375,-102.660400390625,72.2510757446289,7.062695503234863,-0.9454001784324646,-0.317047655582428,-0.0754932314157486
216498,-11.90665054321289,21.02191734313965,135.22422790527344,2.74658203125,2.74658203125,0.79345703125,-102.84551239013672,72.13439178466797,6.836424827575684,-0.9450589418411255,-0.3174043595790863,-0.07821835577487946
216678,-11.814913749694824,21.139175415039062,135.24510192871094,1.89208984375,3.173828125,0.0,-103.018798828125,72.06343841552734,6.637844085693359,-0.94574373960495,-0.314929336309433,-0.07992705702781677
216798,-11.755827903747559,21.282899856567383,135.2547607421875,2.01416015625,5.06591796875,0.42724609375,-103.1633529663086,71.98656463623047,6.4630866050720215,-0.9453170895576477,-0.31689199805259705,-0.07716874033212662
216918,-11.723037719726562,21.4259090423584,135.21876525878906,3.2958984375,8.48388671875,-1.28173828125,-103.34690856933594,71.92156219482422,6.242758750915527,-0.9462416768074036,-0.3137393295764923,-0.07870396226644516
217038,-11.792555809020996,21.444929122924805,135.1749267578125,1.220703125,2.3193359375,0.1220703125,-103.61341857910156,71.75550079345703,5.931124210357666,-0.9441954493522644,-0.320130854845047,-0.07753169536590576
217158,-11.775062561035156,21.55282974243164,135.17568969726562,1.708984375,2.50244140625,0.42724609375,-103.73782348632812,71.6718978881836,5.783018589019775,-0.9443702697753906,-0.3196788728237152,-0.07726665586233139
217277,-11.768590927124023,21.654293060302734,135.1730499267578,1.220703125,3.5400390625,0.732421875,-103.82147979736328,71.58628845214844,5.6741042137146,-0.9442355632781982,-0.3201972246170044,-0.07676614820957184
217458,-11.807816505432129,21.722043991088867,135.1521453857422,0.732421875,4.150390625,0.732421875,-103.87403106689453,71.45587921142578,5.58464241027832,-0.9445095658302307,-0.3198238015174866,-0.07492877542972565
217638,-11.85522174835205,21.660133361816406,135.1309051513672,1.953125,2.44140625,1.03759765625,-103.93439483642578,71.3664321899414,5.495932102203369,-0.9436039328575134,-0.3219171464443207,-0.07733673602342606
217818,-11.849644660949707,21.730838775634766,135.1286163330078,1.46484375,2.99072265625,0.79345703125,-103.907470703125,71.283203125,5.490180969238281,-0.9432263374328613,-0.32340553402900696,-0.07571607083082199
217938,-11.86117172241211,21.804973602294922,135.10989379882812,9.70458984375,3.5400390625,2.25830078125,-103.9473876953125,71.10933685302734,5.415212631225586,-0.9435208439826965,-0.3194679915904999,-0.08779889345169067
218057,-11.821587562561035,21.80279541015625,135.06719970703125,-2.8076171875,2.50244140625,-8.7890625,-103.62299346923828,70.77944946289062,5.823835849761963,-0.9067254066467285,-0.4210978150367737,0.0229281447827816
218237,-11.622233390808105,22.115785598754883,135.01190185546875,5.43212890625,33.99658203125,0.30517578125,-104.20883178710938,71.29302978515625,5.058226108551025,-0.9645764827728271,-0.2632318139076233,-0.017354609444737434
218417,-11.606901168823242,22.44280433654785,134.99339294433594,2.86865234375,10.43701171875,-14.58740234375,-105.15775299072266,71.66775512695312,3.9967055320739746,-0.9634691476821899,-0.24472613632678986,-0.10879483073949814
218598,-11.654793739318848,22.4500675201416,134.8450927734375,8.36181640625,4.0283203125,-1.46484375,-105.16718292236328,71.59623718261719,3.8392558097839355,-0.9026719927787781,-0.42685753107070923,-0.054551973938941956
218718,-11.621469497680664,22.283266067504883,134.768310546875,8.97216796875,-8.1787109375,0.48828125,-105.04508209228516,71.56663513183594,3.7814862728118896,-0.9079753756523132,-0.41717785596847534,-0.039287976920604706
218958,-11.714497566223145,22.156278610229492,134.78659057617188,4.39453125,1.64794921875,17.02880859375,-104.792236328125,71.46737670898438,3.9787282943725586,-0.9127449989318848,-0.40840578079223633,-0.01006043516099453
219138,-11.59289836883545,22.326440811157227,134.86087036132812,20.263671875,11.71875,8.85009765625,-104.67040252685547,71.36376953125,4.2416768074035645,-0.9281274676322937,-0.36852118372917175,-0.052645884454250336
219259,-11.633434295654297,22.33588218688965,134.7931365966797,0.3662109375,-7.32421875,-1.64794921875,-104.49563598632812,71.30188751220703,4.363131523132324,-0.883686900138855,-0.4679783582687378,-0.009683920070528984
219558,-11.713714599609375,21.805253982543945,134.72608947753906,8.48388671875,-13.24462890625,1.708984375,-104.00811767578125,71.14834594726562,4.673153877258301,-0.9181793332099915,-0.3917819857597351,-0.058767300099134445
219677,-11.721384048461914,21.631084442138672,134.70651245117188,8.544921875,-6.40869140625,2.8076171875,-103.66265869140625,71.04846954345703,4.977930545806885,-0.914835512638092,-0.4025851786136627,-0.03164110705256462
219857,-11.814610481262207,21.429492950439453,134.70458984375,-9.09423828125,-8.4228515625,-3.7841796875,-103.42597198486328,70.91580963134766,5.213066577911377,-0.9196314811706543,-0.3906409740447998,-0.04095717519521713
219978,-11.860766410827637,21.66154670715332,134.6573944091797,2.13623046875,2.25830078125,-0.244140625,-102.99140930175781,70.66620635986328,5.60490083694458,-0.9191146492958069,-0.3868761956691742,-0.07453249394893646
220158,-11.800297737121582,21.78961944580078,134.67149353027344,1.28173828125,2.74658203125,0.30517578125,-102.86353302001953,70.57077026367188,5.705495834350586,-0.9265697598457336,-0.36960089206695557,-0.06974052637815475
220278,-11.776151657104492,22.079509735107422,134.6756134033203,-1.220703125,10.07080078125,2.25830078125,-102.74066925048828,70.32298278808594,5.683816909790039,-0.9244475364685059,-0.3738086521625519,-0.07525951415300369
220398,-11.716838836669922,22.07129669189453,134.69717407226562,0.732421875,5.31005859375,0.67138671875,-102.58517456054688,70.1922836303711,5.775600910186768,-0.9301052689552307,-0.3619849383831024,-0.062218062579631805
220518,-11.47995376586914,22.019813537597656,134.7432403564453,9.8876953125,-1.03759765625,0.48828125,-102.4226303100586,70.08382415771484,6.126153469085693,-0.9398482441902161,-0.3329453468322754,-0.0763724148273468
220691,-11.42593765258789,21.993547439575195,134.73068237304688,3.11279296875,0.8544921875,-0.30517578125,-102.4296875,70.18234252929688,6.152449607849121,-0.9581865072250366,-0.266018807888031,-0.10541702806949615
220878,-11.500200271606445,22.03850746154785,134.71823120117188,5.55419921875,4.150390625,5.79833984375,-102.53409576416016,70.24943542480469,5.992117881774902,-0.9220399260520935,-0.3430763781070709,-0.17927896976470947
220988,-11.621335983276367,22.06696319580078,134.69041442871094,-2.685546875,2.44140625,1.15966796875,-102.79676055908203,70.22523498535156,5.677560329437256,-0.9277917742729187,-0.3295944929122925,-0.1748429387807846
221175,-11.818857192993164,22.282400131225586,134.64779663085938,-12.87841796875,10.009765625,1.220703125,-103.65591430664062,70.32063293457031,4.680871963500977,-0.9470748901367188,-0.3117435574531555,-0.07658473402261734
221285,-11.981058120727539,22.351224899291992,134.6837615966797,-14.34326171875,11.23046875,-1.708984375,-104.37496185302734,70.32722473144531,3.9875667095184326,-0.9426784515380859,-0.3204750716686249,-0.09302201867103577
221410,-11.884065628051758,22.456951141357422,134.71336364746094,7.4462890625,31.494140625,4.82177734375,-104.58097076416016,70.31952667236328,3.7447943687438965,-0.9219475388526917,-0.3728402256965637,-0.10489510744810104
221597,-11.651646614074707,22.60409164428711,134.51522827148438,9.27734375,11.474609375,-2.0751953125,-104.99646759033203,70.48516082763672,3.0809409618377686,-0.9014782309532166,-0.4178411066532135,-0.11289721727371216
221707,-11.570701599121094,22.714515686035156,134.57583618164062,5.92041015625,20.81298828125,9.765625,-105.3478775024414,70.46238708496094,2.742682695388794,-0.9271166920661926,-0.3580015003681183,-0.11085876822471619
221832,-11.564741134643555,22.71136474609375,134.56260681152344,4.82177734375,11.16943359375,2.44140625,-105.46257019042969,70.41493225097656,2.609534978866577,-0.874426007270813,-0.4814571440219879,-0.05981672182679176
221957,-11.560105323791504,22.553312301635742,134.43101501464844,5.18798828125,2.74658203125,-3.47900390625,-105.4234390258789,70.24308776855469,2.494678497314453,-0.8905683159828186,-0.43652036786079407,-0.12782022356987
222128,-11.586281776428223,22.407819747924805,134.45004272460938,-0.42724609375,-8.36181640625,2.13623046875,-105.391357421875,70.15681457519531,2.480253219604492,-0.8997058272361755,-0.42894503474235535,-0.08084383606910706
222253,-11.620792388916016,22.267623901367188,134.39979553222656,11.90185546875,5.7373046875,-5.4931640625,-105.37732696533203,70.06658935546875,2.4478371143341064,-0.9080049395561218,-0.4085962474346161,-0.09260717779397964
222363,-11.639307975769043,22.137144088745117,134.40493774414062,-0.1220703125,-1.77001953125,1.3427734375,-105.35362243652344,69.9567642211914,2.461074113845825,-0.900450587272644,-0.4221048653125763,-0.10495903342962265
222550,-11.715209007263184,21.932790756225586,134.42868041992188,-2.5634765625,-3.84521484375,3.23486328125,-105.40013885498047,69.74659729003906,2.408071756362915,-0.8993229269981384,-0.41923683881759644,-0.12433367222547531
222738,-11.719721794128418,21.920822143554688,134.41212463378906,8.7890625,3.0517578125,2.9296875,-105.4068374633789,69.65409851074219,2.4022114276885986,-0.8928346633911133,-0.4376123547554016,-0.10649805516004562
222978,-11.799825668334961,21.88554573059082,134.38417053222656,0.732421875,3.35693359375,0.91552734375,-105.50016021728516,69.5807113647461,2.2978460788726807,-0.9033178687095642,-0.41518881916999817,-0.10786593705415726
223098,-11.957253456115723,21.768205642700195,134.34852600097656,-5.2490234375,4.0283203125,3.47900390625,-105.5857925415039,69.39521789550781,2.130110263824463,-0.9064304828643799,-0.4082798957824707,-0.1081257164478302
223218,-12.08942699432373,21.727678298950195,134.49342346191406,-20.263671875,-7.50732421875,19.4091796875,-105.80775451660156,69.30367279052734,2.024597644805908,-0.8871814012527466,-0.4535583257675171,-0.08481775969266891
223337,-12.067320823669434,21.6057186126709,134.53231811523438,-3.0517578125,3.96728515625,3.662109375,-105.80127716064453,69.149658203125,1.9888620376586914,-0.8903224468231201,-0.4518897235393524,-0.05587043985724449
223458,-12.034272193908691,21.504060745239258,134.5253143310547,7.080078125,-3.23486328125,-1.03759765625,-105.76789093017578,69.0837173461914,1.978958249092102,-0.888218879699707,-0.4468604624271393,-0.10669152438640594
223638,-12.114813804626465,21.38218116760254,134.48561096191406,0.0,-2.9296875,-1.28173828125,-105.65225982666016,69.00564575195312,2.036768913269043,-0.9202609658241272,-0.385900616645813,-0.06481044739484787
223878,-12.174665451049805,21.319339752197266,134.4837188720703,2.25830078125,4.82177734375,2.44140625,-105.59028625488281,68.87538146972656,2.0478339195251465,-0.8950167894363403,-0.4374540448188782,-0.08705732971429825
223998,-12.242958068847656,21.274311065673828,134.43907165527344,2.74658203125,0.30517578125,-0.91552734375,-105.51212310791016,68.80369567871094,2.0770535469055176,-0.9057665467262268,-0.41510841250419617,-0.08527512848377228
224118,-12.374382972717285,21.199312210083008,134.4015655517578,-0.06103515625,3.84521484375,1.3427734375,-105.45417785644531,68.66252899169922,2.1338531970977783,-0.9014395475387573,-0.4226691424846649,-0.09358164668083191
224298,-12.628043174743652,21.121557235717773,134.30604553222656,-5.55419921875,1.708984375,1.40380859375,-105.34991455078125,68.42755126953125,2.334428548812866,-0.9030967950820923,-0.42315587401390076,-0.07317911833524704
224418,-12.66209888458252,21.31304168701172,134.3897247314453,-10.92529296875,18.85986328125,22.5830078125,-105.46784973144531,68.28546142578125,2.4195191860198975,-0.8928233981132507,-0.4353359341621399,-0.11553774029016495
224538,-12.741182327270508,21.366031646728516,134.7687530517578,-22.94921875,6.65283203125,39.9169921875,-105.49897003173828,68.19041442871094,2.7539114952087402,-0.9149085879325867,-0.3996661901473999,-0.0566503182053566
224769,-12.701759338378906,21.435068130493164,135.43321228027344,-14.892578125,12.0849609375,25.93994140625,-105.57814025878906,68.16885375976562,3.307839870452881,-0.9290366172790527,-0.36997461318969727,-0.0031353780068457127
224894,-12.526371955871582,21.45347023010254,135.75599670410156,6.04248046875,7.99560546875,25.08544921875,-105.58086395263672,68.21422576904297,3.480616331100464,-0.944525957107544,-0.32665911316871643,0.03412496671080589
225003,-12.413174629211426,21.560211181640625,135.59237670898438,13.7939453125,15.07568359375,-19.1650390625,-105.35745239257812,68.28143310546875,3.466177225112915,-0.9320460557937622,-0.36221352219581604,0.009563792496919632
225128,-12.421581268310547,21.338056564331055,135.36532592773438,10.43701171875,-3.7841796875,27.2216796875,-105.06771087646484,68.30535888671875,3.4231197834014893,-0.9029060006141663,-0.42234447598457336,-0.07991278171539307
225363,-12.381050109863281,21.2354793548584,135.7740478515625,-9.33837890625,-10.19287109375,42.54150390625,-105.1229019165039,68.27714538574219,3.6828582286834717,-0.9219146966934204,-0.3857921361923218,0.03518116846680641
225488,-12.29030704498291,21.154573440551758,136.1020050048828,-13.5498046875,-3.5400390625,13.48876953125,-105.11097717285156,68.29855346679688,3.837480068206787,-0.9327495098114014,-0.35604891180992126,0.05663594603538513
225613,-12.213292121887207,21.07366371154785,136.14291381835938,1.03759765625,0.9765625,2.197265625,-104.9133529663086,68.33647918701172,3.9553143978118896,-0.9284501075744629,-0.3704700171947479,0.02706083655357361
225785,-12.06708812713623,20.891366958618164,136.2640380859375,2.3193359375,-0.48828125,-0.244140625,-104.59648895263672,68.43632507324219,4.26271390914917,-0.9255337715148926,-0.37747493386268616,0.02999800816178322
225910,-11.967119216918945,20.82308006286621,136.3231964111328,-0.1220703125,1.953125,4.7607421875,-104.46316528320312,68.46116638183594,4.407295227050781,-0.9383212924003601,-0.3450925350189209,0.021545838564634323
226035,-11.922072410583496,20.699146270751953,136.44444274902344,0.244140625,2.62451171875,7.26318359375,-104.28563690185547,68.49285125732422,4.640314102172852,-0.9443733096122742,-0.32827475666999817,0.019866427406668663
226144,-11.851885795593262,20.614049911499023,136.67723083496094,-3.662109375,0.48828125,18.49365234375,-104.1385269165039,68.54524230957031,4.906868934631348,-0.9392932057380676,-0.34084460139274597,0.03941090404987335
226269,-11.794486045837402,20.572782516479492,136.78627014160156,-3.35693359375,1.5869140625,7.8125,-104.02050018310547,68.57605743408203,5.078948974609375,-0.936705470085144,-0.3486000597476959,0.032572727650403976
226394,-11.715167999267578,20.52359962463379,136.86959838867188,0.91552734375,3.173828125,4.5166015625,-103.9121322631836,68.62259674072266,5.219213485717773,-0.9512315988540649,-0.30375564098358154,0.05376631021499634
226503,-11.604476928710938,20.41208267211914,137.05538940429688,-1.03759765625,0.06103515625,12.6953125,-103.75709533691406,68.67913055419922,5.483405590057373,-0.9478656649589539,-0.3170732259750366,0.03186304494738579
226697,-11.517704963684082,20.35135269165039,137.14683532714844,-0.3662109375,3.7841796875,2.685546875,-103.65088653564453,68.74052429199219,5.602933883666992,-0.9551370143890381,-0.287490576505661,0.07115151733160019
226817,-11.454272270202637,20.27897834777832,137.160888671875,1.15966796875,1.40380859375,-1.0986328125,-103.49114990234375,68.80001831054688,5.713897228240967,-0.9454181790351868,-0.3217655122280121,0.05149206146597862
226938,-11.381915092468262,20.0076847076416,137.20040893554688,-2.86865234375,-19.22607421875,3.47900390625,-103.23585510253906,68.90803527832031,5.835078239440918,-0.944922685623169,-0.32598087191581726,0.029284046962857246
227118,-11.099708557128906,19.924549102783203,137.30145263671875,10.43701171875,-1.64794921875,2.3193359375,-102.95130157470703,69.02698516845703,5.944716453552246,-0.9396183490753174,-0.3419516086578369,0.013654109090566635
227238,-10.942031860351562,19.952796936035156,137.3423614501953,4.150390625,1.953125,0.244140625,-102.76483154296875,69.08818054199219,6.055706977844238,-0.9387890100479126,-0.3428579270839691,0.03351962938904762
227358,-10.782201766967773,19.980764389038086,137.37457275390625,8.36181640625,-1.3427734375,0.0,-102.57536315917969,69.14643859863281,6.1788554191589355,-0.9397532939910889,-0.3408302068710327,0.026428328827023506
227598,-10.712599754333496,20.221975326538086,137.3640899658203,3.662109375,2.01416015625,0.30517578125,-102.19903564453125,69.24420928955078,6.448825359344482,-0.939375102519989,-0.34240466356277466,0.018259990960359573
227718,-10.717784881591797,20.34451675415039,137.34979248046875,2.685546875,2.8076171875,0.48828125,-102.02071380615234,69.29346466064453,6.581481456756592,-0.9421836137771606,-0.33473408222198486,0.015593942254781723
227958,-10.740230560302734,20.484294891357422,137.33474731445312,1.52587890625,4.638671875,0.6103515625,-101.85411834716797,69.34710693359375,6.699834823608398,-0.9418786764144897,-0.33580848574638367,0.009855764918029308
228078,-10.905464172363281,20.602195739746094,137.2635498046875,0.54931640625,1.77001953125,-0.6103515625,-101.53299713134766,69.39775848388672,6.933741569519043,-0.946624219417572,-0.32219722867012024,0.00957021489739418
228198,-10.836967468261719,20.693939208984375,137.2740020751953,0.0,2.50244140625,-1.220703125,-101.45844268798828,69.41854095458984,6.954723834991455,-0.9541522264480591,-0.29371336102485657,0.05767245963215828
228378,-10.664026260375977,20.828214645385742,137.31158447265625,8.544921875,1.40380859375,2.5634765625,-101.18314361572266,69.57240295410156,7.064184188842773,-0.9445461630821228,-0.32530906796455383,0.04479587450623512
228498,-10.687509536743164,20.86823844909668,137.28704833984375,5.31005859375,0.9765625,0.6103515625,-100.98489379882812,69.61750793457031,7.180884838104248,-0.9476404786109924,-0.31774386763572693,0.03188145160675049
228612,-10.739293098449707,20.929269790649414,137.26220703125,6.34765625,2.13623046875,2.0751953125,-100.79525756835938,69.6796646118164,7.291206359863281,-0.9463418126106262,-0.32217416167259216,0.025315389037132263
228737,-10.92066764831543,21.049407958984375,137.18511962890625,1.46484375,3.41796875,1.03759765625,-100.44141387939453,69.784423828125,7.564003944396973,-0.9461109638214111,-0.32262206077575684,0.028090471401810646
228972,-11.02102279663086,21.12919807434082,137.14535522460938,0.6103515625,4.21142578125,0.48828125,-100.28565216064453,69.84770202636719,7.6868791580200195,-0.9499426484107971,-0.31171855330467224,0.020987937226891518
229097,-11.134452819824219,21.186189651489258,137.09979248046875,1.03759765625,3.5400390625,0.6103515625,-100.15653228759766,69.90546417236328,7.787187099456787,-0.9453757405281067,-0.325259804725647,0.02169988490641117
229393,-11.241020202636719,21.2501220703125,137.0551300048828,0.91552734375,4.21142578125,0.54931640625,-100.00273132324219,69.96033477783203,7.89362907409668,-0.9472337961196899,-0.3197767436504364,0.022156815975904465
229518,-11.475735664367676,21.29558563232422,136.95703125,3.90625,1.89208984375,1.40380859375,-99.62696075439453,70.1009750366211,8.149938583374023,-0.9460709095001221,-0.3236808776855469,0.01343715563416481
229628,-11.550654411315918,21.308603286743164,136.9206085205078,4.5166015625,2.62451171875,1.46484375,-99.43953704833984,70.14208221435547,8.244318008422852,-0.945143461227417,-0.3258207440376282,0.023341309279203415
229878,-11.831417083740234,21.424867630004883,136.79135131835938,1.5869140625,4.21142578125,0.30517578125,-98.9925765991211,70.27668762207031,8.484672546386719,-0.9456794261932373,-0.32256099581718445,0.04055800288915634
229987,-11.906723976135254,21.469959259033203,136.75811767578125,4.33349609375,4.69970703125,2.01416015625,-98.86034393310547,70.34358978271484,8.532361030578613,-0.943720281124115,-0.3306194245815277,0.00910071562975645
230165,-11.99913501739502,21.508352279663086,136.7008056640625,3.0517578125,6.4697265625,-0.79345703125,-98.74617767333984,70.41847229003906,8.56118392944336,-0.9445003867149353,-0.3262235224246979,0.03869439288973808
230352,-12.139490127563477,21.471431732177734,136.45741271972656,-5.31005859375,8.11767578125,-30.76171875,-98.3010482788086,70.42481231689453,8.828818321228027,-0.9573703408241272,-0.28543972969055176,0.04434361681342125
230477,-12.190821647644043,21.54641342163086,136.2715606689453,2.197265625,9.58251953125,-17.7001953125,-98.089599609375,70.5032958984375,8.85533332824707,-0.9451341032981873,-0.3266790807247162,0.0015539070591330528
230586,-12.330105781555176,21.718761444091797,135.4442901611328,8.30078125,21.1181640625,-40.83251953125,-97.47928619384766,70.64277648925781,8.904059410095215,-0.9462155103683472,-0.3234172463417053,-0.008805325254797935
230718,-12.303159713745117,21.662017822265625,135.029296875,5.79833984375,15.0146484375,-23.98681640625,-97.23692321777344,70.6640625,8.731829643249512,-0.9208126664161682,-0.38992804288864136,-0.007757980842143297
230838,-12.347579002380371,21.731403350830078,134.6185302734375,8.6669921875,15.93017578125,-39.61181640625,-97.02003479003906,70.65264892578125,8.61223316192627,-0.907895028591156,-0.41877296566963196,-0.01886257715523243
230958,-12.261998176574707,21.614471435546875,134.19918823242188,12.26806640625,9.8876953125,-30.517578125,-97.07626342773438,70.62069702148438,8.122591018676758,-0.9213721752166748,-0.38504043221473694,-0.05307634174823761
231078,-12.246819496154785,21.573862075805664,133.7671661376953,10.19287109375,19.22607421875,-50.29296875,-97.09634399414062,70.63126373291016,7.6747212409973145,-0.9293323159217834,-0.3632190525531769,-0.06643227487802505
231198,-12.244147300720215,21.469282150268555,133.3402557373047,20.44677734375,5.55419921875,-32.65380859375,-97.1213607788086,70.6438980102539,7.239624500274658,-0.8983827829360962,-0.42373162508010864,-0.11558490246534348
231318,-12.224897384643555,21.42009925842285,132.99732971191406,16.4794921875,10.1318359375,-29.78515625,-97.18464660644531,70.65250396728516,6.8446760177612305,-0.8986566662788391,-0.42671912908554077,-0.10162245482206345
231438,-12.173745155334473,21.28110122680664,132.4335479736328,17.822265625,7.38525390625,-37.7197265625,-97.29291534423828,70.67889404296875,6.154499053955078,-0.8962270617485046,-0.40665340423583984,-0.17722876369953156
231558,-12.216068267822266,21.196304321289062,131.9746856689453,16.66259765625,10.3759765625,-44.677734375,-97.37189483642578,70.71843719482422,5.636920928955078,-0.890697181224823,-0.4145931303501129,-0.18647004663944244
231678,-12.326591491699219,21.134475708007812,131.2480926513672,15.5029296875,16.357421875,-69.15283203125,-97.36599731445312,70.78534698486328,5.03098726272583,-0.8832929134368896,-0.4206947982311249,-0.20690491795539856
231798,-12.479591369628906,21.10492706298828,130.5024871826172,14.83154296875,22.39990234375,-60.791015625,-97.38834381103516,70.83802795410156,4.4502434730529785,-0.8508676290512085,-0.4732814133167267,-0.2280985563993454
231918,-12.705601692199707,21.03267478942871,129.81088256835938,6.77490234375,12.63427734375,-38.39111328125,-97.64140319824219,70.93384552001953,3.682448387145996,-0.8698490858078003,-0.41316351294517517,-0.26955240964889526
232098,-12.708564758300781,20.937833786010742,129.52716064453125,11.1083984375,4.638671875,-18.9208984375,-97.83963012695312,70.95545959472656,3.231860876083374,-0.8509273529052734,-0.42464321851730347,-0.3091937005519867
232218,-12.709193229675293,20.862268447875977,129.3287811279297,10.498046875,4.5166015625,-22.39990234375,-98.05953216552734,70.97264099121094,2.7879531383514404,-0.8519106507301331,-0.4306979179382324,-0.29790523648262024
232398,-12.756060600280762,20.741962432861328,129.3839874267578,-2.8076171875,-4.21142578125,1.5869140625,-98.39911651611328,70.95696258544922,2.4802942276000977,-0.8642457723617554,-0.4010732173919678,-0.303676575422287
232518,-12.795953750610352,20.5914249420166,129.36859130859375,2.25830078125,0.9765625,0.0,-98.98360443115234,70.89923858642578,1.9313381910324097,-0.8670627474784851,-0.38941681385040283,-0.3107357621192932
232698,-12.844779014587402,20.496173858642578,129.3612823486328,3.0517578125,2.38037109375,1.46484375,-99.26260375976562,70.87027740478516,1.6535817384719849,-0.8683374524116516,-0.399606853723526,-0.2937759757041931
232878,-12.90736198425293,20.40069007873535,129.31459045410156,4.57763671875,0.91552734375,-0.30517578125,-99.67742919921875,70.82231140136719,1.2008631229400635,-0.8808019161224365,-0.3825415372848511,-0.2790162265300751
232998,-13.036969184875488,20.09159278869629,129.36419677734375,-9.46044921875,-16.29638671875,1.708984375,-100.06084442138672,70.79622650146484,0.7230640649795532,-0.8623537421226501,-0.39798206090927124,-0.31297963857650757
233118,-13.343775749206543,19.749195098876953,129.3828887939453,-10.6201171875,-13.73291015625,-1.03759765625,-100.5452651977539,70.71380615234375,0.354793906211853,-0.8750074505805969,-0.37679746747016907,-0.3039499521255493
233298,-13.187261581420898,19.83833885192871,129.4679412841797,7.4462890625,2.38037109375,0.91552734375,-101.14964294433594,70.6474609375,359.7967529296875,-0.8593535423278809,-0.40388429164886475,-0.31366997957229614
233478,-13.064599990844727,19.92580223083496,129.505126953125,1.708984375,3.11279296875,1.953125,-101.4334487915039,70.62049102783203,359.4986267089844,-0.8813639879226685,-0.36063438653945923,-0.3051891028881073
233598,-12.961771965026855,20.052457809448242,129.5423583984375,2.25830078125,3.72314453125,1.708984375,-101.7644271850586,70.62220001220703,359.1559143066406,-0.8766664266586304,-0.368602454662323,-0.30917349457740784
233718,-12.926717758178711,20.386085510253906,129.54505920410156,-5.67626953125,26.9775390625,1.28173828125,-102.34532928466797,70.59075927734375,358.6756591796875,-0.8766787648200989,-0.378978431224823,-0.29632699489593506
233838,-13.114978790283203,20.601579666137695,129.99232482910156,-15.9912109375,9.21630859375,51.08642578125,-103.33379364013672,70.4593276977539,358.29498291015625,-0.8726295232772827,-0.4154418408870697,-0.2567603886127472
233958,-13.18485164642334,20.743438720703125,130.65892028808594,-31.67724609375,3.662109375,73.73046875,-104.01734924316406,70.35992431640625,358.2945861816406,-0.8381737470626831,-0.4726179838180542,-0.27220767736434937
234078,-13.086599349975586,20.956314086914062,131.5086212158203,-24.96337890625,3.0517578125,67.0166015625,-104.61182403564453,70.24810791015625,358.3473815917969,-0.9063698053359985,-0.3883568346500397,-0.16635127365589142
234198,-12.743352890014648,20.907602310180664,132.35557556152344,-2.01416015625,-11.1083984375,41.68701171875,-105.22854614257812,70.09693145751953,358.311279296875,-0.8949592709541321,-0.40944570302963257,-0.17720633745193481
234378,-12.750195503234863,20.901506423950195,132.5382080078125,-11.29150390625,2.74658203125,25.634765625,-105.37820434570312,69.97742462158203,358.38592529296875,-0.8972653746604919,-0.428871214389801,-0.10480643063783646
234498,-12.634578704833984,20.93519401550293,132.80917358398438,-6.2255859375,6.40869140625,14.0380859375,-105.4654769897461,69.85150146484375,358.45477294921875,-0.9211676716804504,-0.3765445053577423,-0.09830786287784576
234737,-12.560676574707031,21.05246353149414,133.15138244628906,-2.8076171875,14.22119140625,56.45751953125,-105.75164794921875,69.72991180419922,358.5435485839844,-0.9163591265678406,-0.37194982171058655,-0.14811944961547852
234847,-12.207743644714355,21.013904571533203,133.4713592529297,13.85498046875,1.0986328125,-6.28662109375,-105.55078887939453,69.62382507324219,358.82635498046875,-0.9043573141098022,-0.41986748576164246,-0.07647967338562012
234972,-12.154130935668945,20.914175033569336,133.4897918701172,5.37109375,3.96728515625,1.708984375,-105.5333251953125,69.55117797851562,358.7982482910156,-0.8985012173652649,-0.43489962816238403,-0.05964810401201248
235097,-11.929716110229492,20.620361328125,133.6841278076172,5.06591796875,-4.45556640625,2.25830078125,-105.32331085205078,69.37995910644531,358.995849609375,-0.9100291132926941,-0.41137978434562683,-0.05112523213028908
235268,-11.804866790771484,20.438968658447266,133.8039093017578,5.7373046875,-12.6953125,10.009765625,-105.20109558105469,69.31480407714844,359.0736999511719,-0.900960385799408,-0.429738312959671,-0.05996071174740791
235393,-11.661214828491211,20.304521560668945,133.8323211669922,10.6201171875,-5.67626953125,0.54931640625,-105.091552734375,69.26403045654297,359.09698486328125,-0.9049134850502014,-0.4164161682128906,-0.0879153311252594
235565,-11.534819602966309,20.195415496826172,133.88075256347656,6.4697265625,-2.44140625,1.953125,-104.96311950683594,69.21287536621094,359.1809387207031,-0.9105342030525208,-0.40812140703201294,-0.06606324762105942
235815,-11.449005126953125,20.002952575683594,133.900634765625,1.5869140625,1.64794921875,0.1220703125,-104.79241180419922,69.0566177368164,359.2647705078125,-0.9035192728042603,-0.4218813478946686,-0.07529327273368835
235925,-11.521322250366211,19.938295364379883,133.85845947265625,1.708984375,0.67138671875,-1.15966796875,-104.69749450683594,68.9703369140625,359.3082580566406,-0.9058513641357422,-0.41669636964797974,-0.07614093273878098
236112,-11.567765235900879,19.90274429321289,133.8287811279297,1.5869140625,1.40380859375,-0.3662109375,-104.610595703125,68.8274917602539,359.3458557128906,-0.9082626104354858,-0.41024813055992126,-0.08219195157289505
236284,-11.499813079833984,19.989299774169922,133.8331756591797,1.03759765625,3.72314453125,1.0986328125,-104.42504119873047,68.60883331298828,359.4522399902344,-0.907128095626831,-0.4130522310733795,-0.08066299557685852
236409,-11.585332870483398,19.984294891357422,133.79347229003906,3.0517578125,1.953125,0.06103515625,-104.3511962890625,68.51579284667969,359.4847717285156,-0.908194363117218,-0.40809208154678345,-0.09297235310077667
236643,-11.499662399291992,20.065073013305664,133.80006408691406,-1.28173828125,0.6103515625,-0.30517578125,-104.23834228515625,68.32059478759766,359.5985107421875,-0.903221845626831,-0.4179796874523163,-0.09738177061080933
236768,-11.474950790405273,20.237468719482422,133.80381774902344,-1.89208984375,3.35693359375,-0.54931640625,-104.28443908691406,68.13955688476562,359.5778503417969,-0.9284490942955017,-0.35890528559684753,-0.09575559198856354
237018,-11.393983840942383,20.379133224487305,133.83126831054688,1.64794921875,4.08935546875,1.52587890625,-104.34668731689453,68.03424835205078,359.4837646484375,-0.9274706244468689,-0.35115599632263184,-0.12840420007705688
237128,-11.328011512756348,20.625211715698242,133.85662841796875,4.2724609375,2.685546875,4.08935546875,-104.4633560180664,67.9383773803711,359.1827697753906,-0.9341853260993958,-0.3086223304271698,-0.1790250688791275
237378,-11.295475959777832,20.72905731201172,133.85752868652344,4.5166015625,0.06103515625,1.03759765625,-104.50775146484375,67.91494750976562,359.1325378417969,-0.9514083862304688,-0.26308509707450867,-0.1600257009267807
237550,-11.28280258178711,20.880617141723633,133.86619567871094,0.9765625,0.91552734375,0.54931640625,-104.79438781738281,67.97586822509766,358.95281982421875,-0.9574241638183594,-0.22034285962581635,-0.18651574850082397
237737,-11.357505798339844,21.0802001953125,133.84475708007812,-2.38037109375,5.0048828125,1.89208984375,-105.18997955322266,68.17341613769531,358.5541687011719,-0.9371173977851868,-0.28536859154701233,-0.2009372115135193
237853,-11.405241012573242,21.33722496032715,133.8033447265625,2.25830078125,7.080078125,0.48828125,-106.22906494140625,68.5279769897461,357.4118347167969,-0.9330268502235413,-0.3195064663887024,-0.16545870900154114
238025,-11.56844425201416,21.493497848510742,133.71652221679688,0.8544921875,5.37109375,0.9765625,-107.44866943359375,68.9754409790039,356.10595703125,-0.9082188606262207,-0.3868139088153839,-0.15972912311553955
238150,-11.59410285949707,21.667613983154297,133.71266174316406,3.90625,6.103515625,3.2958984375,-107.82791137695312,69.09493255615234,355.6028747558594,-0.9018968343734741,-0.42164596915245056,-0.09379156678915024
238275,-11.59729290008545,21.671464920043945,133.6978759765625,6.40869140625,8.85009765625,1.52587890625,-107.98313903808594,69.07858276367188,355.44061279296875,-0.8848617076873779,-0.45750486850738525,-0.08780153840780258
238509,-11.347224235534668,21.717750549316406,133.69085693359375,28.86962890625,11.8408203125,5.31005859375,-108.05488586425781,69.04606628417969,355.4588623046875,-0.9217918515205383,-0.3876826763153076,0.0014136105310171843
238639,-10.885339736938477,21.880868911743164,133.86526489257812,49.98779296875,21.484375,31.8603515625,-108.02188110351562,68.98278045654297,355.5367126464844,-0.8947855830192566,-0.4438023567199707,-0.04897129535675049
238878,-10.578474044799805,22.0521240234375,134.26478576660156,12.87841796875,9.82666015625,42.54150390625,-108.12238311767578,68.87627410888672,355.6258239746094,-0.8622305989265442,-0.5011469125747681,-0.07355408370494843
238998,-10.72476863861084,21.769641876220703,135.6554412841797,-9.033203125,-22.39990234375,53.64990234375,-108.48146057128906,68.68488311767578,356.6064147949219,-0.9323311448097229,-0.36160507798194885,0.0005887415609322488
239118,-10.688800811767578,21.63774299621582,136.0736846923828,0.0,-15.44189453125,37.04833984375,-108.5016860961914,68.68807220458984,356.85784912109375,-0.9448329210281372,-0.309152215719223,0.10823947936296463
239238,-10.63837718963623,21.491731643676758,136.49356079101562,-7.75146484375,-14.70947265625,39.61181640625,-108.2779312133789,68.74055480957031,357.36944580078125,-0.943736732006073,-0.32060301303863525,0.0810844898223877
239418,-10.684969902038574,21.337093353271484,136.81768798828125,-4.33349609375,-20.99609375,34.66796875,-108.24341583251953,68.74576568603516,357.63592529296875,-0.9214041233062744,-0.3830746114253998,0.06533242017030716
239538,-11.361345291137695,20.944808959960938,136.67872619628906,-86.24267578125,-33.5693359375,-38.87939453125,-108.17218017578125,68.82807159423828,357.74957275390625,-0.9607135057449341,-0.2246483862400055,0.16298019886016846
239718,-11.692770957946777,20.85914421081543,136.62060546875,28.74755859375,10.68115234375,10.986328125,-107.88784790039062,68.92356872558594,357.8919372558594,-0.9378732442855835,-0.3411758840084076,0.06318961828947067
239838,-11.500236511230469,21.316112518310547,136.13436889648438,29.296875,49.560546875,-45.95947265625,-107.58501434326172,69.0457763671875,357.7481384277344,-0.9439880847930908,-0.32444024085998535,0.06020907685160637
240318,-11.989493370056152,21.38865089416504,135.54014587402344,-27.16064453125,19.6533203125,-47.79052734375,-107.36947631835938,69.12516784667969,357.62298583984375,-0.922967791557312,-0.3766065537929535,0.07935973256826401
240438,-12.57230281829834,21.31380271911621,134.27337646484375,0.0,15.5029296875,-61.03515625,-106.7681884765625,69.27670288085938,357.2218933105469,-0.920873761177063,-0.38816890120506287,0.036280758678913116
240558,-12.723899841308594,21.23984718322754,133.78155517578125,-1.77001953125,10.1318359375,-42.236328125,-106.51651000976562,69.29689025878906,357.0557861328125,-0.9069674611091614,-0.4205686151981354,-0.02306460216641426
240847,-12.867691040039062,20.84525489807129,133.23745727539062,10.8642578125,30.1513671875,-9.58251953125,-105.9593276977539,69.2236099243164,356.92718505859375,-0.9295579195022583,-0.36660540103912354,0.039019882678985596
241035,-12.93628215789795,21.039121627807617,132.8279571533203,-5.06591796875,37.7197265625,-55.11474609375,-105.67293548583984,69.22064971923828,356.8896484375,-0.9380296468734741,-0.34578871726989746,0.023036330938339233
241207,-13.03016471862793,21.015762329101562,132.02468872070312,10.986328125,15.93017578125,-94.78759765625,-105.23834228515625,69.29973602294922,356.5137023925781,-0.9001614451408386,-0.4337865710258484,-0.03922666609287262
241394,-13.255250930786133,20.516571044921875,129.42080688476562,10.55908203125,-0.06103515625,-17.2119140625,-104.78508758544922,69.3994369506836,354.52471923828125,-0.8174411058425903,-0.5136536359786987,-0.2606722414493561
241628,-13.27369213104248,20.37034034729004,129.17124938964844,-3.0517578125,-3.72314453125,10.31494140625,-104.98918914794922,69.30899047851562,354.048583984375,-0.8404310941696167,-0.48883068561553955,-0.23392336070537567
241816,-13.198555946350098,20.435197830200195,129.44439697265625,-2.74658203125,16.11328125,42.236328125,-105.50819396972656,69.16939544677734,353.8987731933594,-0.8224496245384216,-0.5137835144996643,-0.24413743615150452
241936,-13.183886528015137,20.515457153320312,130.41854858398438,-31.43310546875,-2.197265625,76.47705078125,-106.1886978149414,68.95767211914062,354.2888488769531,-0.8180620074272156,-0.5481505990028381,-0.17408487200737
242111,-12.910981178283691,20.87538719177246,132.84442138671875,-9.33837890625,-5.67626953125,100.9521484375,-106.85173797607422,68.59803009033203,355.5293273925781,-0.8998424410820007,-0.434790700674057,-0.03522385656833649
242229,-12.713335037231445,20.758092880249023,133.06707763671875,13.3056640625,-11.962890625,-2.50244140625,-106.55504608154297,68.55140686035156,355.8437194824219,-0.8882544040679932,-0.45821988582611084,-0.032228805124759674
242354,-12.561078071594238,20.525066375732422,133.00112915039062,11.16943359375,-18.24951171875,-8.85009765625,-106.3245620727539,68.52267456054688,355.9744873046875,-0.8794550895690918,-0.47592613101005554,-0.007288301829248667
242588,-12.08249282836914,20.2301082611084,133.15403747558594,8.1787109375,-6.2255859375,2.3193359375,-105.86383056640625,68.42571258544922,356.46282958984375,-0.9066089391708374,-0.4212745726108551,-0.024248622357845306
242719,-11.814475059509277,20.194307327270508,133.24151611328125,19.22607421875,-6.2255859375,4.45556640625,-105.62869262695312,68.3839111328125,356.6959533691406,-0.9082489609718323,-0.4171498417854309,-0.032708339393138885
242959,-11.646373748779297,20.2165470123291,133.28321838378906,5.9814453125,2.38037109375,0.18310546875,-105.39125061035156,68.35034942626953,356.8783264160156,-0.9176031947135925,-0.3974854648113251,-0.0030895730014890432
243139,-11.309765815734863,20.30845832824707,133.3640899658203,1.5869140625,5.67626953125,0.91552734375,-105.00440216064453,68.30226135253906,357.1673583984375,-0.9110881090164185,-0.4099416434764862,-0.04320228099822998
243259,-11.213552474975586,20.281835556030273,133.37501525878906,5.859375,4.94384765625,1.52587890625,-104.84720611572266,68.27354431152344,357.2579345703125,-0.9082017540931702,-0.41683825850486755,-0.037622079253196716
243439,-11.076595306396484,20.21137809753418,133.40200805664062,3.662109375,4.150390625,0.91552734375,-104.51990509033203,68.26239013671875,357.4321594238281,-0.9051201343536377,-0.4238959550857544,-0.03270801901817322
243560,-10.989409446716309,20.112743377685547,133.41122436523438,6.34765625,5.18798828125,0.42724609375,-104.30294799804688,68.21022033691406,357.605224609375,-0.90837562084198,-0.4176137447357178,-0.02127511240541935
243678,-10.93359661102295,20.051822662353516,133.42071533203125,1.03759765625,2.197265625,0.1220703125,-104.14798736572266,68.1854476928711,357.72998046875,-0.9102689027786255,-0.41314128041267395,-0.026923278346657753
243799,-10.833823204040527,19.918201446533203,133.442626953125,0.6103515625,1.40380859375,0.30517578125,-103.8377914428711,68.13817596435547,357.9402160644531,-0.9072219133377075,-0.41966482996940613,-0.02880638651549816
243918,-10.840389251708984,19.84198570251465,133.4307403564453,1.77001953125,2.25830078125,0.54931640625,-103.67516326904297,68.10671997070312,358.0429992675781,-0.9044676423072815,-0.4249345660209656,-0.036997683346271515
244038,-10.794997215270996,19.760173797607422,133.4353790283203,2.99072265625,2.01416015625,0.6103515625,-103.51741027832031,68.07808685302734,358.1427001953125,-0.9054082632064819,-0.42297056317329407,-0.036493923515081406
244158,-10.888201713562012,19.676681518554688,133.39244079589844,1.0986328125,3.0517578125,0.30517578125,-103.30416870117188,68.01404571533203,358.29766845703125,-0.9037535786628723,-0.42647436261177063,-0.036732133477926254
244338,-10.945704460144043,19.619667053222656,133.3645782470703,1.89208984375,3.173828125,0.3662109375,-103.16226959228516,67.96912384033203,358.4004211425781,-0.9046561121940613,-0.42443910241127014,-0.038063064217567444
244459,-10.992837905883789,19.561689376831055,133.34156799316406,0.9765625,3.11279296875,0.244140625,-103.02542877197266,67.93329620361328,358.4884948730469,-0.9048150777816772,-0.4243558943271637,-0.03509441018104553
244578,-11.029413223266602,19.50176239013672,133.3216094970703,1.52587890625,3.11279296875,0.3662109375,-102.8966064453125,67.89019012451172,358.5684814453125,-0.9059767723083496,-0.42130962014198303,-0.04128380864858627
244699,-11.013274192810059,19.482919692993164,133.31002807617188,2.86865234375,3.90625,0.48828125,-102.64112854003906,67.81024169921875,358.7389831542969,-0.906029462814331,-0.4217146635055542,-0.03560084104537964
244879,-11.067506790161133,19.441226959228516,133.28330993652344,1.52587890625,3.41796875,0.1220703125,-102.51277923583984,67.76821899414062,358.8193664550781,-0.903389036655426,-0.4270283877849579,-0.039179109036922455
245059,-11.148871421813965,19.42058563232422,133.24740600585938,1.708984375,3.72314453125,0.42724609375,-102.39208984375,67.72826385498047,358.89068603515625,-0.902845025062561,-0.4284444749355316,-0.03614252433180809
245179,-11.098155975341797,19.38028907775879,133.25302124023438,1.220703125,2.9296875,0.3662109375,-102.21087646484375,67.66630554199219,359.0081787109375,-0.9063420295715332,-0.42080166935920715,-0.03834156319499016
245299,-11.236185073852539,19.364788055419922,133.1951904296875,1.28173828125,3.47900390625,0.3662109375,-102.02383422851562,67.6059341430664,359.1316833496094,-0.9050121307373047,-0.42384377121925354,-0.036186154931783676
245419,-11.271936416625977,19.331439971923828,133.17318725585938,1.5869140625,3.23486328125,0.54931640625,-101.83490753173828,67.54337310791016,359.26513671875,-0.904152512550354,-0.4253920316696167,-0.03936820849776268
245539,-11.268351554870605,19.236391067504883,133.1659393310547,1.220703125,2.5634765625,0.244140625,-101.65030670166016,67.47836303710938,359.398681640625,-0.903852105140686,-0.4261512756347656,-0.03803427144885063
245719,-11.307831764221191,19.323266983032227,133.1457061767578,1.46484375,2.74658203125,0.30517578125,-101.52227783203125,67.4372329711914,359.488037109375,-0.9079699516296387,-0.41757798194885254,-0.03491733595728874
245839,-11.292230606079102,19.366004943847656,133.1448974609375,2.50244140625,2.99072265625,0.8544921875,-101.39397430419922,67.40167236328125,359.5775451660156,-0.9074729084968567,-0.4185307025909424,-0.03639916330575943
245959,-11.315938949584961,19.406965255737305,133.1315460205078,2.13623046875,2.99072265625,0.732421875,-101.2728042602539,67.35943603515625,359.65814208984375,-0.9031046032905579,-0.42755386233329773,-0.03999736160039902
246079,-11.472954750061035,19.45796012878418,133.0657196044922,2.44140625,2.86865234375,0.67138671875,-101.0017318725586,67.28422546386719,359.8514404296875,-0.9057056903839111,-0.42247164249420166,-0.03485779091715813
246199,-11.572929382324219,19.480743408203125,133.02430725097656,1.64794921875,3.35693359375,0.3662109375,-100.8778305053711,67.23847198486328,359.92822265625,-0.9042619466781616,-0.42561933398246765,-0.03403521701693535
246319,-11.672765731811523,19.483945846557617,132.98448181152344,1.64794921875,3.2958984375,0.48828125,-100.76307678222656,67.18580627441406,0.002110248664394021,-0.8996645212173462,-0.43485575914382935,-0.03878378868103027
246613,-11.628727912902832,19.596723556518555,132.98776245117188,1.64794921875,3.41796875,0.3662109375,-100.57313537597656,67.11734771728516,0.1404488980770111,-0.9054526090621948,-0.4226241707801819,-0.03929998725652695
246738,-11.629606246948242,19.52055549621582,132.98031616210938,2.01416015625,3.11279296875,0.42724609375,-100.45164489746094,67.07305145263672,0.22357229888439178,-0.9040950536727905,-0.4254213869571686,-0.04035712033510208
246909,-11.590648651123047,19.542436599731445,132.9845733642578,3.60107421875,3.173828125,0.8544921875,-100.32331848144531,67.04246520996094,0.32480937242507935,-0.9095645546913147,-0.4145107567310333,-0.029548337683081627
247034,-11.310391426086426,20.19329833984375,133.60073852539062,-0.732421875,15.5029296875,89.05029296875,-100.37496948242188,66.76521301269531,0.7529119849205017,-0.8813890218734741,-0.4629586637020111,-0.09392871707677841
247151,-10.998376846313477,20.155906677246094,134.9782257080078,-18.798828125,-20.8740234375,105.712890625,-100.7681884765625,66.67454528808594,1.2384017705917358,-0.9334564208984375,-0.30902865529060364,0.18209972977638245
247276,-10.315055847167969,19.692384719848633,136.1283416748047,53.64990234375,-50.84228515625,67.2607421875,-100.8807144165039,66.63799285888672,1.6863802671432495,-0.9492906332015991,-0.30449172854423523,0.07830828428268433
247572,-9.92667007446289,19.58171844482422,136.29086303710938,11.1083984375,-3.662109375,7.4462890625,-100.47105407714844,66.71154022216797,1.9079242944717407,-0.937663197517395,-0.34749308228492737,0.006029242649674416
247744,-10.275640487670898,19.518661499023438,136.22076416015625,-15.19775390625,0.6103515625,-4.57763671875,-100.43269348144531,66.72251892089844,2.16898775100708,-0.9665234088897705,-0.2335112988948822,0.1063246876001358
247932,-10.17344856262207,19.536609649658203,137.02810668945312,-14.404296875,-31.6162109375,99.365234375,-100.85811614990234,66.60200500488281,2.467275857925415,-0.9707253575325012,-0.22641322016716003,0.08018293976783752
248057,-10.123043060302734,18.760814666748047,139.2106475830078,-9.521484375,-24.169921875,35.58349609375,-101.72455596923828,66.62562561035156,3.5370748043060303,-0.9866381287574768,-0.1205783560872078,0.10957270860671997
248229,-10.251479148864746,18.719341278076172,139.18380737304688,-8.85009765625,-0.42724609375,-3.41796875,-101.5166015625,66.82417297363281,3.7244813442230225,-0.9855605363845825,-0.15883444249629974,0.058668576180934906
248416,-11.454100608825684,18.477569580078125,138.90370178222656,-31.31103515625,-3.84521484375,-8.4228515625,-101.46973419189453,67.13170623779297,3.7441112995147705,-0.9918951988220215,-0.10872035473585129,0.06575445085763931
248588,-11.026580810546875,18.738874435424805,139.03839111328125,94.05517578125,33.5693359375,38.2080078125,-101.53910827636719,67.23682403564453,3.848900079727173,-0.9966903328895569,-0.04429471120238304,0.06816397607326508
248719,-9.938071250915527,18.875551223754883,140.15969848632812,8.6669921875,-28.9306640625,77.94189453125,-101.92778778076172,67.35548400878906,4.13569974899292,-0.9858126044273376,-0.16732066869735718,-0.013313688337802887
248899,-10.108076095581055,18.412256240844727,140.69398498535156,-4.0283203125,-10.68115234375,13.24462890625,-102.06031799316406,67.59393310546875,4.518640995025635,-0.991661787033081,-0.11065085232257843,-0.06605484336614609
249139,-11.286354064941406,18.02323341369629,140.4451904296875,-91.1865234375,-24.84130859375,-22.03369140625,-101.81770324707031,67.88729858398438,4.667703151702881,-0.9957388043403625,-0.037651002407073975,-0.08418195694684982
249259,-12.016261100769043,17.954994201660156,140.32974243164062,-52.001953125,-5.7373046875,-9.765625,-101.84795379638672,68.10140228271484,4.59000301361084,-0.984515368938446,-0.14215904474258423,-0.10256890952587128
249439,-12.443399429321289,18.074342727661133,140.21588134765625,-5.0048828125,1.03759765625,-1.77001953125,-102.06659698486328,68.49476623535156,4.381504535675049,-0.9841547608375549,-0.15109530091285706,-0.09278831630945206
249679,-12.502128601074219,18.329647064208984,140.169921875,2.197265625,3.41796875,0.42724609375,-102.25244903564453,68.69608306884766,4.143923282623291,-0.9811013340950012,-0.15942001342773438,-0.10966092348098755
249799,-12.557531356811523,18.447498321533203,140.14312744140625,1.708984375,3.41796875,0.48828125,-102.37205505371094,68.78829956054688,4.019777774810791,-0.9871171712875366,-0.12771068513393402,-0.09638316184282303
249919,-12.6118803024292,18.702848434448242,140.09963989257812,6.9580078125,4.8828125,1.708984375,-102.59468841552734,69.01451110839844,3.786499500274658,-0.9883549809455872,-0.11885660886764526,-0.09501339495182037
250039,-12.738594055175781,18.948326110839844,140.0302734375,4.39453125,3.7841796875,0.9765625,-102.93634033203125,69.31675720214844,3.405757427215576,-0.9886304140090942,-0.10709863901138306,-0.10554475337266922
250279,-12.615096092224121,19.079843521118164,140.0202178955078,34.24072265625,10.43701171875,5.615234375,-103.01287841796875,69.47913360595703,3.449812173843384,-0.9955750107765198,-0.06286956369876862,-0.06984171271324158
250399,-12.023518562316895,19.29377555847168,140.1166534423828,72.1435546875,18.5546875,17.7001953125,-103.27203369140625,69.55229187011719,3.425783634185791,-0.9747940301895142,-0.15037785470485687,-0.16481223702430725
250519,-12.189939498901367,19.409645080566406,140.07798767089844,-32.16552734375,16.78466796875,-1.89208984375,-104.02812957763672,69.43672180175781,3.4251551628112793,-0.9249210357666016,-0.318096399307251,-0.20817209780216217
250691,-12.9649658203125,19.054519653320312,140.6532440185547,-7.75146484375,-3.72314453125,-1.15966796875,-104.46890258789062,69.60342407226562,3.5070629119873047,-0.9919523596763611,-0.03462520241737366,-0.12178519368171692
250878,-13.044145584106445,19.139936447143555,140.63427734375,0.79345703125,0.48828125,0.42724609375,-104.50241088867188,69.7627182006836,3.396345376968384,-0.9874219298362732,-0.05636372044682503,-0.14771991968154907
250988,-13.053915023803711,19.249279022216797,140.62403869628906,4.7607421875,1.77001953125,1.64794921875,-104.5933609008789,69.88204193115234,3.2535808086395264,-0.9791157841682434,-0.06475257128477097,-0.19271598756313324
251113,-13.148805618286133,19.460453033447266,140.5735321044922,2.685546875,2.62451171875,0.54931640625,-105.05304718017578,70.12521362304688,2.6877405643463135,-0.9860144853591919,-0.044611696153879166,-0.16057813167572021
251347,-13.165915489196777,19.639535903930664,140.5479736328125,4.57763671875,3.662109375,1.46484375,-105.53902435302734,70.37395477294922,2.0944976806640625,-0.9929031729698181,0.00012098246952518821,-0.11892577260732651
251472,-13.22453498840332,19.712862014770508,140.52452087402344,2.44140625,3.2958984375,0.54931640625,-106.08522033691406,70.60704040527344,1.4270243644714355,-0.9870889782905579,-0.0761847198009491,-0.14089441299438477
251597,-13.428180694580078,19.81151580810547,140.44703674316406,-1.8310546875,3.35693359375,-1.03759765625,-107.03797912597656,70.88663482666016,0.25749102234840393,-0.9859695434570312,-0.14455264806747437,-0.0834791511297226
251706,-13.565272331237793,20.003353118896484,140.36380004882812,2.8076171875,2.38037109375,-0.9765625,-107.64995574951172,71.0314712524414,359.50164794921875,-0.9936769008636475,-0.11219903081655502,-0.004208966623991728
251831,-13.59835147857666,20.084028244018555,140.3296661376953,8.1787109375,2.62451171875,1.0986328125,-107.752197265625,71.0388412475586,359.3419189453125,-0.9954378008842468,-0.08873685449361801,-0.03506246581673622
251956,-13.663670539855957,20.19521713256836,140.27783203125,3.60107421875,4.94384765625,0.42724609375,-107.92971801757812,71.11148071289062,359.0407409667969,-0.9948320984840393,-0.08394603431224823,-0.05711669474840164
252128,-13.770273208618164,20.23100471496582,140.22451782226562,1.46484375,3.47900390625,0.42724609375,-108.08671569824219,71.14395141601562,358.85113525390625,-0.9984638094902039,-0.049142204225063324,-0.025592394173145294
252253,-13.850600242614746,20.304752349853516,140.18682861328125,2.86865234375,4.21142578125,1.220703125,-108.28334045410156,71.20446014404297,358.58740234375,-0.9995561838150024,-0.02889934740960598,0.007224836852401495
252378,-13.990104675292969,20.34031867980957,140.09771728515625,2.3193359375,2.0751953125,-3.5400390625,-108.6658706665039,71.3042984008789,358.0348205566406,-0.9982784390449524,-0.035596586763858795,0.04661457985639572
252613,-13.271564483642578,20.43474578857422,140.08872985839844,56.15234375,9.21630859375,3.173828125,-108.94619750976562,71.39144897460938,357.72137451171875,-0.9969225525856018,0.03748822957277298,0.06884857267141342
252738,-13.313684463500977,20.8555908203125,139.61439514160156,-7.4462890625,54.443359375,-37.53662109375,-109.14370727539062,71.45932006835938,357.2079162597656,-0.9977284073829651,-0.01552234310656786,0.06555204838514328
252918,-13.776886940002441,21.144433975219727,138.87611389160156,-29.47998046875,40.58837890625,-61.8896484375,-109.07483673095703,71.57469177246094,356.7248840332031,-0.9795916676521301,-0.1574278324842453,0.12496597319841385
253027,-13.883858680725098,20.970802307128906,138.40310668945312,12.63427734375,2.685546875,0.79345703125,-109.01979064941406,71.73348236083984,356.34783935546875,-0.9803000688552856,-0.08331401646137238,0.17908281087875366
253152,-13.942352294921875,20.832340240478516,138.48486328125,0.244140625,-2.44140625,4.33349609375,-109.06607055664062,71.77058410644531,356.4052429199219,-0.9928146600723267,-0.04659031704068184,0.1102200597524643
253277,-14.02641487121582,20.74725341796875,138.59130859375,-4.638671875,3.35693359375,5.0048828125,-109.14515686035156,71.94587707519531,356.3811340332031,-0.9822127819061279,-0.055820006877183914,0.17928215861320496
253449,-14.06070613861084,20.730440139770508,138.52005004882812,11.90185546875,4.82177734375,-1.40380859375,-109.14224243164062,72.04319763183594,356.32000732421875,-0.9878649115562439,-0.037008292973041534,0.15084236860275269
253637,-14.108940124511719,20.690174102783203,138.44854736328125,4.33349609375,4.82177734375,-1.5869140625,-109.0902328491211,72.13520050048828,356.2854919433594,-0.9899877309799194,-0.05217421427369118,0.13115684688091278
253746,-14.2019681930542,20.728042602539062,138.1188201904297,3.41796875,20.93505859375,-32.89794921875,-108.95840454101562,72.25511169433594,356.087646484375,-0.9856921434402466,-0.004944742191582918,0.16848303377628326
253933,-14.504477500915527,21.15707778930664,136.07766723632812,19.287109375,67.9931640625,-122.4365234375,-108.12799072265625,72.68070983886719,354.8454895019531,-0.9796813726425171,-0.18060825765132904,0.08720694482326508
254058,-16.296945571899414,20.70948028564453,133.2020263671875,-28.01513671875,-32.04345703125,-165.4052734375,-106.56156158447266,72.8681640625,354.43951416015625,-0.9438705444335938,-0.3280400037765503,0.03870640695095062
254168,-16.001432418823242,20.362293243408203,132.9352264404297,33.5693359375,28.74755859375,-11.5966796875,-105.78260040283203,72.97076416015625,354.7522277832031,-0.8774999380111694,-0.4422467052936554,0.18550416827201843
254418,-15.600360870361328,20.300907135009766,132.55056762695312,3.47900390625,-6.591796875,-39.6728515625,-105.13846588134766,73.01849365234375,354.7922058105469,-0.9390684366226196,-0.3437128961086273,-0.0034585960675030947
254527,-15.540392875671387,19.996543884277344,132.59890747070312,1.5869140625,-30.70068359375,5.126953125,-104.76954650878906,72.90162658691406,355.10546875,-0.944399356842041,-0.3213962912559509,-0.06938543915748596
254720,-15.241874694824219,19.948040008544922,132.67111206054688,23.92578125,-2.62451171875,6.591796875,-104.1015396118164,72.74309539794922,355.8128967285156,-0.9391030669212341,-0.34149202704429626,-0.038320839405059814
254839,-14.865604400634766,19.8815975189209,132.8218994140625,8.9111328125,-15.44189453125,2.74658203125,-103.12540435791016,72.670166015625,356.7735595703125,-0.9652788043022156,-0.19653216004371643,-0.17208151519298553
254959,-15.104087829589844,19.906015396118164,132.80242919921875,-17.7001953125,-2.685546875,-1.15966796875,-103.20806884765625,72.75886535644531,356.44537353515625,-0.976189374923706,-0.18890506029129028,-0.10662641376256943
255139,-15.05114459991455,20.127090454101562,132.80868530273438,13.3056640625,8.85009765625,5.9814453125,-103.51459503173828,72.85942840576172,355.90179443359375,-0.9725987315177917,-0.1620796173810959,-0.16667933762073517
255439,-15.012322425842285,20.120975494384766,132.80799865722656,2.50244140625,2.99072265625,0.79345703125,-103.93251037597656,72.89891052246094,355.44696044921875,-0.9632833003997803,-0.2110377550125122,-0.16597673296928406
255559,-15.039520263671875,20.147153854370117,132.77081298828125,7.568359375,4.94384765625,1.52587890625,-104.46868896484375,72.90486907958984,354.9271240234375,-0.951339840888977,-0.23027600347995758,-0.2047569751739502
255740,-15.205777168273926,20.10024642944336,132.6554412841797,-14.892578125,5.18798828125,-5.0048828125,-105.27652740478516,72.93579864501953,354.0325927734375,-0.9877611398696899,-0.14294332265853882,-0.06241018325090408
255859,-15.486031532287598,20.170366287231445,132.03004455566406,-14.95361328125,26.18408203125,-72.44873046875,-105.88457489013672,73.22929382324219,353.1125183105469,-0.9924496412277222,-0.07427608966827393,-0.09760559350252151
255979,-15.50463581085205,20.331735610961914,131.4296417236328,21.728515625,26.30615234375,-39.55078125,-106.22682189941406,73.50852966308594,352.3283386230469,-0.9832505583763123,0.052284710109233856,-0.17459842562675476
256219,-15.426084518432617,20.282258987426758,131.25550842285156,-8.4228515625,-5.0048828125,-3.23486328125,-106.28917694091797,73.67544555664062,352.05462646484375,-0.9919244050979614,-0.12143588066101074,-0.0365971140563488
256339,-15.420683860778809,20.224164962768555,131.2684326171875,2.197265625,2.44140625,0.91552734375,-106.34486389160156,73.80440521240234,351.9910888671875,-0.9877499341964722,-0.13804841041564941,-0.07275044173002243
256519,-15.342729568481445,20.212060928344727,131.3090057373047,4.21142578125,-0.732421875,6.04248046875,-106.37264251708984,73.91526794433594,351.92236328125,-0.9821670055389404,-0.15991000831127167,-0.09887748956680298
256691,-15.509356498718262,20.128448486328125,131.31777954101562,-4.5166015625,0.3662109375,-0.67138671875,-106.760498046875,74.15277099609375,351.5084228515625,-0.9788321256637573,-0.11879030615091324,-0.16666279733181
256816,-15.491355895996094,20.20492172241211,131.30349731445312,18.61572265625,12.75634765625,7.32421875,-107.18814849853516,74.21562194824219,351.0938720703125,-0.9663864970207214,-0.18013648688793182,-0.1834339052438736
256925,-15.533119201660156,20.161273956298828,131.26930236816406,-2.3193359375,0.9765625,-0.54931640625,-108.23271942138672,74.37805938720703,349.9999694824219,-0.9737749695777893,-0.15895690023899078,-0.16277281939983368
257113,-15.66172981262207,20.15028953552246,131.21485900878906,-2.38037109375,-1.52587890625,-1.708984375,-108.9041519165039,74.54405975341797,349.2028503417969,-0.988414466381073,-0.11126099526882172,-0.10323679447174072
257285,-15.718499183654785,20.096113204956055,131.19688415527344,1.89208984375,2.62451171875,1.46484375,-109.37042999267578,74.6528091430664,348.7035827636719,-0.9807748794555664,-0.16045765578746796,-0.11105833202600479
257535,-15.868556022644043,20.07206916809082,131.15155029296875,0.79345703125,3.35693359375,1.15966796875,-109.79462432861328,74.75203704833984,348.2599182128906,-0.9832435250282288,-0.1559227854013443,-0.09444741904735565
257707,-15.962725639343262,20.064556121826172,131.09793090820312,0.48828125,5.79833984375,-0.48828125,-110.57185363769531,74.9596176147461,347.4002685546875,-0.9945762753486633,-0.09634072333574295,-0.03919745236635208
257887,-16.12623405456543,20.007186889648438,131.03981018066406,-7.14111328125,-0.42724609375,-1.40380859375,-110.9762954711914,75.10443115234375,346.9420166015625,-0.9900553226470947,-0.12785401940345764,-0.05868511646986008
258012,-16.27284812927246,19.91485023498535,131.0247344970703,-11.8408203125,1.64794921875,-0.30517578125,-111.46472930908203,75.42903900146484,346.3833312988281,-0.9935367703437805,-0.11111613363027573,-0.023193569853901863
258137,-16.283750534057617,19.943172454833984,131.04443359375,-2.685546875,3.90625,4.69970703125,-111.39874267578125,75.52274322509766,346.3324890136719,-0.9948022961616516,-0.10136611014604568,-0.009653915651142597
258496,-16.12917137145996,20.254547119140625,131.0453643798828,-21.05712890625,28.62548828125,-15.5029296875,-111.724853515625,75.57168579101562,346.2159423828125,-0.950169026851654,-0.1961555778980255,0.24228447675704956
258620,-16.328842163085938,20.318662643432617,130.76913452148438,-16.78466796875,23.5595703125,-43.76220703125,-111.89402770996094,75.64328002929688,345.9856262207031,-0.9661957621574402,-0.2429044246673584,-0.08639011532068253
258740,-16.683982849121094,20.29066276550293,130.5068359375,-32.65380859375,8.11767578125,-29.47998046875,-111.9251708984375,75.68941497802734,345.80731201171875,-0.9598883986473083,-0.2650686204433441,-0.09139447659254074
258979,-15.906767845153809,19.964130401611328,130.94390869140625,13.7939453125,3.173828125,19.59228515625,-112.42930603027344,76.01405334472656,345.3453063964844,-0.9923416376113892,-0.11306986957788467,-0.049731478095054626
259159,-15.953011512756348,20.26947021484375,131.17417907714844,-7.080078125,22.15576171875,44.921875,-112.77835845947266,76.0868911743164,345.3327331542969,-0.9953265190124512,-0.06785766035318375,-0.06870588660240173
259401,-15.642541885375977,20.37019920349121,131.6568145751953,20.5078125,-0.42724609375,49.62158203125,-113.03990936279297,76.204833984375,345.44696044921875,-0.9949955344200134,-0.09350178390741348,-0.035230789333581924
259519,-15.0095796585083,20.0104923248291,132.96961975097656,32.3486328125,-23.01025390625,28.38134765625,-113.93763732910156,76.46810150146484,345.35595703125,-0.9903107285499573,-0.13021725416183472,-0.048251233994960785
259639,-15.32514476776123,19.869813919067383,132.86370849609375,-31.55517578125,-6.7138671875,-11.71875,-114.2303695678711,76.66603088378906,344.8639831542969,-0.9643568396568298,-0.2096741944551468,-0.1614082008600235
259759,-15.76336669921875,19.702041625976562,132.76065063476562,-28.01513671875,-6.9580078125,-6.103515625,-114.8503189086914,76.95860290527344,344.1521911621094,-0.9879471063613892,-0.11657440662384033,-0.10183786600828171
259879,-15.7529878616333,19.77874183654785,132.7609100341797,-8.97216796875,-0.91552734375,-1.46484375,-115.19281005859375,77.07157897949219,343.7616882324219,-0.9859969019889832,-0.12931106984615326,-0.10530295222997665
260060,-15.827584266662598,19.81715202331543,132.71165466308594,0.732421875,1.5869140625,-0.9765625,-115.60385131835938,77.19170379638672,343.3499450683594,-0.9842028617858887,-0.13984715938568115,-0.10857029259204865
260360,-15.915124893188477,19.916208267211914,132.65701293945312,2.86865234375,2.3193359375,0.18310546875,-116.1268539428711,77.36412048339844,342.7755126953125,-0.9875710010528564,-0.12712261080741882,-0.092430979013443
260539,-15.980459213256836,19.95964241027832,132.6151885986328,5.4931640625,2.99072265625,0.67138671875,-116.50264739990234,77.48197937011719,342.3748779296875,-0.9865270853042603,-0.13016927242279053,-0.09909660369157791
260719,-15.987833976745605,20.08907699584961,132.57337951660156,5.0048828125,3.90625,0.79345703125,-116.96711730957031,77.64806365966797,341.89727783203125,-0.9900124073028564,-0.1184208020567894,-0.07649767398834229
260899,-15.427535057067871,20.643253326416016,133.178466796875,-14.892578125,-28.564453125,40.771484375,-117.52629089355469,77.66392517089844,341.9447326660156,-0.9725353121757507,-0.2306075245141983,-0.031547702848911285
261019,-15.358967781066895,20.356136322021484,133.78175354003906,3.96728515625,-11.474609375,14.2822265625,-117.88399505615234,77.80801391601562,342.0406188964844,-0.9921614527702332,-0.08454775810241699,-0.09201832115650177
261199,-14.949624061584473,20.20146369934082,133.98927307128906,20.99609375,-12.451171875,1.89208984375,-118.7778091430664,78.12203979492188,340.931884765625,-0.9844322204589844,-0.12386895716190338,-0.1246986985206604
261319,-15.81127643585205,20.002832412719727,133.78663635253906,-100.9521484375,-18.49365234375,-23.25439453125,-119.14511108398438,78.19369506835938,340.53271484375,-0.9630345702171326,-0.11793718487024307,-0.24218818545341492
261499,-16.459196090698242,20.002790451049805,133.6477813720703,-12.51220703125,3.96728515625,-0.18310546875,-119.66898345947266,78.27611541748047,339.9092712402344,-0.9729350805282593,-0.12749052047729492,-0.19272653758525848
261739,-16.611309051513672,20.196508407592773,133.5711212158203,7.50732421875,3.41796875,0.42724609375,-120.81487274169922,78.30299377441406,338.7002258300781,-0.9805917739868164,-0.1338312327861786,-0.1432795375585556
261859,-16.65513038635254,20.249290466308594,133.529052734375,11.16943359375,3.23486328125,0.9765625,-121.37787628173828,78.34972381591797,338.1413879394531,-0.984550416469574,-0.12658505141735077,-0.12098288536071777
262159,-16.38787269592285,20.34162139892578,133.50030517578125,24.59716796875,3.72314453125,3.23486328125,-122.49945831298828,78.37380981445312,337.0375671386719,-0.9743760228157043,-0.15898600220680237,-0.15910635888576508
262339,-16.10422134399414,20.47091293334961,133.5141143798828,-2.62451171875,2.50244140625,-1.3427734375,-123.57577514648438,78.32926940917969,335.91192626953125,-0.9733777642250061,-0.15677198767662048,-0.16720746457576752
262459,-16.182653427124023,20.50376319885254,133.45237731933594,2.01416015625,5.0048828125,0.48828125,-123.94579315185547,78.33377075195312,335.5391540527344,-0.9741451144218445,-0.15926995873451233,-0.1602323204278946
262628,-16.939668655395508,20.485685348510742,133.23663330078125,-4.33349609375,2.25830078125,-1.03759765625,-125.82200622558594,78.38351440429688,333.643798828125,-0.9805783629417419,-0.13801981508731842,-0.13934345543384552
262753,-17.14322280883789,20.50767707824707,133.1494140625,7.6904296875,3.35693359375,0.6103515625,-126.76817321777344,78.43802642822266,332.68072509765625,-0.9823550581932068,-0.12852568924427032,-0.13586656749248505
262873,-17.22371482849121,20.551864624023438,133.0910186767578,8.48388671875,4.0283203125,1.52587890625,-127.7267074584961,78.48193359375,331.68231201171875,-0.9820628762245178,-0.13775542378425598,-0.1287478804588318
263060,-17.32950210571289,20.589370727539062,133.02479553222656,4.57763671875,3.60107421875,1.0986328125,-128.65464782714844,78.5388412475586,330.72064208984375,-0.9821285009384155,-0.12537555396556854,-0.140372633934021
263169,-17.514963150024414,20.607501983642578,132.959716796875,-4.94384765625,3.7841796875,-1.220703125,-129.3025665283203,78.57819366455078,330.0653076171875,-0.9831190705299377,-0.12677282094955444,-0.13193009793758392
263294,-17.453235626220703,20.66134262084961,132.9464874267578,21.42333984375,3.84521484375,6.65283203125,-130.12828063964844,78.6714859008789,329.1842041015625,-0.980724573135376,-0.12835389375686646,-0.1473248153924942
263466,-17.336837768554688,20.742830276489258,132.94168090820312,1.89208984375,2.44140625,0.18310546875,-131.00685119628906,78.71417999267578,328.2444152832031,-0.9827911257743835,-0.12448287755250931,-0.13647544384002686
263591,-17.46848487854004,20.751672744750977,132.88327026367188,-1.0986328125,3.11279296875,-1.03759765625,-131.68299865722656,78.77694702148438,327.5518493652344,-0.982161283493042,-0.13380517065525055,-0.1321190595626831
263716,-17.59637451171875,20.76213264465332,132.82269287109375,-3.0517578125,2.99072265625,-1.40380859375,-132.22206115722656,78.82733154296875,327.011962890625,-0.9813345074653625,-0.1421002298593521,-0.12957613170146942
263951,-17.736202239990234,20.831754684448242,132.7378692626953,8.1787109375,7.26318359375,2.44140625,-133.1682586669922,78.89290618896484,326.0243225097656,-0.974999189376831,-0.14839805662631989,-0.16539202630519867
264076,-17.898258209228516,20.829742431640625,132.66624450683594,1.40380859375,3.0517578125,-0.67138671875,-133.6070556640625,78.9346694946289,325.5682678222656,-0.9819626212120056,-0.1260465532541275,-0.14093203842639923
264310,-17.985490798950195,20.85334014892578,132.61843872070312,3.47900390625,4.2724609375,1.52587890625,-133.868896484375,79.01301574707031,325.2621154785156,-0.983839750289917,-0.12666846811771393,-0.12654851377010345
264498,-18.267324447631836,20.885622024536133,132.4670867919922,-2.5634765625,2.25830078125,-1.220703125,-134.5540313720703,79.1810073852539,324.47100830078125,-0.9887544512748718,-0.10787279903888702,-0.10357698053121567
264679,-18.369600296020508,20.901657104492188,132.4036102294922,2.74658203125,4.8828125,-1.28173828125,-134.8781280517578,79.2501220703125,324.0930480957031,-0.9885895848274231,-0.1064542904496193,-0.10657390207052231
264859,-18.547910690307617,20.94709587097168,132.27903747558594,2.9296875,3.23486328125,0.79345703125,-135.10147094726562,79.34247589111328,323.7737121582031,-0.9855144619941711,-0.09401720017194748,-0.14114481210708618
264979,-18.72923469543457,21.03651237487793,132.16986083984375,-8.6669921875,14.2822265625,-2.01416015625,-135.43174743652344,79.43319702148438,323.3776550292969,-0.9953256845474243,-0.05428614467382431,-0.07987476885318756
265102,-18.96426773071289,21.018991470336914,132.1046600341797,-1.89208984375,1.89208984375,1.89208984375,-135.70127868652344,79.56138610839844,322.92645263671875,-0.9941341876983643,-0.061586711555719376,-0.08890533447265625
265219,-18.920822143554688,21.125951766967773,132.06591796875,40.4052734375,15.9912109375,12.0849609375,-136.38905334472656,79.64341735839844,322.23944091796875,-0.9966537356376648,-0.032560959458351135,-0.07497431337833405
265339,-19.026601791381836,21.56558609008789,131.5883026123047,-24.4140625,75.50048828125,-59.2041015625,-137.1580352783203,79.6152572631836,321.3864440917969,-0.9784188866615295,0.06854340434074402,-0.19493132829666138
265460,-20.144330978393555,21.669445037841797,130.74154663085938,-61.03515625,32.3486328125,-68.115234375,-138.1433563232422,79.6402587890625,320.1680908203125,-0.9999130964279175,0.002013804391026497,-0.01303049921989441
265640,-20.587923049926758,21.538522720336914,130.07406616210938,-13.12255859375,5.859375,-37.4755859375,-138.55165100097656,79.69091796875,319.23974609375,-0.9912777543067932,-0.12357655167579651,-0.04579601436853409
265760,-20.70659065246582,21.5279598236084,129.67608642578125,-0.54931640625,11.53564453125,-36.56005859375,-138.79505920410156,79.75106811523438,318.640625,-0.9980263710021973,-0.02904757857322693,-0.05567452684044838
265881,-20.891708374023438,21.36082649230957,128.83656311035156,5.37109375,8.544921875,-48.40087890625,-138.83778381347656,79.83271026611328,317.780517578125,-0.9894782304763794,-0.13183331489562988,-0.05960419774055481
265999,-20.82314109802246,20.93567657470703,128.91905212402344,-7.8125,9.27734375,-1.46484375,-139.1097412109375,79.91178131103516,317.32318115234375,-0.9827495813369751,-0.1756552904844284,0.05786576867103577
266120,-20.75004768371582,21.08296012878418,128.82362365722656,1.77001953125,37.109375,-7.14111328125,-139.11566162109375,79.96477508544922,317.2081298828125,-0.9969881772994995,-0.07687649130821228,0.01022613700479269
266240,-20.754390716552734,21.034351348876953,128.64398193359375,-0.79345703125,6.9580078125,-22.39990234375,-139.10704040527344,80.01318359375,317.0139465332031,-0.9963369965553284,-0.08550608903169632,0.0011942191049456596
266360,-20.783897399902344,20.98518180847168,128.39537048339844,-10.55908203125,10.986328125,-39.1845703125,-139.1898193359375,80.07408905029297,316.65447998046875,-0.9965803027153015,-0.08037715405225754,0.019160371273756027
266480,-21.36312484741211,20.791709899902344,127.45858001708984,-48.64501953125,2.74658203125,-68.359375,-139.4417724609375,80.17645263671875,315.7193908691406,-0.9993737936019897,-0.03141475096344948,0.016284381970763206
266599,-21.472850799560547,20.668010711669922,127.04096221923828,0.48828125,5.43212890625,-35.0341796875,-139.33982849121094,80.21525573730469,315.4715881347656,-0.9873355031013489,-0.15773999691009521,-0.01693052053451538
266719,-21.54842758178711,20.587343215942383,126.78977966308594,2.0751953125,1.52587890625,-12.6953125,-139.270263671875,80.25312805175781,315.3266296386719,-0.9912394881248474,-0.12989571690559387,0.023902742192149162
266840,-21.513877868652344,20.480642318725586,126.57492065429688,1.0986328125,0.67138671875,-35.64453125,-139.29286193847656,80.31072998046875,314.98126220703125,-0.9870311617851257,-0.15678298473358154,0.03447774052619934
267020,-21.351728439331055,20.377517700195312,126.87664031982422,-6.40869140625,-12.3291015625,23.92578125,-139.1112518310547,80.33979034423828,315.3926086425781,-0.9885032176971436,-0.14179940521717072,0.05248263478279114
267140,-21.063920974731445,20.29737663269043,126.97540283203125,29.11376953125,-6.77490234375,4.82177734375,-139.06015014648438,80.39070129394531,315.2823486328125,-0.9937624335289001,-0.1114678755402565,0.0033488203771412373
267260,-20.970294952392578,20.380443572998047,126.9658432006836,-5.18798828125,13.671875,-1.64794921875,-138.8085174560547,80.4381332397461,315.4722595214844,-0.9904629588127136,-0.13117845356464386,0.042134661227464676
267380,-20.755306243896484,20.40470314025879,126.36566162109375,4.82177734375,5.37109375,-48.40087890625,-138.670166015625,80.56222534179688,314.9419860839844,-0.9895378351211548,-0.14192338287830353,0.02593402937054634
267560,-20.992385864257812,20.127695083618164,125.54218292236328,-13.0615234375,0.6103515625,-102.84423828125,-138.64576721191406,80.60968017578125,314.0852355957031,-0.9854065179824829,-0.17015789449214935,-0.004503463860601187
267680,-21.129941940307617,19.926395416259766,124.79094696044922,-9.8876953125,12.39013671875,-80.810546875,-138.42718505859375,80.6137466430664,313.6322326660156,-0.9812790155410767,-0.19148072600364685,-0.020652223378419876
267980,-21.63127899169922,19.427024841308594,123.94517517089844,-13.97705078125,-14.0380859375,-89.111328125,-138.35133361816406,80.59288787841797,312.8999938964844,-0.9750433564186096,-0.22102560102939606,-0.020931798964738846
268100,-21.1068058013916,18.86835479736328,123.79728698730469,27.64892578125,-20.08056640625,8.36181640625,-137.9103240966797,80.55972290039062,312.8910827636719,-0.9755992293357849,-0.21773898601531982,-0.02821440063416958
268220,-21.153179168701172,18.88393211364746,123.80968475341797,-19.34814453125,2.685546875,-1.8310546875,-137.6568603515625,80.52599334716797,313.246337890625,-0.9660084247589111,-0.2585042715072632,0.0017803324153646827
268460,-20.447406768798828,19.94619369506836,124.83516693115234,22.39990234375,26.91650390625,106.50634765625,-135.9599609375,80.4050521850586,316.1708679199219,-0.947941243648529,-0.2859751284122467,-0.14009161293506622
268579,-19.954030990600586,20.576208114624023,126.35404205322266,-16.41845703125,6.65283203125,134.3994140625,-135.627685546875,80.40628051757812,317.7782897949219,-0.9982264637947083,-0.03318667411804199,0.04942188039422035
268699,-19.462158203125,20.999935150146484,127.3845443725586,10.55908203125,12.0849609375,88.2568359375,-135.59825134277344,80.4666519165039,318.68341064453125,-0.9976203441619873,-0.01520406175404787,0.06724873185157776
268819,-18.682430267333984,21.392698287963867,128.71913146972656,10.498046875,1.64794921875,4.8828125,-135.4744415283203,80.63561248779297,319.7773132324219,-0.9966847896575928,-0.08132568001747131,-0.002374472329393029
268939,-18.535860061645508,21.2283878326416,128.7979736328125,-2.01416015625,-25.45166015625,-6.89697265625,-135.55685424804688,80.7447280883789,319.5537414550781,-0.9989264011383057,-0.046200674027204514,-0.003393269842490554
269059,-18.339031219482422,21.04767417907715,128.81097412109375,29.84619140625,-22.216796875,12.6953125,-135.0406494140625,80.76294708251953,319.7967834472656,-0.9796013832092285,-0.19827388226985931,-0.032689038664102554
269179,-18.020612716674805,21.176193237304688,129.48374938964844,-51.6357421875,3.23486328125,79.40673828125,-133.53878784179688,80.6212158203125,321.8092041015625,-0.9940837621688843,-0.10859738290309906,-0.0020541748963296413
269299,-17.942033767700195,21.447397232055664,129.6422576904297,14.95361328125,18.37158203125,13.61083984375,-135.2775421142578,80.74629974365234,320.25811767578125,-0.9601538181304932,0.12976674735546112,-0.24751806259155273
269480,-17.50443458557129,21.30340576171875,129.96852111816406,18.61572265625,-27.7099609375,-4.150390625,-135.64833068847656,80.92354583740234,319.8063659667969,-0.9997401833534241,-0.02218271978199482,0.005253802053630352
269600,-17.455326080322266,21.297746658325195,129.93922424316406,6.8359375,-2.685546875,-0.54931640625,-135.50082397460938,81.04912567138672,319.9211730957031,-0.9886866211891174,-0.14819999039173126,-0.023144887760281563
269721,-17.14076042175293,21.305551528930664,130.04904174804688,5.43212890625,0.91552734375,2.74658203125,-135.4193878173828,81.30177307128906,319.9601135253906,-0.9957236647605896,-0.07306665182113647,-0.05652989447116852
269840,-16.881563186645508,21.40728759765625,130.13861083984375,3.47900390625,3.47900390625,1.52587890625,-135.4246826171875,81.51908874511719,319.90234375,-0.9788756370544434,-0.1805405467748642,-0.09595658630132675
269960,-16.736604690551758,21.494220733642578,130.18405151367188,3.60107421875,2.74658203125,1.40380859375,-135.1879425048828,81.4632797241211,320.0624084472656,-0.9840924739837646,-0.14698496460914612,-0.09978685528039932
270080,-16.555438995361328,21.65445327758789,130.21759033203125,-0.1220703125,16.54052734375,0.1220703125,-135.1205596923828,81.33261108398438,320.1286315917969,-0.9800050854682922,-0.18088281154632568,-0.08289448171854019
270200,-16.617036819458008,21.967273712158203,129.95689392089844,-3.72314453125,46.38671875,-23.92578125,-134.6555633544922,81.21680450439453,320.5751037597656,-0.9824883937835693,-0.1814710944890976,-0.042247239500284195
270320,-16.579479217529297,22.184629440307617,130.20205688476562,-3.41796875,14.09912109375,38.818359375,-134.4834747314453,81.12665557861328,321.02227783203125,-0.9968970417976379,-0.07001698762178421,-0.03597424551844597
270440,-16.610942840576172,22.26613426208496,130.0775909423828,-7.14111328125,18.37158203125,-42.66357421875,-134.58746337890625,81.18240356445312,320.7444763183594,-0.9972387552261353,-0.07366710901260376,0.00938661489635706
270560,-16.78982925415039,21.804969787597656,129.87315368652344,-20.6298828125,-27.83203125,7.38525390625,-134.58163452148438,81.16206359863281,320.4921569824219,-0.9986374974250793,-0.04258161410689354,0.030166812241077423
270675,-16.731185913085938,22.00037956237793,130.0343780517578,-11.77978515625,9.3994140625,27.89306640625,-134.00694274902344,81.13106536865234,321.2018127441406,-0.9891050457954407,-0.11939101666212082,-0.08612197637557983
270800,-16.470321655273438,22.182205200195312,130.38043212890625,5.859375,7.01904296875,45.59326171875,-133.68338012695312,81.14817810058594,321.822998046875,-0.9951553344726562,-0.09672537446022034,0.01760897785425186
270909,-16.235034942626953,21.51253890991211,130.7245635986328,4.39453125,-119.384765625,-0.91552734375,-134.1099395751953,81.2453842163086,321.3237609863281,-0.9804572463035583,0.18697965145111084,-0.06117357686161995
271034,-15.962774276733398,21.524003982543945,130.77694702148438,12.20703125,3.2958984375,4.150390625,-134.08680725097656,81.36444091796875,321.2987365722656,-0.9932310581207275,-0.10571905225515366,-0.04811956733465195
271331,-15.867202758789062,21.559858322143555,130.78271484375,-3.662109375,4.0283203125,-3.2958984375,-133.9552764892578,81.40657043457031,321.341552734375,-0.9919184446334839,-0.12256290763616562,-0.032803602516651154
271456,-15.733678817749023,21.586563110351562,130.82350158691406,3.90625,3.173828125,2.3193359375,-133.77320861816406,81.46495819091797,321.54327392578125,-0.9932308793067932,-0.1108398512005806,-0.03474264219403267
271566,-15.498734474182129,21.763479232788086,130.8653106689453,7.080078125,24.7802734375,0.3662109375,-133.5626220703125,81.54420471191406,321.7729187011719,-0.9973799586296082,-0.07061528414487839,-0.015705812722444534
271691,-15.25486946105957,22.283254623413086,131.60064697265625,0.18310546875,-0.18310546875,37.78076171875,-132.96435546875,81.62265014648438,323.1676330566406,-0.9975590705871582,-0.06372524797916412,-0.02854987420141697
271878,-15.144432067871094,22.219858169555664,132.08531188964844,-6.591796875,-10.43701171875,60.72998046875,-132.75376892089844,81.65865325927734,323.72344970703125,-0.9979265332221985,-0.05874493718147278,0.026300033554434776
271988,-14.711527824401855,21.97849464416504,132.6745147705078,19.95849609375,-11.90185546875,4.45556640625,-133.05545043945312,81.8095703125,323.6063537597656,-0.9991346001625061,0.04155682027339935,0.001770887291058898
272175,-14.443191528320312,21.82761573791504,132.74937438964844,10.986328125,-11.5966796875,-0.18310546875,-133.8346710205078,81.8145523071289,322.7472839355469,-0.9897233843803406,-0.06438608467578888,-0.12767881155014038
272347,-15.015593528747559,21.53969383239746,132.62525939941406,-14.83154296875,2.86865234375,-3.7841796875,-134.25930786132812,81.8968276977539,322.3065490722656,-0.9989095330238342,-0.02987729385495186,0.03587675094604492
272472,-15.038393020629883,21.63683319091797,132.6050567626953,3.41796875,3.60107421875,0.91552734375,-134.73463439941406,82.07714080810547,321.77783203125,-0.9964230060577393,-0.06946740299463272,-0.0481206476688385
272597,-14.991044044494629,21.71879768371582,132.601318359375,10.25390625,4.39453125,1.8310546875,-134.92347717285156,82.1622314453125,321.57391357421875,-0.9966304898262024,-0.06631457805633545,-0.048272233456373215
272706,-14.947037696838379,22.22164535522461,132.36546325683594,-6.77490234375,48.2177734375,-15.0146484375,-134.55126953125,82.18365478515625,321.9739074707031,-0.9895298480987549,-0.1177610382437706,-0.08344417065382004
272890,-14.790102005004883,22.2833309173584,132.84625244140625,4.5166015625,-3.60107421875,41.19873046875,-134.93841552734375,82.29839324951172,321.9283142089844,-0.9955362677574158,-0.07281150668859482,-0.06004822254180908
273015,-14.721402168273926,22.15616798400879,133.0616455078125,-3.11279296875,-12.5732421875,14.5263671875,-135.34683227539062,82.38665771484375,321.6209411621094,-0.9971144795417786,-0.04079432785511017,-0.06401941925287247
273186,-14.618205070495605,22.1567440032959,133.2637481689453,15.68603515625,0.244140625,39.85595703125,-135.61158752441406,82.46868133544922,321.45465087890625,-0.9988597631454468,-0.025895917788147926,-0.040108561515808105
273380,-14.724400520324707,21.889875411987305,133.3262939453125,-17.7001953125,-24.59716796875,-2.13623046875,-135.995849609375,82.64035034179688,321.1177673339844,-0.9976845979690552,0.04832156375050545,-0.04786026105284691
273552,-14.95962905883789,21.682519912719727,133.3077850341797,-29.23583984375,-15.869140625,-14.83154296875,-135.9163360595703,82.67892456054688,321.1762390136719,-0.9986341595649719,-0.04782125726342201,0.021046031266450882
273677,-14.795238494873047,21.663043975830078,133.38613891601562,1.708984375,1.953125,0.6103515625,-136.84109497070312,82.83108520507812,320.2205505371094,-0.9968212246894836,-0.05639655888080597,-0.05627605319023132
273854,-14.547455787658691,21.67936134338379,133.44029235839844,8.72802734375,7.080078125,2.38037109375,-136.9632110595703,82.94700622558594,320.0867919921875,-0.9921567440032959,-0.09040316194295883,-0.08632662892341614
273979,-14.474279403686523,21.798704147338867,133.45230102539062,10.31494140625,7.32421875,4.45556640625,-137.06463623046875,83.04985809326172,319.99774169921875,-0.9927923083305359,-0.09023188799619675,-0.07887740433216095
274326,-14.492985725402832,21.899309158325195,133.43460083007812,-3.72314453125,13.24462890625,1.8310546875,-137.15634155273438,83.12425231933594,319.9432373046875,-0.9960597157478333,-0.06743592023849487,-0.057596512138843536
274451,-13.969818115234375,22.549686431884766,133.76626586914062,19.04296875,17.27294921875,53.16162109375,-138.47137451171875,83.30437469482422,318.9734802246094,-0.997488260269165,-0.02736075595021248,-0.06533560156822205
274628,-13.765237808227539,22.39735984802246,134.28826904296875,-6.16455078125,-23.86474609375,29.9072265625,-138.53530883789062,83.38197326660156,319.1777038574219,-0.9993892312049866,-0.028719468042254448,-0.019910555332899094
274753,-13.84815502166748,21.98153305053711,134.68429565429688,16.90673828125,2.13623046875,6.89697265625,-140.85043334960938,83.53510284423828,317.2113037109375,-0.9896872639656067,-0.06774716824293137,-0.1262122541666031
274878,-13.874680519104004,21.891752243041992,134.72129821777344,5.18798828125,-2.74658203125,11.5966796875,-141.0289306640625,83.55776977539062,317.044921875,-0.9930621981620789,-0.08845087885856628,-0.07748589664697647
275060,-13.976398468017578,21.840673446655273,134.74794006347656,-0.244140625,0.3662109375,10.498046875,-142.23904418945312,83.55870819091797,315.8916015625,-0.9901129603385925,-0.08279019594192505,-0.11323484033346176
275172,-13.997883796691895,21.687450408935547,134.7373504638672,7.080078125,-2.197265625,-1.708984375,-143.74029541015625,83.6545181274414,314.3735656738281,-0.9953569769859314,-0.008012818172574043,-0.09591814875602722
275297,-14.05949878692627,21.64984703063965,134.63241577148438,5.0048828125,4.08935546875,-6.53076171875,-144.78317260742188,83.68649291992188,313.252685546875,-0.9911455512046814,-0.04586430639028549,-0.12460796535015106
275409,-14.177007675170898,21.597585678100586,134.5160369873047,4.638671875,2.86865234375,-1.8310546875,-146.09170532226562,83.63062286376953,311.8838195800781,-0.9939978718757629,-0.05587775632739067,-0.09405286610126495
275534,-14.27770709991455,21.52435874938965,134.45803833007812,2.3193359375,2.44140625,0.6103515625,-147.33367919921875,83.59580993652344,310.6049499511719,-0.9938024282455444,-0.042916107922792435,-0.10254184901714325
275659,-14.370076179504395,21.482547760009766,134.3931884765625,1.64794921875,3.662109375,-2.74658203125,-148.24298095703125,83.54047393798828,309.6585693359375,-0.9908116459846497,-0.06495747715234756,-0.11862844228744507
275769,-14.442584991455078,21.430309295654297,134.34483337402344,2.01416015625,2.8076171875,-1.3427734375,-148.9204559326172,83.52461242675781,308.9313049316406,-0.9942184090614319,-0.0512235201895237,-0.09437180310487747
276071,-14.541230201721191,21.396610260009766,134.28878784179688,1.40380859375,1.708984375,0.18310546875,-149.0099639892578,83.4445571899414,308.80487060546875,-0.9918403625488281,-0.05763721093535423,-0.11371341347694397
276249,-14.63730525970459,21.32773780822754,134.24139404296875,3.41796875,3.35693359375,-0.06103515625,-150.26040649414062,83.48551940917969,307.49871826171875,-0.9946659803390503,-0.045310426503419876,-0.09266402572393417
276366,-14.711404800415039,21.2973575592041,134.18605041503906,2.01416015625,4.5166015625,-0.9765625,-150.4183349609375,83.40272521972656,307.302978515625,-0.9916272163391113,-0.07550094276666641,-0.10476206988096237
276491,-14.97454833984375,21.21978187561035,133.92572021484375,3.173828125,5.2490234375,-1.77001953125,-151.40505981445312,83.49491882324219,306.118408203125,-0.9948519468307495,-0.05234813317656517,-0.08677207678556442
276620,-15.090300559997559,21.19011116027832,133.86996459960938,2.197265625,3.5400390625,1.52587890625,-151.9186248779297,83.39383697509766,305.5813903808594,-0.9878001809120178,-0.07046236097812653,-0.13887357711791992
276800,-15.1826171875,21.178668975830078,133.8390350341797,2.25830078125,4.7607421875,0.18310546875,-151.9015655517578,83.35108184814453,305.5940246582031,-0.9923492074012756,-0.05697128549218178,-0.1095326617360115
276980,-15.416672706604004,21.149280548095703,133.75259399414062,-10.68115234375,4.39453125,-6.16455078125,-152.51913452148438,83.22254180908203,305.0928955078125,-0.992857038974762,-0.05253973230719566,-0.10711868107318878
277100,-15.672212600708008,21.13062858581543,133.72872924804688,-22.88818359375,5.126953125,8.72802734375,-152.3573455810547,83.10955047607422,305.3775939941406,-0.9909629225730896,-0.06393696367740631,-0.1179175153374672
277220,-15.808966636657715,21.051069259643555,133.76654052734375,-6.16455078125,4.150390625,0.42724609375,-152.59068298339844,83.05963134765625,305.2804260253906,-0.9870954751968384,-0.09584961831569672,-0.12827813625335693
277340,-15.861461639404297,20.906831741333008,133.8997344970703,-6.77490234375,3.90625,-6.9580078125,-153.46348571777344,83.10206604003906,304.5801696777344,-0.997455894947052,-0.0062064980156719685,-0.07101666182279587
277520,-15.853875160217285,20.831417083740234,133.89791870117188,3.173828125,1.8310546875,1.64794921875,-153.75132751464844,83.00532531738281,304.278564453125,-0.9916114807128906,-0.05468623712658882,-0.11711565405130386
277640,-15.927787780761719,20.714706420898438,133.8704833984375,-0.6103515625,-4.08935546875,0.1220703125,-154.221435546875,82.98616790771484,303.81866455078125,-0.9950147867202759,-0.021951502189040184,-0.09728233516216278
277760,-15.826262474060059,20.678955078125,133.84909057617188,3.96728515625,7.080078125,-2.50244140625,-154.58302307128906,82.97113800048828,303.37701416015625,-0.9933794736862183,-0.04915221408009529,-0.10383255034685135
277940,-15.721808433532715,20.475339889526367,133.90457153320312,6.4697265625,0.8544921875,1.953125,-156.57313537597656,82.97415161132812,301.3266906738281,-0.9921609163284302,-0.047047246247529984,-0.11577195674180984
278060,-15.658726692199707,20.434473037719727,133.88388061523438,6.77490234375,7.87353515625,-2.86865234375,-157.17027282714844,83.01736450195312,300.66741943359375,-0.9935392737388611,-0.02493787184357643,-0.11071451753377914
278180,-15.729353904724121,20.47568702697754,133.59718322753906,-7.080078125,19.47021484375,-31.8603515625,-157.23727416992188,83.05516052246094,300.3770751953125,-0.9931073784828186,-0.06515561044216156,-0.09743008017539978
278300,-16.055681228637695,20.522945404052734,132.13462829589844,23.49853515625,21.78955078125,-78.125,-159.37359619140625,82.95279693603516,296.9156799316406,-0.9785516858100891,-0.13131563365459442,-0.15872269868850708
278420,-16.172941207885742,20.43851661682129,131.51565551757812,9.09423828125,15.625,-51.33056640625,-159.18130493164062,82.84689331054688,296.4788818359375,-0.9919952154159546,-0.11209053546190262,-0.05814771354198456
278540,-16.239707946777344,20.380168914794922,130.93450927734375,5.0048828125,18.5546875,-56.82373046875,-159.0357208251953,82.7748794555664,296.0022888183594,-0.993384063243866,-0.10178706049919128,-0.053174134343862534
278649,-16.38686752319336,20.260540008544922,130.07286071777344,10.31494140625,14.22119140625,-47.7294921875,-159.1595001220703,82.6937026977539,295.02862548828125,-0.9935551285743713,-0.08629722148180008,-0.07349028438329697
278774,-16.475318908691406,20.08091163635254,129.7841796875,-4.69970703125,-10.92529296875,-20.751953125,-158.98883056640625,82.64459228515625,294.87249755859375,-0.9841024279594421,-0.1719837337732315,-0.044317036867141724
278899,-16.298343658447266,19.94309425354004,129.8052215576172,0.79345703125,4.94384765625,-6.8359375,-158.84695434570312,82.63922882080078,294.9049377441406,-0.9989256262779236,-0.034860219806432724,-0.030532745644450188
279009,-16.310901641845703,19.849437713623047,129.72361755371094,-19.1650390625,0.91552734375,-24.47509765625,-159.1274871826172,82.70421600341797,294.4649963378906,-0.9958628416061401,-0.08816328644752502,-0.022011859342455864
279247,-16.059587478637695,19.662412643432617,129.83424377441406,2.13623046875,8.11767578125,-2.86865234375,-158.88401794433594,82.79927825927734,294.6302795410156,-0.9939815998077393,-0.10935131460428238,0.006546530872583389
279372,-16.031177520751953,19.674327850341797,129.7504119873047,9.3994140625,16.66259765625,-13.00048828125,-158.99549865722656,82.84467315673828,294.4443054199219,-0.9953253269195557,-0.09254758805036545,-0.027612175792455673
279497,-15.946246147155762,19.67027473449707,129.85963439941406,4.82177734375,7.26318359375,14.46533203125,-158.69158935546875,82.90751647949219,294.810302734375,-0.9964186549186707,-0.08244538307189941,0.01877851039171219
279607,-15.665814399719238,19.70331382751465,130.02989196777344,-1.8310546875,2.01416015625,7.62939453125,-157.2165069580078,82.98423767089844,296.483154296875,-0.990084171295166,-0.13932286202907562,0.01795770414173603
279732,-15.568668365478516,19.6377010345459,130.0449981689453,1.77001953125,5.55419921875,-3.47900390625,-156.92088317871094,83.02135467529297,296.7404479980469,-0.9912931323051453,-0.1302490532398224,-0.01931403949856758
279860,-15.522355079650879,19.559295654296875,130.0290985107422,3.173828125,3.662109375,-1.0986328125,-156.5219268798828,83.01596069335938,297.07073974609375,-0.9868784546852112,-0.15075169503688812,-0.05783555656671524
279970,-15.724845886230469,19.27180290222168,130.07847595214844,-29.84619140625,-33.203125,-1.46484375,-156.10794067382812,83.00487518310547,297.484375,-0.9835684299468994,-0.17950640618801117,-0.019254591315984726
280157,-15.75129222869873,18.996200561523438,130.1680908203125,5.18798828125,-1.708984375,-1.220703125,-156.2725372314453,83.0591812133789,297.1861572265625,-0.9920260906219482,-0.12248571217060089,-0.029689863324165344
280266,-15.522455215454102,19.070070266723633,130.2425994873047,10.92529296875,0.48828125,4.21142578125,-155.98004150390625,83.06511688232422,297.3771667480469,-0.9862480163574219,-0.1563417762517929,-0.05359261482954025
280391,-15.371556282043457,19.20053482055664,130.28724670410156,4.45556640625,10.92529296875,4.0283203125,-155.58433532714844,83.07819366455078,297.7694396972656,-0.9922959208488464,-0.12348782271146774,-0.009974016807973385
280569,-15.34839153289795,19.838327407836914,130.29505920410156,-7.87353515625,27.40478515625,15.93017578125,-153.86880493164062,83.0870132446289,299.8827819824219,-0.9908156991004944,-0.13507749140262604,-0.006184867117553949
280700,-15.21359920501709,19.883808135986328,130.5405731201172,-2.685546875,1.46484375,27.4658203125,-153.1301727294922,83.09817504882812,300.83270263671875,-0.9891525506973267,-0.1308823525905609,-0.06668710708618164
280820,-15.087878227233887,19.89772605895996,130.9449920654297,-2.74658203125,0.67138671875,38.02490234375,-152.60101318359375,83.15289306640625,301.6886291503906,-0.9980485439300537,-0.062157563865184784,0.005960314534604549
280940,-14.921401977539062,19.702829360961914,131.2677459716797,14.5263671875,-5.4931640625,-2.38037109375,-152.01174926757812,83.24573516845703,302.4412536621094,-0.9973356127738953,-0.06915698945522308,-0.02321353368461132
281060,-14.864673614501953,19.59360122680664,131.2708740234375,-3.47900390625,0.91552734375,0.6103515625,-151.72373962402344,83.28507232666016,302.69390869140625,-0.9951784610748291,-0.0880097895860672,-0.043289367109537125
281240,-14.777734756469727,19.507692337036133,131.3357696533203,-0.1220703125,-4.638671875,-1.03759765625,-151.78907775878906,83.34978485107422,302.6414489746094,-0.9958575367927551,-0.03724478930234909,-0.0829489603638649
281360,-14.694748878479004,19.535329818725586,131.38893127441406,-5.79833984375,3.5400390625,0.30517578125,-151.569580078125,83.32259368896484,302.8923645019531,-0.9895668029785156,-0.07773741334676743,-0.1213032528758049
281481,-14.606398582458496,19.564369201660156,131.41064453125,-0.732421875,6.65283203125,-14.22119140625,-151.36276245117188,83.37779998779297,303.03759765625,-0.9910313487052917,-0.09915155917406082,-0.0895874872803688
281660,-14.555008888244629,19.62590980529785,131.31817626953125,-3.72314453125,13.48876953125,-14.7705078125,-151.52732849121094,83.4597396850586,302.74139404296875,-0.9992389678955078,0.0016432921402156353,-0.0389694981276989
281780,-14.550315856933594,19.546960830688477,130.84786987304688,16.7236328125,2.44140625,-47.91259765625,-152.1484375,83.51943969726562,301.56182861328125,-0.9980884194374084,-0.010274960659444332,-0.060941148549318314
281900,-14.512880325317383,19.399850845336914,130.2216339111328,15.68603515625,-6.7138671875,10.7421875,-151.78907775878906,83.46456909179688,301.3205261230469,-0.9669951796531677,-0.23369354009628296,-0.10152658820152283
282020,-14.442566871643066,19.037004470825195,130.47314453125,11.8408203125,-13.73291015625,6.2255859375,-151.88430786132812,83.50924682617188,301.22625732421875,-0.9978957772254944,-0.029567282646894455,-0.0577038899064064
282200,-14.304789543151855,19.17363739013672,130.47396850585938,6.53076171875,18.310546875,-0.06103515625,-151.3809051513672,83.54132080078125,301.74267578125,-0.9959173798561096,-0.07069142162799835,-0.05613730475306511
282380,-14.29100513458252,19.421445846557617,130.62965393066406,-9.27734375,28.38134765625,38.57421875,-150.44439697265625,83.46549987792969,302.9700012207031,-0.9852080941200256,-0.14625301957130432,-0.0893038809299469
282500,-14.004697799682617,19.57301902770996,131.2169647216797,-5.31005859375,-5.615234375,9.6435546875,-150.13291931152344,83.52819061279297,303.66827392578125,-0.9999920725822449,0.003039489733055234,-0.002589194802567363
282620,-13.85375690460205,19.503326416015625,131.3772735595703,3.35693359375,3.47900390625,10.3759765625,-149.6356201171875,83.5494613647461,304.20953369140625,-0.9970320463180542,-0.07674125581979752,-0.006163470912724733
282740,-13.763787269592285,19.40298843383789,131.31503295898438,-3.2958984375,4.2724609375,-4.82177734375,-149.21473693847656,83.5840835571289,304.50250244140625,-0.9885920882225037,-0.1346924901008606,-0.06740675866603851
282861,-13.708547592163086,19.058523178100586,131.52407836914062,-27.4658203125,-46.20361328125,2.74658203125,-148.91323852539062,83.6042251586914,304.7979736328125,-0.983469545841217,-0.15269692242145538,-0.09732052683830261
283040,-13.426948547363281,19.038888931274414,131.61131286621094,12.8173828125,-0.6103515625,4.39453125,-148.96168518066406,83.66423034667969,304.70501708984375,-0.9947561025619507,-0.09049784392118454,-0.04764939472079277
283220,-13.191335678100586,19.06620216369629,131.68533325195312,8.23974609375,1.953125,3.173828125,-148.67161560058594,83.70137786865234,304.9727478027344,-0.9942469000816345,-0.09779674559831619,-0.04369132220745087
283340,-12.972341537475586,19.190698623657227,131.7523193359375,5.92041015625,4.57763671875,3.5400390625,-148.10789489746094,83.75012969970703,305.5246887207031,-0.9974477887153625,-0.062036529183387756,-0.035347774624824524
283520,-12.885884284973145,19.56781578063965,131.6770477294922,-4.33349609375,35.46142578125,4.2724609375,-146.592529296875,83.71007537841797,307.13299560546875,-0.9920300245285034,-0.10785295814275742,-0.0651460811495781
283641,-12.684601783752441,19.750375747680664,131.90185546875,4.7607421875,11.53564453125,15.9912109375,-145.67620849609375,83.74614715576172,308.2088317871094,-0.9919570684432983,-0.10737617313861847,-0.06701920926570892
283760,-12.54982852935791,19.720970153808594,132.2080078125,-13.48876953125,-5.126953125,20.263671875,-145.07296752929688,83.73631286621094,309.0360412597656,-0.9926281571388245,-0.07688607275485992,-0.09368978440761566
283940,-12.368895530700684,19.617984771728516,132.5937957763672,-6.40869140625,-8.1787109375,3.5400390625,-144.6975860595703,83.81886291503906,309.6004638671875,-0.9995288252830505,-0.030615108087658882,-0.0021781499963253736
284120,-11.99273681640625,19.381244659423828,132.89566040039062,33.02001953125,-33.63037109375,28.01513671875,-144.93856811523438,83.8092269897461,309.4342041015625,-0.9931088089942932,-0.10394997149705887,-0.05412271246314049
284240,-11.888903617858887,19.298526763916016,132.935546875,8.7890625,-2.99072265625,1.52587890625,-145.09201049804688,83.90152740478516,309.2398681640625,-0.9967001676559448,-0.05643055588006973,-0.058347515761852264
284360,-11.690614700317383,19.315793991088867,132.98341369628906,0.0,6.40869140625,-1.3427734375,-144.75514221191406,83.98663330078125,309.5401611328125,-0.9960533976554871,-0.06269967555999756,-0.06282071769237518
284480,-11.49681568145752,19.410818099975586,133.03135681152344,2.25830078125,8.97216796875,0.18310546875,-144.7305145263672,84.05990600585938,309.55078125,-0.9963376522064209,-0.03833437338471413,-0.07643137872219086
284597,-11.590982437133789,19.84053611755371,133.05581665039062,-4.57763671875,30.45654296875,22.64404296875,-145.18975830078125,83.91694641113281,309.3199768066406,-0.9931570887565613,-0.05611390620470047,-0.10242264717817307
284707,-11.479434967041016,19.935184478759766,133.50979614257812,-3.5400390625,7.4462890625,46.81396484375,-145.13323974609375,83.89513397216797,309.7493896484375,-0.9984071850776672,-0.054112888872623444,-0.015965739265084267
284832,-11.291280746459961,19.856569290161133,133.85690307617188,1.28173828125,-4.08935546875,26.9775390625,-145.6494598388672,83.96128845214844,309.4387512207031,-0.9956202507019043,-0.042931534349918365,-0.08304989337921143
285066,-11.255105018615723,19.69755744934082,134.0269775390625,-15.5029296875,-8.30078125,0.54931640625,-145.78570556640625,84.00933074951172,309.3714294433594,-0.9950541257858276,-0.06839402765035629,-0.07203847169876099
285191,-11.506543159484863,19.355358123779297,134.13877868652344,10.92529296875,1.0986328125,1.220703125,-147.45335388183594,84.02958679199219,307.6363830566406,-0.99150550365448,-0.03634920343756676,-0.12488290667533875
285378,-11.346882820129395,19.38962745666504,134.175048828125,4.45556640625,3.47900390625,0.0,-148.3622283935547,84.0999984741211,306.7237854003906,-0.9953600168228149,-0.03613119572401047,-0.08918000757694244
285488,-11.036123275756836,19.472021102905273,134.23272705078125,4.33349609375,2.74658203125,-0.732421875,-150.91041564941406,84.19876861572266,304.087890625,-0.996147632598877,-0.030711840838193893,-0.08213911950588226
285675,-10.793267250061035,19.54523277282715,134.28872680664062,2.9296875,1.89208984375,0.48828125,-152.7430419921875,84.27970886230469,302.2065124511719,-0.9955586194992065,-0.028679639101028442,-0.08966924995183945
285847,-10.581319808959961,19.62349510192871,134.3524169921875,2.74658203125,1.52587890625,1.220703125,-154.71664428710938,84.30683898925781,300.2204895019531,-0.995397686958313,-0.0008384818211197853,-0.09582649171352386
286035,-10.453656196594238,19.687198638916016,134.39024353027344,1.708984375,4.69970703125,0.6103515625,-155.8477020263672,84.29243469238281,299.08001708984375,-0.9939956665039062,-0.030678879469633102,-0.10503004491329193
286207,-10.187467575073242,19.80524253845215,134.46646118164062,1.89208984375,2.13623046875,0.42724609375,-158.41519165039062,84.3039779663086,296.4752502441406,-0.9963704347610474,0.0006002954905852675,-0.08512189984321594
286332,-9.994789123535156,19.88385009765625,134.51986694335938,0.79345703125,3.84521484375,-0.18310546875,-160.51881408691406,84.32156372070312,294.3434143066406,-0.9957425594329834,-0.007446151226758957,-0.09187589585781097
286457,-9.735121726989746,20.000873565673828,134.59034729003906,2.99072265625,1.03759765625,0.732421875,-163.10247802734375,84.3307113647461,291.7221374511719,-0.995570957660675,0.0003592821885831654,-0.09401217103004456
286566,-9.529516220092773,20.090009689331055,134.6512908935547,1.8310546875,2.8076171875,0.54931640625,-165.18063354492188,84.3519058227539,289.6112365722656,-0.9959006309509277,-0.0016814530827105045,-0.09043815732002258
286821,-9.402067184448242,20.16179656982422,134.6881103515625,1.52587890625,3.0517578125,0.30517578125,-166.52622985839844,84.37698364257812,288.2484130859375,-0.9959858655929565,-0.0010827240766957402,-0.08950518816709518
286942,-9.270068168640137,20.238197326660156,134.72877502441406,3.662109375,1.5869140625,1.28173828125,-167.98109436035156,84.38053894042969,286.7671813964844,-0.9951276183128357,-0.010927550494670868,-0.09798770397901535
287061,-9.049105644226074,20.32158851623535,134.7964630126953,4.08935546875,0.54931640625,1.0986328125,-169.99722290039062,84.37447357177734,284.73065185546875,-0.9945418238639832,0.008951234631240368,-0.10395367443561554
287241,-8.81755542755127,20.489126205444336,134.85865783691406,1.5869140625,2.86865234375,-0.06103515625,-172.61923217773438,84.40125274658203,282.0558776855469,-0.9960978627204895,0.003004276193678379,-0.08820555359125137
287361,-8.633757591247559,20.621715545654297,134.91513061523438,2.3193359375,2.3193359375,0.91552734375,-174.3610076904297,84.44398498535156,280.2967834472656,-0.9954749941825867,0.005410843528807163,-0.09487012773752213
287481,-8.53011703491211,20.71529197692871,134.94589233398438,0.67138671875,3.35693359375,0.0,-174.22364807128906,84.4677734375,280.3945617675781,-0.9962310194969177,-0.007798990234732628,-0.08638881891965866
287661,-8.330981254577637,20.83824348449707,135.01527404785156,3.84521484375,1.28173828125,1.89208984375,-175.13861083984375,84.52643585205078,279.45770263671875,-0.9957650303840637,-0.011921724304556847,-0.09115904569625854
287841,-8.241958618164062,21.034818649291992,135.04238891601562,0.54931640625,5.67626953125,0.79345703125,-176.56053161621094,84.53782653808594,278.0110168457031,-0.9957213997840881,-0.0034958741161972284,-0.09233929961919785
287961,-8.150135040283203,21.041765213012695,135.05946350097656,7.14111328125,3.47900390625,1.28173828125,-177.5584716796875,84.57627868652344,276.9626770019531,-0.99725741147995,0.012570969760417938,-0.07293534278869629
288081,-7.996096611022949,21.07683563232422,135.01083374023438,14.34326171875,9.82666015625,0.3662109375,-177.95457458496094,84.57512664794922,276.3768310546875,-0.9969781637191772,0.00589358527213335,-0.07745855301618576
288261,-7.851990699768066,21.143699645996094,134.9319610595703,19.83642578125,10.19287109375,0.18310546875,-177.62074279785156,84.63075256347656,276.38885498046875,-0.9985072016716003,0.005399282090365887,-0.0543527714908123
288441,-7.574798583984375,21.247411727905273,135.005126953125,39.55078125,10.80322265625,13.427734375,-177.18417358398438,84.70693969726562,276.68072509765625,-0.9984782338142395,0.011798680759966373,-0.05386872589588165
288561,-7.428092956542969,21.293291091918945,135.08006286621094,10.1318359375,3.23486328125,8.9111328125,-176.334716796875,84.72860717773438,277.4436340332031,-0.9973254799842834,-0.043799590319395065,-0.058510057628154755
288675,-7.299681186676025,21.298688888549805,135.0941619873047,31.92138671875,-2.74658203125,1.708984375,-175.2139892578125,84.75996398925781,278.4092102050781,-0.9921877980232239,0.039139557629823685,-0.11845472455024719
288800,-7.583722114562988,21.14532470703125,134.48085021972656,-61.58447265625,15.625,-91.4306640625,-173.59698486328125,84.81991577148438,279.8171691894531,-0.9975335597991943,0.00952975545078516,0.06954145431518555
288909,-8.178752899169922,21.30529022216797,134.173095703125,-32.53173828125,18.00537109375,-1.0986328125,-176.7123565673828,84.64485168457031,276.6650085449219,-0.998060941696167,0.05276251211762428,-0.033021435141563416
289034,-8.7039213180542,21.300933837890625,134.07815551757812,-56.09130859375,-0.30517578125,-18.24951171875,179.1873016357422,84.39111328125,272.6259460449219,-0.9868390560150146,0.14752155542373657,-0.06622672826051712
289159,-8.959304809570312,21.58115005493164,134.33580017089844,8.72802734375,12.0849609375,19.53125,174.21585083007812,84.0654525756836,267.9336242675781,-0.9934368133544922,0.03662208467721939,-0.10836124420166016
289269,-8.53154468536377,21.52323341369629,134.70274353027344,52.18505859375,-16.357421875,46.81396484375,172.77761840820312,84.0466537475586,266.4625549316406,-0.9106601476669312,-0.33971744775772095,-0.23513881862163544
289394,-8.612430572509766,21.399782180786133,134.58642578125,9.3994140625,-5.67626953125,4.08935546875,171.4351348876953,84.30319213867188,265.1121826171875,-0.9979785084724426,-0.026370827108621597,0.057822272181510925
289519,-8.59999942779541,21.342742919921875,134.64279174804688,-0.30517578125,-0.30517578125,2.13623046875,170.42555236816406,84.46211242675781,264.0428466796875,-0.9798836708068848,-0.16500045359134674,-0.11226221919059753
289629,-8.72057819366455,21.354082107543945,134.54971313476562,2.0751953125,0.6103515625,0.1220703125,167.9317626953125,84.64517974853516,261.4913024902344,-0.9474923610687256,-0.24782240390777588,-0.20209470391273499
289753,-8.928823471069336,21.364381790161133,134.48733520507812,4.82177734375,4.08935546875,3.23486328125,167.47756958007812,84.6849594116211,261.0079040527344,-0.9631776809692383,-0.21291421353816986,-0.16418342292308807
289988,-9.038972854614258,21.393939971923828,134.45059204101562,2.3193359375,2.50244140625,0.48828125,167.716064453125,84.70135498046875,261.306396484375,-0.9548567533493042,-0.22434589266777039,-0.1947242170572281
290166,-9.144135475158691,21.433717727661133,134.41253662109375,1.0986328125,3.2958984375,1.15966796875,168.2447967529297,84.68927764892578,261.9697265625,-0.9540282487869263,-0.21922805905342102,-0.20437520742416382
290291,-9.318892478942871,21.50170135498047,134.36581420898438,-0.48828125,2.8076171875,1.64794921875,168.62242126464844,84.53968811035156,262.4798583984375,-0.9546840786933899,-0.23781238496303558,-0.1789514571428299
290416,-9.45416259765625,21.598060607910156,134.37535095214844,13.671875,8.85009765625,9.70458984375,167.60134887695312,84.11676788330078,261.5872497558594,-0.9687853455543518,-0.2217773199081421,-0.11076942086219788
290526,-9.375693321228027,23.053159713745117,135.14427185058594,-40.95458984375,22.3388671875,64.208984375,167.7755126953125,83.76351165771484,262.02099609375,-0.9889562726020813,0.04863004386425018,0.14000219106674194
290660,-9.883161544799805,22.58049201965332,135.42086791992188,-58.04443359375,-32.53173828125,15.869140625,169.9599609375,83.86991882324219,264.6011657714844,-0.9906571507453918,0.08662323653697968,0.10533180832862854
290781,-10.033401489257812,22.220130920410156,135.8310089111328,-30.57861328125,-45.83740234375,6.53076171875,177.5148468017578,84.06069946289062,272.5964660644531,-0.9945892691612244,-0.09766021370887756,0.035422518849372864
290901,-10.321562767028809,21.68932342529297,135.5563507080078,-12.14599609375,-33.38623046875,-46.875,-175.79737854003906,84.11673736572266,279.12884521484375,-0.8744521141052246,-0.4745860695838928,0.10050622373819351
291021,-9.091317176818848,21.759145736694336,135.71456909179688,38.51318359375,16.17431640625,12.39013671875,-179.8365936279297,84.12767028808594,274.5194091796875,-0.9121760129928589,-0.3929997384548187,0.11613031476736069
291201,-8.935731887817383,21.791658401489258,135.75363159179688,9.521484375,-0.06103515625,1.03759765625,179.20472717285156,84.24349975585938,273.5137634277344,-0.9792109131813049,-0.18924595415592194,-0.07302094995975494
291321,-9.041925430297852,21.858545303344727,135.69895935058594,-1.15966796875,2.9296875,-1.0986328125,179.8321533203125,84.41212463378906,274.1921691894531,-0.988520085811615,-0.12769034504890442,-0.08076654374599457
291562,-9.193183898925781,22.022323608398438,135.63076782226562,-1.953125,4.45556640625,-1.220703125,-179.1441192626953,84.6070785522461,275.24468994140625,-0.9925107359886169,-0.09786639362573624,-0.07310643047094345
291681,-9.361333847045898,22.14191246032715,135.55662536621094,3.2958984375,4.21142578125,0.79345703125,-178.05137634277344,84.71146392822266,276.4438781738281,-0.983031690120697,-0.14108715951442719,-0.11723125725984573
291801,-9.499404907226562,22.218673706054688,135.4961700439453,1.28173828125,3.35693359375,0.3662109375,-176.84239196777344,84.73887634277344,277.7222900390625,-0.9807801246643066,-0.11895867437124252,-0.1546582579612732
291981,-9.575931549072266,22.300949096679688,135.45901489257812,0.9765625,3.2958984375,0.30517578125,-175.9304656982422,84.71617126464844,278.61456298828125,-0.9702270030975342,-0.1502676010131836,-0.18994499742984772
292101,-9.702909469604492,22.321182250976562,135.40994262695312,0.244140625,3.0517578125,0.42724609375,-175.3917236328125,84.66079711914062,279.0547790527344,-0.9686916470527649,-0.1464996635913849,-0.20043545961380005
292221,-9.808310508728027,22.336782455444336,135.3713836669922,0.79345703125,3.23486328125,1.03759765625,-174.8968505859375,84.61507415771484,279.54254150390625,-0.9608906507492065,-0.160128653049469,-0.22593818604946136
292341,-9.940393447875977,22.39299774169922,135.31781005859375,1.0986328125,3.47900390625,0.18310546875,-174.11729431152344,84.40013885498047,280.3575744628906,-0.961809515953064,-0.15191474556922913,-0.22769367694854736
292521,-10.040781021118164,22.367807388305664,135.2733154296875,-1.0986328125,3.90625,-0.18310546875,-174.05245971679688,84.20941925048828,280.4071044921875,-0.9623348712921143,-0.14322848618030548,-0.23107844591140747
292701,-9.977428436279297,22.372886657714844,135.2930908203125,-3.5400390625,4.7607421875,-1.03759765625,-173.95545959472656,83.9466323852539,280.5020751953125,-0.9713583588600159,-0.16066238284111023,-0.17507317662239075
292822,-9.920146942138672,22.393688201904297,135.3114013671875,-6.16455078125,6.53076171875,-1.8310546875,-173.85215759277344,83.59990692138672,280.5143737792969,-0.9844222068786621,-0.1429668664932251,-0.10233916342258453
292941,-10.382439613342285,22.594972610473633,135.12525939941406,-46.875,22.03369140625,-18.798828125,-172.83132934570312,82.9119644165039,281.5638122558594,-0.9802454113960266,-0.19263973832130432,0.04482211545109749
293060,-11.377788543701172,22.71729850769043,134.77481079101562,-39.0625,-8.4228515625,-21.1181640625,-169.57061767578125,82.64275360107422,285.0581359863281,-0.9913267493247986,-0.12771174311637878,-0.0310021061450243
293181,-11.543341636657715,22.436986923217773,134.78395080566406,-40.34423828125,-17.822265625,-1.15966796875,-167.7635498046875,82.56549835205078,286.97381591796875,-0.9701286554336548,0.10882281512022018,0.2168131172657013
293480,-11.770882606506348,22.357341766357422,135.08609008789062,-36.92626953125,-5.67626953125,0.67138671875,-166.08480834960938,82.49642944335938,288.8839416503906,-0.9906946420669556,0.12203659862279892,0.06026030704379082
293600,-11.672415733337402,22.2579345703125,135.0491485595703,8.1787109375,-9.27734375,-8.11767578125,-165.58457946777344,82.56539154052734,289.24285888671875,-0.9676708579063416,0.16501159965991974,0.1907462477684021
293780,-11.427423477172852,22.272743225097656,135.18551635742188,12.20703125,-1.0986328125,10.55908203125,-165.57420349121094,82.64250946044922,289.2304382324219,-0.9799430966377258,0.18163222074508667,0.0819833055138588
293901,-9.770621299743652,22.469629287719727,135.57240295410156,40.22216796875,0.732421875,14.70947265625,-167.6732635498047,83.13221740722656,286.7042541503906,-0.9984015226364136,0.05396110936999321,0.016817474737763405
294020,-9.366445541381836,22.522794723510742,135.7015838623047,22.5830078125,-1.15966796875,9.33837890625,-167.5263671875,83.33082580566406,286.79229736328125,-0.9939839839935303,0.08733651787042618,0.06609249860048294
294261,-8.63109016418457,22.750511169433594,135.97662353515625,25.32958984375,12.87841796875,11.5966796875,-169.03758239746094,83.68472290039062,285.17864990234375,-0.988851010799408,0.1482769101858139,-0.013698807917535305
294381,-8.274260520935059,23.016963958740234,136.03048706054688,20.6298828125,26.85546875,-1.03759765625,-171.69570922851562,83.8333740234375,282.3548278808594,-0.9966014623641968,0.03430541977286339,-0.07489047199487686
294680,-8.016589164733887,23.093149185180664,136.13377380371094,9.1552734375,5.18798828125,6.77490234375,-174.8765106201172,84.04329681396484,279.2022399902344,-0.9892832636833191,0.0004732846573460847,-0.14600831270217896
294801,-7.645223617553711,23.061471939086914,136.29132080078125,6.77490234375,2.5634765625,3.35693359375,-177.00404357910156,84.0895767211914,277.05078125,-0.9880976676940918,-0.007039092015475035,-0.15366695821285248
294981,-7.593274116516113,22.98887062072754,136.3121337890625,5.37109375,2.74658203125,2.8076171875,-177.89500427246094,84.02945709228516,276.127197265625,-0.9819990992546082,-0.06513319909572601,-0.17730042338371277
295161,-7.59661865234375,22.84516716003418,136.32408142089844,-6.8359375,4.2724609375,-1.64794921875,-175.17372131347656,83.41521453857422,278.8283996582031,-0.9898645877838135,-0.04504555091261864,-0.13468164205551147
295281,-7.67539119720459,22.84332275390625,136.3070068359375,-21.54541015625,1.52587890625,-6.89697265625,-174.42311096191406,83.16072082519531,279.6641845703125,-0.9979865550994873,0.06342388689517975,-0.00046980654587969184
295401,-8.046143531799316,22.858919143676758,136.2581329345703,-38.02490234375,7.38525390625,-20.751953125,-174.8611297607422,82.85858154296875,279.3896789550781,-0.9920596480369568,0.04162488132715225,0.11868046224117279
295521,-7.877129077911377,22.929044723510742,136.1928253173828,13.7939453125,4.45556640625,-1.28173828125,-177.70448303222656,82.86105346679688,276.2539367675781,-0.996286928653717,-0.03627666458487511,0.07807891070842743
295761,-7.604438304901123,22.945024490356445,136.23056030273438,19.47021484375,0.244140625,-1.0986328125,-179.123291015625,82.93053436279297,274.6693420410156,-0.990617036819458,-0.10778796672821045,0.08402180671691895
295881,-7.2928466796875,22.955480575561523,136.3199005126953,20.08056640625,0.1220703125,5.18798828125,179.015625,83.00627899169922,272.6051940917969,-0.9956201314926147,-0.035708390176296234,0.08640259504318237
296001,-7.026426792144775,22.98206329345703,136.4009246826172,4.8828125,2.13623046875,-1.28173828125,178.21234130859375,83.01424407958984,271.6456298828125,-0.9814333319664001,-0.18606969714164734,0.04654651880264282
296121,-6.7266459465026855,22.99827766418457,136.507568359375,0.244140625,-0.06103515625,-1.15966796875,179.76861572265625,83.17981719970703,272.9712829589844,-0.9917747974395752,-0.1255333572626114,0.024984201416373253
296242,-6.585267066955566,23.063661575317383,136.53482055664062,4.150390625,3.35693359375,-1.52587890625,-179.7252655029297,83.23775482177734,273.3611755371094,-0.9848552346229553,-0.17140407860279083,0.026093635708093643
296422,-6.625039577484131,23.113819122314453,136.61416625976562,-25.57373046875,8.9111328125,8.7890625,-178.85934448242188,83.30953216552734,274.2843933105469,-0.9856193661689758,-0.1687258929014206,0.009273300878703594
296541,-6.32850980758667,23.300945281982422,136.76492309570312,6.34765625,21.3623046875,9.33837890625,-179.86892700195312,83.31458282470703,273.25030517578125,-0.9702013731002808,-0.23921023309230804,0.03857105225324631
296659,-6.081962585449219,23.341106414794922,137.00592041015625,2.38037109375,-8.7890625,9.8876953125,178.97520446777344,83.2767562866211,272.09051513671875,-0.9777830839157104,-0.2095077931880951,0.0068435207940638065
296831,-5.895101070404053,23.31290626525879,137.2778778076172,0.54931640625,-10.009765625,18.24951171875,178.31224060058594,83.2977294921875,271.4879455566406,-0.9895012974739075,-0.14448252320289612,0.0034606591798365116
296956,-5.722023963928223,23.47047233581543,137.5252685546875,-3.5400390625,-1.77001953125,20.81298828125,177.9119110107422,83.3803482055664,271.202392578125,-0.9767940044403076,-0.20770837366580963,0.05225745588541031
297128,-5.5816650390625,23.504878997802734,137.69528198242188,0.8544921875,3.5400390625,10.19287109375,178.22955322265625,83.43370819091797,271.56158447265625,-0.9610605239868164,-0.26737165451049805,0.06982165575027466
297253,-5.299088954925537,23.67195701599121,137.7091064453125,11.8408203125,20.1416015625,-5.126953125,178.0543975830078,83.48133087158203,271.20941162109375,-0.9715133905410767,-0.2231343686580658,0.0798303484916687
297378,-4.872811317443848,24.147254943847656,137.5118865966797,24.47509765625,35.58349609375,-17.63916015625,178.6091766357422,83.56583404541016,271.5008239746094,-0.9758679866790771,-0.2182135283946991,-0.008040106855332851
297487,-4.5591139793396,24.289461135864258,137.59918212890625,24.90234375,-32.28759765625,6.591796875,179.58682250976562,83.75816345214844,272.47027587890625,-0.74800044298172,-0.648989200592041,0.1389542669057846
297612,-4.683337211608887,23.787506103515625,137.5012969970703,-26.611328125,-34.24072265625,-12.451171875,-177.88864135742188,84.01800537109375,275.0264892578125,-0.9964677691459656,-0.0714917927980423,-0.04405754432082176
297800,-4.669596195220947,23.742431640625,137.43605041503906,13.24462890625,2.25830078125,4.94384765625,-174.4778594970703,84.28357696533203,278.1808776855469,-0.9648156762123108,-0.19912537932395935,-0.17169731855392456
297909,-4.673892498016357,23.783666610717773,137.42674255371094,12.5732421875,4.69970703125,4.8828125,-173.69395446777344,84.33600616455078,278.7949523925781,-0.9524392485618591,-0.22859014570713043,-0.20150937139987946
298034,-4.749918460845947,23.817148208618164,137.40353393554688,1.89208984375,3.60107421875,2.62451171875,-172.4423828125,84.34601593017578,279.9683532714844,-0.9554306864738464,-0.1960105448961258,-0.2207532525062561
298222,-4.920314311981201,23.833330154418945,137.34432983398438,0.54931640625,1.0986328125,1.40380859375,-170.22784423828125,84.3211441040039,282.158447265625,-0.9416792392730713,-0.18342505395412445,-0.2821269631385803
298331,-5.1127610206604,23.83271598815918,137.27883911132812,-0.48828125,0.54931640625,1.52587890625,-167.69288635253906,84.26512908935547,284.7750549316406,-0.9477987289428711,-0.09947289526462555,-0.3029564619064331
298456,-5.213508129119873,23.8531551361084,137.27197265625,0.732421875,1.52587890625,5.79833984375,-167.2360382080078,84.22762298583984,285.2380676269531,-0.967792272567749,-0.07379061728715897,-0.24069276452064514
298581,-5.734898090362549,23.710567474365234,137.80029296875,-83.8623046875,-12.75634765625,65.12451171875,-165.72323608398438,84.073974609375,287.45379638671875,-0.9519611597061157,-0.14785228669643402,-0.26815980672836304
298701,-6.131012439727783,23.973365783691406,138.699951171875,-9.82666015625,30.1513671875,36.19384765625,-167.53445434570312,83.78678894042969,286.5340881347656,-0.892066240310669,-0.27148300409317017,-0.3612685203552246
298821,-5.924673080444336,24.297687530517578,138.89039611816406,31.494140625,29.84619140625,8.60595703125,-170.30015563964844,83.7138442993164,283.7780456542969,-0.9498587250709534,-0.079255111515522,-0.30246829986572266
299001,-5.6382622718811035,24.444042205810547,138.974853515625,28.564453125,-8.056640625,23.3154296875,-171.26385498046875,83.65514373779297,282.79620361328125,-0.9846404194831848,-0.02188933454453945,-0.17321676015853882
299121,-5.542156219482422,24.15567398071289,139.1198272705078,19.83642578125,-43.3349609375,-13.7939453125,-171.31126403808594,83.5732192993164,282.8466796875,-0.9604746699333191,-0.12735575437545776,-0.2475256472826004
299301,-5.753282070159912,24.044963836669922,139.00636291503906,0.6103515625,0.244140625,-1.3427734375,-167.56736755371094,83.35945892333984,286.58740234375,-0.9597287774085999,-0.19745102524757385,-0.19983427226543427
299421,-5.927983283996582,23.978286743164062,138.92330932617188,-2.8076171875,0.0,-1.28173828125,-164.579345703125,83.10388946533203,289.5831604003906,-0.9645607471466064,-0.10598274320363998,-0.24164065718650818
299541,-6.066769599914551,23.997699737548828,138.85037231445312,3.2958984375,2.44140625,0.244140625,-164.2190399169922,82.9216079711914,289.9276123046875,-0.9697023630142212,-0.08569793403148651,-0.22876489162445068
299662,-6.138731002807617,24.037702560424805,138.81057739257812,6.8359375,2.99072265625,2.74658203125,-165.1509552001953,82.68563079833984,288.8531188964844,-0.9654793739318848,-0.11373881250619888,-0.2343350648880005
299842,-6.15242862701416,24.076675415039062,138.79493713378906,9.033203125,4.7607421875,3.2958984375,-165.40359497070312,82.46029663085938,288.4551696777344,-0.9624835252761841,-0.17212644219398499,-0.20975683629512787
299962,-6.261422634124756,24.076698303222656,138.73541259765625,0.732421875,1.77001953125,-1.220703125,-165.15447998046875,82.13859558105469,288.5213623046875,-0.9810373783111572,-0.09735756367444992,-0.16759240627288818
300082,-6.436999797821045,24.092031478881836,138.63145446777344,1.220703125,2.01416015625,-3.173828125,-164.1204376220703,81.48918151855469,289.29150390625,-0.9841010570526123,-0.09704329818487167,-0.14875416457653046
300202,-7.0776262283325195,24.018604278564453,138.1991424560547,-44.61669921875,-8.9111328125,-47.42431640625,-164.8939208984375,81.06090545654297,288.0289306640625,-0.9998645186424255,0.012174743227660656,0.011077919974923134
300321,-7.613797187805176,24.13884925842285,136.9346923828125,36.43798828125,48.33984375,-130.615234375,-165.74366760253906,81.04976654052734,286.50189208984375,-0.9585768580436707,0.15596449375152588,-0.23833920061588287
300501,-7.722836017608643,24.47121238708496,135.68360900878906,47.607421875,27.16064453125,-87.5244140625,-163.78375244140625,81.203857421875,287.46820068359375,-0.9715868830680847,-0.23668086528778076,-0.0010758221615105867
300612,-7.546517372131348,24.617679595947266,134.93386840820312,37.109375,12.451171875,-75.01220703125,-161.05189514160156,81.51973724365234,289.4781494140625,-0.9918503761291504,-0.05366980656981468,0.11555201560258865
300737,-7.713919162750244,24.45014190673828,134.38966369628906,-11.3525390625,-4.45556640625,-58.2275390625,-159.09637451171875,81.56449890136719,290.9709777832031,-0.9922474026679993,-0.02712864801287651,0.12128101289272308
300909,-8.21567440032959,23.999767303466797,133.35032653808594,31.25,-11.04736328125,-43.701171875,-157.36915588378906,81.41944885253906,291.7877197265625,-0.97311931848526,-0.19971288740634918,-0.11468906700611115
301035,-7.616888523101807,23.7290096282959,133.53909301757812,45.7763671875,0.6103515625,13.671875,-158.74441528320312,81.49291229248047,290.1726989746094,-0.996590793132782,-0.07756513357162476,-0.028117360547184944
301159,-7.36879825592041,23.775100708007812,133.63592529296875,19.287109375,4.5166015625,10.43701171875,-159.32774353027344,81.63095092773438,289.5934143066406,-0.9935637712478638,-0.06066935509443283,-0.09565731137990952
301269,-7.347409725189209,23.822837829589844,133.642822265625,2.685546875,4.08935546875,2.01416015625,-160.21487426757812,81.7907485961914,288.6880187988281,-0.9922813773155212,-0.02250235714018345,-0.1219482570886612
301394,-7.4564127922058105,23.832609176635742,133.60716247558594,2.38037109375,3.2958984375,2.44140625,-159.95567321777344,81.89196014404297,288.9437255859375,-0.9924548864364624,-0.02464388869702816,-0.12010905146598816
301519,-7.547545433044434,23.84001922607422,133.5816650390625,0.6103515625,3.5400390625,2.44140625,-160.05935668945312,81.89869689941406,288.8808288574219,-0.9865236878395081,-0.05287482962012291,-0.15483927726745605
301628,-7.554808139801025,23.852432250976562,133.6046142578125,9.46044921875,10.3759765625,9.6435546875,-160.4558563232422,81.95021057128906,288.69000244140625,-0.9669435620307922,-0.12793146073818207,-0.22057566046714783
301753,-7.6091108322143555,23.820554733276367,133.60182189941406,1.46484375,2.8076171875,1.77001953125,-160.1988525390625,81.90320587158203,288.9662780761719,-0.9771857857704163,-0.06647929549217224,-0.20171375572681427
301878,-7.720159530639648,23.776018142700195,133.53770446777344,5.31005859375,1.8310546875,1.28173828125,-160.890380859375,81.80793762207031,287.9913635253906,-0.976371169090271,-0.017681004479527473,-0.21537598967552185
301987,-7.724470138549805,23.77227020263672,133.51412963867188,10.43701171875,2.685546875,2.50244140625,-161.39385986328125,81.68936157226562,287.3066711425781,-0.9721112251281738,-0.03552566096186638,-0.23181390762329102
302112,-7.771005153656006,23.78022003173828,133.47381591796875,6.28662109375,2.38037109375,0.91552734375,-161.82376098632812,81.53030395507812,286.7231750488281,-0.9813316464424133,-0.03595319017767906,-0.18893283605575562
302237,-7.838345527648926,23.789371490478516,133.42556762695312,5.18798828125,2.9296875,-0.1220703125,-162.33140563964844,81.32255554199219,286.0748596191406,-0.9801653027534485,-0.04820680990815163,-0.19222915172576904
302410,-7.922390937805176,23.801240921020508,133.3745574951172,4.21142578125,3.11279296875,0.54931640625,-163.11807250976562,81.05888366699219,285.1727294921875,-0.9852074980735779,-0.03699864447116852,-0.1673240065574646
302535,-8.07376480102539,23.811656951904297,133.28811645507812,1.77001953125,1.953125,-1.3427734375,-164.23660278320312,80.70680236816406,283.7978210449219,-0.9948418736457825,-0.05116262286901474,-0.08758947253227234
302662,-8.386377334594727,23.7915096282959,133.12777709960938,-29.296875,-0.42724609375,-16.17431640625,-164.552978515625,80.46487426757812,283.33074951171875,-0.9639480710029602,-0.17784398794174194,-0.19792857766151428
302781,-8.961764335632324,23.918880462646484,131.6289520263672,42.17529296875,23.49853515625,-4.638671875,-165.58546447753906,80.69061279296875,281.57061767578125,-0.9688242077827454,-0.23240402340888977,0.08583735674619675
302902,-8.585115432739258,24.175128936767578,131.92713928222656,8.4228515625,30.3955078125,29.11376953125,-167.9413299560547,80.89714050292969,279.264404296875,-0.9815303087234497,-0.15746968984603882,0.10863561183214188
303022,-8.434343338012695,24.35137939453125,131.99009704589844,4.57763671875,29.1748046875,1.64794921875,-170.3973846435547,81.00653839111328,276.7214660644531,-0.9775744080543518,-0.19187664985656738,0.08678478747606277
303142,-8.258127212524414,24.324974060058594,131.94186401367188,33.99658203125,1.953125,-4.69970703125,-171.61599731445312,81.02761840820312,275.2973327636719,-0.973879873752594,-0.22408460080623627,-0.03666424751281738
303262,-8.375831604003906,24.27103614807129,132.02273559570312,-19.8974609375,12.02392578125,6.103515625,-171.57879638671875,81.02129364013672,275.3987121582031,-0.9603034257888794,-0.27040189504623413,-0.06855780631303787
303382,-8.407205581665039,24.22929573059082,131.96368408203125,10.009765625,6.2255859375,-4.39453125,-171.4346466064453,81.0093765258789,275.47845458984375,-0.9338663816452026,-0.34967008233070374,-0.07499658316373825
303502,-8.16018009185791,24.28390884399414,132.0836639404297,14.5263671875,12.75634765625,29.296875,-171.36236572265625,81.04174041748047,275.64093017578125,-0.9412975907325745,-0.3347807824611664,-0.04336601495742798
303622,-8.169109344482422,24.262615203857422,132.29103088378906,-7.2021484375,0.67138671875,23.681640625,-170.81307983398438,81.05831146240234,276.36895751953125,-0.9589197039604187,-0.27505025267601013,-0.06942898780107498
303741,-8.157768249511719,24.105138778686523,132.0219268798828,20.08056640625,1.953125,-6.2255859375,-169.96774291992188,81.04015350341797,277.0390319824219,-0.9422439336776733,-0.3229411542415619,-0.08879975229501724
303982,-8.269055366516113,24.045238494873047,131.96322631835938,-3.60107421875,-2.01416015625,5.615234375,-169.44229125976562,81.02178192138672,277.53997802734375,-0.9303668141365051,-0.36417555809020996,-0.042354293167591095
304162,-8.185882568359375,23.891151428222656,131.9993438720703,10.8642578125,-3.173828125,2.3193359375,-168.8736114501953,81.00798797607422,278.0948181152344,-0.9475594758987427,-0.3150673508644104,-0.053513120859861374
304281,-8.177033424377441,23.711824417114258,132.06356811523438,3.41796875,-5.55419921875,6.53076171875,-168.06594848632812,80.98489379882812,278.8758544921875,-0.9425028562545776,-0.3333958387374878,-0.023145826533436775
304522,-8.357421875,23.61454200744629,132.02894592285156,-8.23974609375,4.5166015625,2.62451171875,-166.94215393066406,80.96001434326172,279.9503173828125,-0.9523875713348389,-0.30434027314186096,-0.018298938870429993
304641,-8.434441566467285,23.536344528198242,132.03265380859375,1.40380859375,-1.0986328125,3.11279296875,-166.3558349609375,80.95806121826172,280.5461120605469,-0.9593328237533569,-0.2738492786884308,-0.0684623196721077
304761,-8.386161804199219,23.588998794555664,131.9975128173828,11.23046875,2.0751953125,1.15966796875,-165.73179626464844,80.95829772949219,281.1409912109375,-0.9415726065635681,-0.3356681168079376,-0.027713604271411896
304881,-8.539101600646973,23.536623001098633,131.95004272460938,-4.0283203125,19.1650390625,-0.30517578125,-164.95335388183594,80.95039367675781,281.87548828125,-0.9556360840797424,-0.2934555411338806,-0.025367707014083862
305001,-8.586487770080566,23.62792205810547,131.9119415283203,6.77490234375,29.23583984375,5.4931640625,-164.3816680908203,80.93618774414062,282.4283447265625,-0.9547809362411499,-0.29149147868156433,-0.05853242799639702
305121,-8.737617492675781,23.322612762451172,132.03807067871094,7.4462890625,-46.142578125,2.38037109375,-163.07095336914062,80.93550872802734,283.7840270996094,-0.9850058555603027,-0.094122514128685,-0.14458364248275757
305241,-8.858635902404785,23.074724197387695,132.10923767089844,-9.82666015625,-12.87841796875,-0.18310546875,-161.64178466796875,80.9708023071289,285.2933044433594,-0.9692186117172241,-0.24590177834033966,0.012147665955126286
305601,-8.932234764099121,22.835468292236328,132.1726837158203,-11.23046875,-18.798828125,-0.6103515625,-160.70510864257812,80.97966766357422,286.2254638671875,-0.9431378841400146,-0.33209577202796936,0.014259613119065762
305721,-8.975285530090332,22.72837257385254,132.0921630859375,6.89697265625,24.96337890625,-12.26806640625,-160.69053649902344,80.996826171875,286.1878662109375,-0.9519209861755371,-0.2803187966346741,-0.12356317043304443
305842,-8.84620475769043,22.929553985595703,131.9651641845703,20.32470703125,18.00537109375,-5.92041015625,-160.4720001220703,80.99280548095703,286.2684631347656,-0.9772294163703918,-0.1590442955493927,-0.1404547095298767
306082,-8.962116241455078,22.955814361572266,131.73561096191406,15.80810546875,-1.03759765625,3.173828125,-158.85780334472656,80.92283630371094,287.7638854980469,-0.9655267000198364,-0.25756070017814636,-0.037691812962293625
306201,-9.052136421203613,22.856870651245117,131.6884765625,-4.7607421875,3.5400390625,-0.18310546875,-158.21153259277344,80.87340545654297,288.37615966796875,-0.9581423997879028,-0.2825048267841339,-0.046411506831645966
306321,-9.163518905639648,22.771709442138672,131.65968322753906,-3.84521484375,-0.48828125,-1.46484375,-157.40719604492188,80.83464050292969,289.1492004394531,-0.9637632966041565,-0.25118282437324524,-0.0898190587759018
306442,-9.404581069946289,22.53567123413086,131.67857360839844,2.0751953125,6.34765625,2.38037109375,-155.64620971679688,80.776123046875,290.8730163574219,-0.9490982294082642,-0.3142740726470947,0.021077914163470268
306562,-9.322976112365723,22.389530181884766,131.81103515625,14.892578125,-12.20703125,12.51220703125,-155.9218292236328,80.76927947998047,290.59344482421875,-0.9576835632324219,-0.2850147485733032,-0.04011049494147301
306675,-9.502785682678223,22.294981002807617,131.62918090820312,3.2958984375,14.46533203125,-19.22607421875,-156.65040588378906,80.76888275146484,289.6747131347656,-0.979423463344574,-0.17862537503242493,-0.09392912685871124
306800,-9.518545150756836,22.33843994140625,131.5611572265625,13.671875,-0.244140625,-2.685546875,-156.9925079345703,80.786865234375,289.22039794921875,-0.9690548777580261,-0.2401869148015976,-0.05694657191634178
306909,-9.620805740356445,22.222698211669922,131.47174072265625,-0.18310546875,2.9296875,-3.72314453125,-156.96559143066406,80.78206634521484,289.1952819824219,-0.9531809091567993,-0.30219563841819763,0.011134159751236439
307034,-9.72213077545166,22.044212341308594,131.47378540039062,-5.79833984375,-11.65771484375,0.732421875,-156.71826171875,80.73397064208984,289.37274169921875,-0.9415831565856934,-0.3346162438392639,-0.03811928629875183
307150,-9.987051963806152,21.917945861816406,131.436767578125,-16.17431640625,-6.16455078125,0.0,-156.29580688476562,80.69227600097656,289.7852783203125,-0.9414950013160706,-0.3340277671813965,-0.04486212134361267
307275,-9.487823486328125,22.160869598388672,131.51573181152344,10.009765625,-2.0751953125,1.15966796875,-155.38482666015625,80.67710876464844,290.7510986328125,-0.9590908885002136,-0.2557416260242462,-0.12141148000955582
307400,-9.455769538879395,22.456073760986328,131.376953125,10.009765625,18.6767578125,13.24462890625,-154.77674865722656,80.6633529663086,291.3974609375,-0.9246285557746887,-0.38042813539505005,-0.01834249682724476
307509,-9.357466697692871,22.515338897705078,131.44305419921875,16.357421875,10.25390625,13.916015625,-154.49136352539062,80.66221618652344,291.7469177246094,-0.9392967820167542,-0.3429712653160095,-0.009610403329133987
307634,-9.313754081726074,22.588790893554688,131.43661499023438,-2.3193359375,27.099609375,-1.28173828125,-154.08485412597656,80.61924743652344,292.08514404296875,-0.9402664303779602,-0.3322398066520691,-0.07426808774471283
307759,-9.625418663024902,22.366384506225586,131.4792938232422,-2.3193359375,-27.28271484375,5.06591796875,-152.97474670410156,80.6307373046875,293.188232421875,-0.9898151755332947,-0.1364496499300003,-0.040589455515146255
307931,-9.694272994995117,21.934694290161133,131.61451721191406,-11.90185546875,-10.43701171875,7.87353515625,-151.59072875976562,80.60639953613281,294.6803894042969,-0.9470630884170532,-0.3209056854248047,0.009539117105305195
308056,-9.717178344726562,21.74217987060547,131.61070251464844,2.99072265625,-2.86865234375,-0.30517578125,-150.6483917236328,80.59175872802734,295.6559753417969,-0.95180743932724,-0.3058145046234131,0.023238934576511383
308181,-9.786126136779785,21.70452117919922,131.4663543701172,2.99072265625,2.5634765625,-18.85986328125,-149.95785522460938,80.57907104492188,296.1928405761719,-0.9704069495201111,-0.22757068276405334,-0.08075853437185287
308290,-9.678792953491211,21.9457950592041,131.33717346191406,16.11328125,32.40966796875,-3.23486328125,-149.4125518798828,80.59114074707031,296.63909912109375,-0.9189060926437378,-0.386356920003891,-0.07962363213300705
308478,-9.515616416931152,21.95684051513672,131.2969512939453,11.5966796875,3.41796875,2.86865234375,-149.1255645751953,80.59603881835938,296.918701171875,-0.9736166596412659,-0.21594487130641937,-0.07374607771635056
308662,-9.548893928527832,21.908462524414062,131.26406860351562,0.06103515625,0.732421875,3.41796875,-148.71827697753906,80.57664489746094,297.2959289550781,-0.9713954925537109,-0.23431368172168732,-0.03857310861349106
308841,-9.653790473937988,21.772241592407227,131.1988525390625,-0.9765625,-0.6103515625,-0.9765625,-147.9498291015625,80.53907012939453,297.9869384765625,-0.9736021757125854,-0.216342493891716,-0.07276421040296555
308961,-9.745355606079102,21.649629592895508,131.17547607421875,-0.8544921875,2.01416015625,1.953125,-147.14822387695312,80.49349212646484,298.76336669921875,-0.9614202976226807,-0.27152329683303833,-0.04411504417657852
309081,-9.771573066711426,21.486188888549805,131.1510467529297,2.50244140625,-2.197265625,-2.01416015625,-146.66842651367188,80.48202514648438,299.1832275390625,-0.9793477058410645,-0.1865140199661255,-0.07804232835769653
309201,-9.966486930847168,21.356075286865234,131.1174774169922,-3.60107421875,-2.50244140625,0.79345703125,-145.7527313232422,80.41331481933594,300.039794921875,-0.9776745438575745,-0.19370387494564056,-0.08143272250890732
309321,-10.023776054382324,21.276567459106445,131.11044311523438,-3.72314453125,3.173828125,0.48828125,-145.429443359375,80.39682006835938,300.33404541015625,-0.9779736399650574,-0.20128720998764038,-0.055236391723155975
309441,-10.06832218170166,21.212722778320312,131.08949279785156,0.18310546875,3.7841796875,0.06103515625,-145.1033477783203,80.3753890991211,300.6258544921875,-0.9759542942047119,-0.20506757497787476,-0.07389607280492783
309561,-10.099967956542969,21.125398635864258,131.08169555664062,1.0986328125,4.21142578125,2.62451171875,-144.54261779785156,80.34617614746094,301.1420593261719,-0.9812687039375305,-0.18423965573310852,-0.05627899616956711
309681,-10.131175994873047,21.078445434570312,131.0566864013672,-0.732421875,5.4931640625,-2.62451171875,-144.24916076660156,80.33078002929688,301.3725280761719,-0.9780066609382629,-0.18924875557422638,-0.08768001943826675
309921,-10.160239219665527,21.053491592407227,131.02171325683594,1.28173828125,3.60107421875,-1.8310546875,-143.95803833007812,80.32201385498047,301.606689453125,-0.9740874171257019,-0.21767652034759521,-0.06140516698360443
310042,-10.177739143371582,21.043424606323242,131.00955200195312,1.708984375,3.96728515625,0.30517578125,-143.61477661132812,80.3037338256836,301.9122619628906,-0.9668970704078674,-0.25160449743270874,-0.04248792678117752
310161,-10.244868278503418,20.911344528198242,130.9981689453125,0.1220703125,-1.28173828125,1.52587890625,-143.06639099121094,80.27801513671875,302.4363708496094,-0.9747248888015747,-0.21327313780784607,-0.06652884185314178
310281,-10.332387924194336,20.760282516479492,131.11553955078125,-11.474609375,-28.13720703125,10.19287109375,-141.5428924560547,80.21258544921875,304.06414794921875,-0.9774283170700073,0.15267306566238403,-0.14603012800216675
310521,-10.345636367797852,20.52329444885254,131.1513671875,-1.52587890625,-29.78515625,-10.8642578125,-139.05548095703125,80.02521514892578,306.6069641113281,-0.9896920919418335,0.06318454444408417,-0.12851902842521667
310642,-10.3403902053833,20.291208267211914,130.78643798828125,10.6201171875,8.7890625,-37.4755859375,-136.75929260253906,79.9112319946289,308.63616943359375,-0.9873588681221008,0.03756321966648102,-0.1539851278066635
310762,-10.521440505981445,20.238126754760742,130.10894775390625,9.6435546875,10.009765625,-63.720703125,-136.15701293945312,79.9910888671875,308.70794677734375,-0.9786055684089661,0.13317611813545227,-0.15682856738567352
310942,-10.59382152557373,19.964670181274414,129.14212036132812,-0.67138671875,3.7841796875,-41.748046875,-135.38421630859375,80.11054992675781,308.551025390625,-0.9846960306167603,0.1284964233636856,-0.1177380234003067
311182,-10.6853609085083,19.91289520263672,128.7339324951172,21.42333984375,16.54052734375,-8.7890625,-136.7849884033203,80.28608703613281,306.80975341796875,-0.9849625825881958,0.03716372698545456,-0.16872331500053406
311302,-10.277907371520996,19.95396614074707,129.03297424316406,56.21337890625,1.220703125,36.80419921875,-138.7122344970703,80.5729751586914,304.715576171875,-0.9483460783958435,0.19515378773212433,-0.25010961294174194
311422,-10.039944648742676,20.103008270263672,129.0767364501953,10.25390625,3.662109375,4.2724609375,-141.39334106445312,81.08940887451172,301.90545654296875,-0.9807767868041992,0.046871595084667206,-0.1894204020500183
311542,-10.283573150634766,20.21831512451172,128.99368286132812,1.220703125,3.2958984375,2.44140625,-146.3836212158203,81.41144561767578,296.88970947265625,-0.9713944792747498,-0.10924606025218964,-0.21085086464881897
311782,-10.39941692352295,20.26808738708496,128.95587158203125,-0.67138671875,2.5634765625,0.30517578125,-147.16336059570312,81.3104248046875,296.1049499511719,-0.9711010456085205,-0.1408512443304062,-0.19267499446868896
311962,-10.54067325592041,20.30776596069336,128.90455627441406,-2.25830078125,2.0751953125,-0.6103515625,-147.67825317382812,81.10640716552734,295.582763671875,-0.9857402443885803,-0.07271266728639603,-0.15175336599349976
312142,-10.761470794677734,20.417205810546875,128.81922912597656,-3.7841796875,5.0048828125,-1.3427734375,-149.39935302734375,80.99653625488281,293.8159484863281,-0.9884923696517944,-0.10654047131538391,-0.1073869913816452
312262,-10.99587345123291,20.628036499023438,128.701171875,-0.9765625,6.103515625,-1.15966796875,-149.6857147216797,80.93421173095703,293.42742919921875,-0.9892441630363464,-0.12481562793254852,-0.07626960426568985
312442,-10.958108901977539,20.69477653503418,128.67893981933594,1.52587890625,4.0283203125,-1.3427734375,-150.4171905517578,80.97400665283203,292.5811767578125,-0.9858153462409973,-0.16122588515281677,-0.0466296412050724
312562,-10.818107604980469,20.62677001953125,128.71031188964844,1.52587890625,2.8076171875,-0.1220703125,-150.59812927246094,81.00116729736328,292.3190612792969,-0.9865204691886902,-0.15990830957889557,-0.03473663702607155
312742,-10.861505508422852,20.732389450073242,128.68649291992188,3.7841796875,2.62451171875,1.15966796875,-150.78744506835938,81.02955627441406,292.0715026855469,-0.9790652394294739,-0.19813276827335358,-0.04663354158401489
312862,-10.946710586547852,20.757282257080078,128.6336212158203,4.8828125,3.11279296875,1.15966796875,-150.8024444580078,81.06952667236328,291.9168701171875,-0.9738403558731079,-0.22316424548625946,-0.042810119688510895
312982,-11.023543357849121,20.79984474182129,128.59291076660156,4.2724609375,3.173828125,0.91552734375,-150.64768981933594,81.08063507080078,291.99951171875,-0.9715691208839417,-0.23362158238887787,-0.038398630917072296
313102,-11.160942077636719,20.849742889404297,128.5281524658203,2.13623046875,3.0517578125,0.3662109375,-150.11993408203125,81.07759857177734,292.4622497558594,-0.9726933240890503,-0.22905203700065613,-0.037457309663295746
313222,-11.306954383850098,20.897937774658203,128.4656982421875,2.01416015625,2.8076171875,0.6103515625,-149.4781036376953,81.07533264160156,293.0589599609375,-0.972133457660675,-0.23075896501541138,-0.04131387546658516
313342,-11.406292915344238,20.933591842651367,128.4249267578125,1.89208984375,2.5634765625,0.67138671875,-149.0063018798828,81.07471466064453,293.5100402832031,-0.9730497598648071,-0.22617672383785248,-0.044924695044755936
313461,-11.503418922424316,20.975221633911133,128.3837432861328,2.13623046875,2.685546875,0.67138671875,-148.53192138671875,81.07453918457031,293.9621276855469,-0.9731190800666809,-0.22627891600131989,-0.042861297726631165
313641,-11.5997953414917,21.021957397460938,128.34390258789062,1.77001953125,2.8076171875,0.67138671875,-148.0262908935547,81.072998046875,294.4465026855469,-0.9739313125610352,-0.22160311043262482,-0.04847567901015282
313762,-11.743208885192871,21.096206665039062,128.28378295898438,2.3193359375,2.9296875,1.03759765625,-147.32005310058594,81.0772705078125,295.1142883300781,-0.9735152125358582,-0.2216832935810089,-0.055899620056152344
313881,-11.836328506469727,21.14681053161621,128.2439422607422,2.0751953125,2.86865234375,0.732421875,-146.87815856933594,81.07740020751953,295.524169921875,-0.973482608795166,-0.22120259702205658,-0.058318134397268295
314002,-11.982230186462402,21.22203826904297,128.18148803710938,2.0751953125,3.0517578125,0.91552734375,-146.2179718017578,81.07394409179688,296.14642333984375,-0.9721008539199829,-0.2255789339542389,-0.06429775059223175
314121,-12.133371353149414,21.295516967773438,128.11837768554688,1.64794921875,2.9296875,0.79345703125,-145.57037353515625,81.06193542480469,296.7576599121094,-0.9727711081504822,-0.2225145399570465,-0.06483551859855652
314241,-12.230228424072266,21.348997116088867,128.07662963867188,1.64794921875,3.11279296875,0.54931640625,-145.17356872558594,81.05024719238281,297.125732421875,-0.9722052216529846,-0.22431838512420654,-0.0670691728591919
314481,-12.329109191894531,21.398618698120117,128.0336456298828,1.8310546875,3.41796875,0.67138671875,-144.80718994140625,81.03680419921875,297.4609069824219,-0.9711192846298218,-0.22790111601352692,-0.07062903046607971
314602,-12.428716659545898,21.435575485229492,127.99014282226562,1.953125,2.99072265625,0.79345703125,-144.4366912841797,81.02063751220703,297.7945861816406,-0.9695594906806946,-0.23343457281589508,-0.07391099631786346
314781,-12.582477569580078,21.494213104248047,127.92442321777344,1.46484375,2.99072265625,0.67138671875,-143.8335418701172,80.9792709350586,298.3500671386719,-0.9687107801437378,-0.23543229699134827,-0.07855702191591263
314901,-12.795412063598633,21.579111099243164,127.83344268798828,1.5869140625,3.2958984375,0.67138671875,-142.9778289794922,80.91889953613281,299.1544189453125,-0.9705623388290405,-0.2280445396900177,-0.07748738676309586
315081,-12.900735855102539,21.613889694213867,127.78791046142578,1.46484375,3.35693359375,0.732421875,-142.58949279785156,80.88777160644531,299.5138244628906,-0.9678662419319153,-0.23862086236476898,-0.07934113591909409
315201,-13.11528491973877,21.677839279174805,127.69463348388672,1.3427734375,3.173828125,0.42724609375,-141.77920532226562,80.81302642822266,300.2673034667969,-0.9678999185562134,-0.2378828227519989,-0.08112628757953644
315321,-13.221980094909668,21.702150344848633,127.64964294433594,1.5869140625,2.99072265625,0.732421875,-141.38494873046875,80.77373504638672,300.6324768066406,-0.9680333733558655,-0.2365400642156601,-0.08342847973108292
315501,-13.382950782775879,21.7446231842041,127.57978820800781,1.28173828125,3.2958984375,0.48828125,-140.81167602539062,80.71532440185547,301.1610412597656,-0.9681854248046875,-0.23595938086509705,-0.08330786973237991
315681,-13.542525291442871,21.76801872253418,127.5103988647461,1.40380859375,3.35693359375,0.54931640625,-140.26516723632812,80.6527328491211,301.6598815917969,-0.9676917791366577,-0.23935247957706451,-0.07926607877016068
315801,-13.645634651184082,21.764646530151367,127.46627807617188,1.3427734375,3.11279296875,0.6103515625,-139.89837646484375,80.60982513427734,301.9952697753906,-0.9680250287055969,-0.23806439340114594,-0.07907608151435852
315921,-13.853155136108398,21.76123809814453,127.37625122070312,1.220703125,3.173828125,0.6103515625,-139.1619873046875,80.52377319335938,302.6734924316406,-0.9681515097618103,-0.23708370327949524,-0.08046043664216995
316101,-13.99786376953125,21.738656997680664,127.31351470947266,1.46484375,3.2958984375,0.732421875,-138.6316680908203,80.46159362792969,303.1584777832031,-0.9678914546966553,-0.23743437230587006,-0.0825287476181984
316221,-14.048541069030762,21.682531356811523,127.28697967529297,1.40380859375,3.173828125,0.54931640625,-138.28128051757812,80.41692352294922,303.47601318359375,-0.9665350914001465,-0.24240995943546295,-0.08394788205623627
316341,-14.14240837097168,21.673368453979492,127.24503326416016,1.52587890625,3.35693359375,0.79345703125,-137.92431640625,80.37328338623047,303.80206298828125,-0.9675964117050171,-0.2387932389974594,-0.08206651359796524
316462,-14.155401229858398,21.64935874938965,127.22605895996094,1.0986328125,3.23486328125,0.48828125,-137.2027587890625,80.28369903564453,304.4625244140625,-0.9677135348320007,-0.239058256149292,-0.07988540083169937
316641,-14.04789924621582,21.69830322265625,127.2574234008789,1.40380859375,3.35693359375,0.6103515625,-136.83856201171875,80.23805236816406,304.7956237792969,-0.9672722816467285,-0.24050384759902954,-0.08088479936122894
316761,-14.102782249450684,21.666820526123047,127.23054504394531,1.40380859375,2.99072265625,0.54931640625,-136.47315979003906,80.1893081665039,305.13079833984375,-0.9675809741020203,-0.23944461345672607,-0.08033289015293121
316882,-13.951042175292969,21.720144271850586,127.27581787109375,0.91552734375,2.9296875,0.42724609375,-135.8859405517578,80.11143493652344,305.679443359375,-0.96872878074646,-0.23505304753780365,-0.0794646367430687
317002,-13.889866828918457,21.74462890625,127.2877426147461,1.15966796875,3.11279296875,0.3662109375,-135.31539916992188,80.0345458984375,306.2088928222656,-0.9699217677116394,-0.22985342144966125,-0.08012033998966217
317122,-13.859912872314453,21.746675491333008,127.29177856445312,1.0986328125,2.99072265625,0.42724609375,-134.94654846191406,79.98617553710938,306.5503234863281,-0.9706105589866638,-0.22777441143989563,-0.07767752557992935
317242,-13.764117240905762,21.77341651916504,127.31961822509766,1.03759765625,3.173828125,0.42724609375,-134.5850830078125,79.9398193359375,306.8832702636719,-0.9710514545440674,-0.22631196677684784,-0.07643253356218338
317361,-13.66143798828125,21.766681671142578,127.34733581542969,0.8544921875,3.11279296875,0.48828125,-134.03396606445312,79.86996459960938,307.398193359375,-0.9719807505607605,-0.2224671095609665,-0.07590615749359131
317602,-13.545633316040039,21.764808654785156,127.38451385498047,1.0986328125,3.23486328125,0.54931640625,-133.6689910888672,79.82915496826172,307.73748779296875,-0.9730634093284607,-0.2184550017118454,-0.07365532964468002
317722,-13.586409568786621,21.836997985839844,127.36299133300781,1.15966796875,3.11279296875,0.48828125,-133.29869079589844,79.7869873046875,308.0824890136719,-0.9737752676010132,-0.2152933031320572,-0.07355555891990662
317962,-13.407076835632324,21.867746353149414,127.41930389404297,1.15966796875,3.173828125,0.48828125,-132.7541961669922,79.73053741455078,308.5863952636719,-0.973832368850708,-0.2146664708852768,-0.07462500035762787
318082,-13.308723449707031,21.854122161865234,127.44374084472656,1.40380859375,3.2958984375,0.79345703125,-132.0933380126953,79.6711654663086,309.18682861328125,-0.9734712243080139,-0.21691152453422546,-0.07282200455665588
318202,-13.32950496673584,21.79314613342285,127.42910766601562,1.3427734375,3.173828125,0.6103515625,-131.7571258544922,79.64360046386719,309.4938049316406,-0.9755122661590576,-0.20735757052898407,-0.07333960384130478
318382,-13.304409980773926,21.818525314331055,127.42261505126953,1.64794921875,3.35693359375,0.67138671875,-130.95895385742188,79.58158874511719,310.21502685546875,-0.9746809005737305,-0.21160678565502167,-0.07224723696708679
318502,-13.295120239257812,21.767162322998047,127.41960906982422,1.5869140625,3.41796875,0.732421875,-130.65464782714844,79.55780792236328,310.4875183105469,-0.9742907881736755,-0.21277202665805817,-0.074064701795578
318613,-13.281682014465332,21.80512809753418,127.41867065429688,1.52587890625,3.2958984375,0.8544921875,-130.3346710205078,79.53047943115234,310.7754211425781,-0.973839521408081,-0.21476125717163086,-0.07425764948129654
318790,-13.291295051574707,21.76198387145996,127.40042877197266,1.52587890625,3.5400390625,0.67138671875,-129.80389404296875,79.49048614501953,311.22698974609375,-0.9712956547737122,-0.22575221955776215,-0.07497218251228333
318920,-13.36678695678711,21.76564598083496,127.365966796875,1.3427734375,3.0517578125,0.6103515625,-129.41905212402344,79.45278930664062,311.58551025390625,-0.9727538824081421,-0.219018816947937,-0.07602996379137039
319038,-13.441143989562988,21.71982765197754,127.33277130126953,1.0986328125,3.41796875,0.54931640625,-129.00596618652344,79.41633605957031,311.9771423339844,-0.973770260810852,-0.21525321900844574,-0.07373973727226257
319147,-13.23637580871582,21.71343421936035,127.39693450927734,0.79345703125,3.11279296875,0.3662109375,-128.07765197753906,79.34590148925781,312.86932373046875,-0.9745790958404541,-0.20809389650821686,-0.08302191644906998
319278,-13.22272777557373,21.749481201171875,127.39540100097656,0.8544921875,3.173828125,0.244140625,-127.58259582519531,79.30371856689453,313.3575439453125,-0.9736918210983276,-0.20947569608688354,-0.08968999236822128
319387,-13.097512245178223,21.787063598632812,127.435546875,0.732421875,2.8076171875,0.244140625,-127.04903411865234,79.24484252929688,313.890625,-0.9754126667976379,-0.19539324939250946,-0.1019391119480133
319581,-12.984232902526855,21.854326248168945,127.47232818603516,1.03759765625,2.9296875,0.54931640625,-126.53011322021484,79.18128967285156,314.4068908691406,-0.9757253527641296,-0.19175828993320465,-0.10577711462974548
319690,-12.996482849121094,21.922103881835938,127.4606704711914,1.52587890625,3.173828125,0.91552734375,-125.99266052246094,79.06729888916016,314.92608642578125,-0.9731757640838623,-0.19408507645130157,-0.12353042513132095
319821,-12.968263626098633,21.983184814453125,127.46746063232422,1.0986328125,3.35693359375,0.79345703125,-125.81439208984375,78.97955322265625,315.0986633300781,-0.9740820527076721,-0.18567021191120148,-0.1291930377483368
319930,-12.871646881103516,21.98464584350586,127.49735260009766,-0.06103515625,3.23486328125,0.1220703125,-125.7168197631836,78.84696197509766,315.2206115722656,-0.9739668369293213,-0.16973349452018738,-0.150263711810112
320057,-12.685958862304688,22.023971557617188,127.56130981445312,1.3427734375,3.5400390625,1.0986328125,-125.96898651123047,78.79454040527344,314.99053955078125,-0.9744381308555603,-0.14571036398410797,-0.17099399864673615
320182,-12.608574867248535,21.991371154785156,127.58978271484375,2.25830078125,3.35693359375,1.5869140625,-126.20095825195312,78.7811050415039,314.743896484375,-0.9763844609260559,-0.12708988785743713,-0.17470385134220123
320359,-12.564056396484375,21.93552589416504,127.6073989868164,3.47900390625,3.60107421875,2.25830078125,-126.4977035522461,78.77791595458984,314.4287109375,-0.9717323780059814,-0.13340793550014496,-0.1947779804468155
320530,-12.657249450683594,21.94757080078125,127.57374572753906,4.08935546875,3.662109375,2.5634765625,-127.03158569335938,78.77727508544922,313.8489685058594,-0.9680874943733215,-0.1287287026643753,-0.21502460539340973
320721,-12.722582817077637,21.942794799804688,127.54742431640625,3.662109375,3.72314453125,2.25830078125,-127.45181274414062,78.79157257080078,313.4037170410156,-0.966163158416748,-0.13619868457317352,-0.21903996169567108
320902,-12.832289695739746,21.934185028076172,127.50679779052734,2.99072265625,3.5400390625,1.89208984375,-128.0292205810547,78.77899932861328,312.80828857421875,-0.9602863192558289,-0.14696431159973145,-0.2371741086244583
321021,-13.00834846496582,21.92036247253418,127.43342590332031,1.953125,3.41796875,1.0986328125,-128.9055938720703,78.7176513671875,311.89788818359375,-0.9585949778556824,-0.138481006026268,-0.24883492290973663
321141,-13.167491912841797,21.90367889404297,127.36881256103516,0.6103515625,2.99072265625,0.54931640625,-129.7299346923828,78.638916015625,311.0760498046875,-0.9613865613937378,-0.11754266172647476,-0.24883650243282318
321262,-13.325335502624512,21.891542434692383,127.30094909667969,0.67138671875,2.9296875,0.30517578125,-130.71629333496094,78.5294418334961,310.05389404296875,-0.9607320427894592,-0.13675177097320557,-0.24143925309181213
321382,-13.474583625793457,21.858606338500977,127.2370376586914,1.15966796875,3.173828125,0.48828125,-131.88131713867188,78.3934555053711,308.8357849121094,-0.9639111161231995,-0.13566599786281586,-0.22906360030174255
321562,-13.570408821105957,21.830629348754883,127.19344329833984,1.220703125,2.99072265625,0.30517578125,-132.7573699951172,78.24371337890625,307.8917236328125,-0.9683980941772461,-0.13451965153217316,-0.2100226879119873
321681,-13.659518241882324,21.790254592895508,127.14983367919922,0.48828125,3.0517578125,-0.244140625,-133.78671264648438,78.09747314453125,306.78497314453125,-0.9810945987701416,-0.11078033596277237,-0.1586853414773941
321802,-13.738004684448242,21.737194061279297,127.10665130615234,1.5869140625,2.3193359375,-0.42724609375,-134.535888671875,78.01374816894531,305.9288024902344,-0.9850493669509888,-0.11763384193181992,-0.12585748732089996
321981,-13.94819450378418,21.719196319580078,126.9861831665039,0.91552734375,1.46484375,-1.8310546875,-134.97845458984375,77.79286193847656,305.259765625,-0.9983405470848083,-0.04071977362036705,-0.04071977362036705
322161,-14.027661323547363,21.791034698486328,126.93719482421875,-2.99072265625,-0.42724609375,-3.11279296875,-135.1166534423828,77.74127197265625,304.9962158203125,-0.9971407651901245,-0.05167889967560768,-0.055132098495960236
322281,-14.368742942810059,21.79112434387207,126.54076385498047,-7.01904296875,10.80322265625,-55.5419921875,-135.44894409179688,77.8274917602539,304.5107421875,-0.9881195425987244,0.05330612510442734,-0.1441466212272644
322401,-14.458950996398926,21.954238891601562,125.03950500488281,35.0341796875,19.34814453125,-39.9169921875,-135.10337829589844,78.37373352050781,303.55963134765625,-0.9952973127365112,-0.01845632866024971,0.09509287774562836
322522,-14.077113151550293,21.83829116821289,125.00325775146484,24.47509765625,-20.44677734375,13.24462890625,-136.1790008544922,78.59591674804688,302.24969482421875,-0.9789708852767944,-0.05885549262166023,-0.19532521069049835
322641,-14.064774513244629,21.818981170654297,124.97929382324219,-3.41796875,4.08935546875,-2.99072265625,-136.49085998535156,78.71002960205078,301.810791015625,-0.9909401535987854,-0.13271306455135345,-0.020609838888049126
322821,-13.823721885681152,21.83390998840332,125.05426788330078,3.60107421875,2.197265625,0.67138671875,-136.58505249023438,78.81973266601562,301.6544189453125,-0.9843457341194153,-0.15239228308200836,-0.08854413032531738
323001,-13.680051803588867,21.852863311767578,125.09622955322266,3.23486328125,2.25830078125,0.8544921875,-136.416015625,78.85797119140625,301.7818908691406,-0.9833629727363586,-0.16710586845874786,-0.07122348994016647
323121,-13.54181957244873,21.87253189086914,125.13702392578125,1.28173828125,2.5634765625,-0.3662109375,-136.15809631347656,78.88655853271484,302.0190734863281,-0.9857316017150879,-0.15273752808570862,-0.07074285298585892
323241,-13.282179832458496,21.926952362060547,125.21662902832031,1.28173828125,2.86865234375,0.30517578125,-135.67507934570312,78.97148132324219,302.47564697265625,-0.9864873290061951,-0.1445796638727188,-0.07706931978464127
323361,-13.088510513305664,21.979169845581055,125.2742919921875,1.03759765625,1.89208984375,-0.48828125,-135.28826904296875,79.03781127929688,302.8576354980469,-0.9863913059234619,-0.14022700488567352,-0.08584101498126984
323603,-12.965973854064941,22.02121925354004,125.30870056152344,0.8544921875,2.9296875,-0.18310546875,-135.1094512939453,79.1023941040039,303.0338134765625,-0.9879697561264038,-0.1313147097826004,-0.08168300986289978
323723,-12.835660934448242,22.069108963012695,125.34992980957031,1.0986328125,2.8076171875,0.244140625,-134.875732421875,79.15869903564453,303.2521667480469,-0.9871946573257446,-0.131649911403656,-0.0900825634598732
323842,-12.64572811126709,22.140945434570312,125.4095230102539,0.91552734375,3.173828125,0.30517578125,-134.71783447265625,79.2687759399414,303.3919372558594,-0.9881922006607056,-0.12338938564062119,-0.09083660691976547
323962,-12.387566566467285,22.22126007080078,125.49612426757812,0.79345703125,3.11279296875,0.30517578125,-134.50355529785156,79.41656494140625,303.57708740234375,-0.988461971282959,-0.1169097051024437,-0.09630676358938217
324083,-12.188852310180664,22.2808895111084,125.56394958496094,1.40380859375,3.11279296875,0.732421875,-134.46707153320312,79.54402160644531,303.5858459472656,-0.9884429574012756,-0.11200112849473953,-0.10215751081705093
324202,-12.002772331237793,22.302412033081055,125.61903381347656,8.056640625,1.40380859375,2.0751953125,-134.5145721435547,79.64126586914062,303.4449768066406,-0.9896288514137268,-0.1009141355752945,-0.10223092138767242
324323,-11.96935749053955,22.39637565612793,125.62271118164062,4.69970703125,2.74658203125,2.197265625,-134.51315307617188,79.7166519165039,303.3674621582031,-0.9842742681503296,-0.13144256174564362,-0.11801308393478394
324442,-12.04652214050293,22.49506378173828,125.59577178955078,-0.91552734375,3.72314453125,0.91552734375,-134.31300354003906,79.67160034179688,303.5764465332031,-0.9849697351455688,-0.13704335689544678,-0.10513721406459808
324562,-12.706274032592773,22.841726303100586,125.54193115234375,-85.14404296875,25.20751953125,7.568359375,-134.6082305908203,79.3830337524414,303.8926086425781,-0.9687644243240356,-0.10212279856204987,-0.225978821516037
324675,-12.722005844116211,23.22139549255371,127.24840545654297,-63.8427734375,-13.85498046875,207.51953125,-134.527587890625,79.1189956665039,305.7876892089844,-0.9098255038261414,0.19381161034107208,-0.36695295572280884
324800,-12.043251037597656,23.470050811767578,129.3562774658203,-10.80322265625,-13.18359375,188.1103515625,-134.46824645996094,79.0190200805664,307.5806579589844,-0.9952322244644165,-0.030502304434776306,-0.09264130145311356
324915,-11.055397033691406,23.727691650390625,131.15679931640625,21.30126953125,-14.0380859375,124.69482421875,-135.70843505859375,79.14599609375,307.4493713378906,-0.9373378157615662,0.32711076736450195,-0.11998505890369415
325087,-11.571621894836426,23.37163543701172,131.052490234375,8.11767578125,2.01416015625,4.8828125,-138.10281372070312,79.38080596923828,304.92767333984375,-0.9716674089431763,-0.07932218909263611,-0.22264431416988373
325268,-11.621760368347168,23.37772560119629,131.04452514648438,0.6103515625,2.685546875,2.62451171875,-139.67225646972656,79.49913787841797,303.50262451171875,-0.9650929570198059,-0.10280004888772964,-0.24088966846466064
325399,-11.72134780883789,23.37189483642578,131.0169219970703,-1.0986328125,3.84521484375,1.40380859375,-140.51693725585938,79.40652465820312,302.6643981933594,-0.9662964344024658,-0.13461509346961975,-0.219431072473526
325520,-11.971384048461914,23.30300521850586,130.91912841796875,-3.2958984375,2.86865234375,-1.28173828125,-142.25970458984375,79.09397888183594,300.8191223144531,-0.9830043911933899,-0.10637960582971573,-0.14961853623390198
325629,-12.133394241333008,23.23826026916504,130.8450927734375,-2.197265625,2.197265625,-1.15966796875,-143.02743530273438,78.66867065429688,299.8458251953125,-0.9869699478149414,-0.10180911421775818,-0.12460047006607056
325754,-12.986085891723633,23.32967185974121,130.4327392578125,-91.6748046875,29.72412109375,-52.79541015625,-142.74984741210938,78.0169677734375,300.3204345703125,-0.9215948581695557,-0.2146483063697815,-0.3234022259712219
325880,-14.377096176147461,22.96062469482422,129.5262908935547,-27.4658203125,-26.06201171875,23.49853515625,-140.127197265625,77.78662109375,303.080810546875,-0.8479142785072327,-0.25754407048225403,-0.46337077021598816
325989,-13.203572273254395,23.01388168334961,130.49000549316406,89.4775390625,45.2880859375,41.015625,-139.08116149902344,78.60572052001953,304.5835266113281,-0.9800692200660706,-0.18610651791095734,-0.06948893517255783
326114,-12.132330894470215,23.636655807495117,130.41554260253906,119.384765625,72.8759765625,-4.21142578125,-142.2537841796875,79.8943862915039,300.9342956542969,-0.9698162078857422,0.1784026175737381,0.16621991991996765
326239,-11.280213356018066,23.785022735595703,129.94436645507812,75.62255859375,-21.17919921875,2.50244140625,-143.83775329589844,80.33795928955078,298.7245788574219,-0.9111434817314148,0.41207388043403625,0.003572287503629923
326348,-12.170467376708984,23.395090103149414,129.84048461914062,1.8310546875,-8.9111328125,-8.4228515625,-142.67662048339844,79.94003295898438,300.199951171875,-0.9763715863227844,0.08103582262992859,-0.20032891631126404
326476,-11.919126510620117,23.425540924072266,129.86196899414062,12.0849609375,5.43212890625,-0.30517578125,-143.58657836914062,79.73534393310547,298.9339904785156,-0.9633187055587769,-0.0205089021474123,-0.267575204372406
326662,-11.885473251342773,23.467031478881836,129.83053588867188,14.16015625,3.7841796875,2.9296875,-144.58798217773438,79.4937973022461,297.7230224609375,-0.9595073461532593,-0.1474672555923462,-0.23999810218811035
326781,-11.974145889282227,23.474475860595703,129.7724609375,1.28173828125,1.77001953125,-1.28173828125,-144.66140747070312,79.11692810058594,297.5108337402344,-0.9707851409912109,-0.021854739636182785,-0.23895321786403656
326902,-12.104593276977539,23.46788215637207,129.6824493408203,3.662109375,2.197265625,0.67138671875,-145.31619262695312,78.59856414794922,296.5843505859375,-0.981540858745575,0.004824674688279629,-0.19119176268577576
327022,-12.604362487792969,23.08340072631836,129.44967651367188,-37.2314453125,-36.19384765625,-28.86962890625,-146.78338623046875,78.25877380371094,294.61627197265625,-0.9943726062774658,0.06216241419315338,-0.08578412979841232
327142,-12.920309066772461,22.546100616455078,128.7050018310547,29.6630859375,-41.259765625,-92.59033203125,-148.1381378173828,78.24836730957031,292.6083679199219,-0.9834436774253845,0.08603441715240479,-0.15948832035064697
327262,-12.682197570800781,22.29454803466797,127.68182373046875,36.1328125,-5.37109375,-32.77587890625,-147.90924072265625,78.47511291503906,291.8365478515625,-0.9992027878761292,-0.03987004980444908,0.0020644685719162226
327382,-12.324759483337402,22.328371047973633,127.35630798339844,32.04345703125,-0.244140625,-35.64453125,-147.57070922851562,78.64370727539062,291.6357421875,-0.9921531081199646,0.0688261166214943,0.10438027232885361
327502,-12.038211822509766,22.359376907348633,126.93216705322266,48.33984375,7.75146484375,-45.5322265625,-146.57823181152344,78.74153900146484,292.1017150878906,-0.9959927797317505,-0.06342119723558426,0.06305600702762604
327682,-11.734946250915527,22.474990844726562,126.27940368652344,59.38720703125,29.11376953125,-57.43408203125,-145.84288024902344,78.86042022705078,292.0941162109375,-0.9481271505355835,-0.3070717453956604,0.0822308287024498
327862,-11.495441436767578,22.772031784057617,125.73612976074219,9.09423828125,10.3759765625,-10.498046875,-145.6610870361328,79.02491760253906,291.52679443359375,-0.9860742688179016,-0.10643341392278671,0.12778717279434204
327982,-11.43691349029541,22.93830680847168,125.78902435302734,0.6103515625,5.7373046875,5.2490234375,-145.72421264648438,79.06114196777344,291.5221862792969,-0.9981027841567993,-0.03612823784351349,-0.049856968224048615
328161,-11.327369689941406,23.13213539123535,125.82600402832031,7.080078125,0.42724609375,3.662109375,-145.76702880859375,79.14054107666016,291.4341735839844,-0.998411238193512,0.004434645641595125,-0.05617218092083931
328281,-11.19379711151123,23.457454681396484,125.8280258178711,4.7607421875,3.47900390625,2.13623046875,-146.08810424804688,79.2917251586914,290.97314453125,-0.9991438388824463,-0.03979620710015297,0.011303065344691277
328402,-11.149088859558105,23.595104217529297,125.8433609008789,1.89208984375,4.5166015625,0.3662109375,-146.31588745117188,79.35681915283203,290.7338562011719,-0.9998714923858643,0.0094000780954957,-0.01298695057630539
328522,-10.995466232299805,23.83583641052246,125.81879425048828,11.3525390625,6.28662109375,-1.28173828125,-146.60134887695312,79.53861999511719,290.210205078125,-0.9991346001625061,-0.04121009632945061,0.005646864417940378
328628,-10.880441665649414,24.08662223815918,125.8049545288086,4.150390625,5.06591796875,-1.40380859375,-146.88284301757812,79.69639587402344,289.77178955078125,-0.9976510405540466,-0.06433763355016708,0.023514866828918457
328815,-10.819597244262695,24.22453498840332,125.81543731689453,4.2724609375,3.0517578125,1.77001953125,-147.03733825683594,79.78038024902344,289.5768127441406,-0.9969897270202637,-0.07272103428840637,-0.02689351700246334
328931,-10.799779891967773,24.379093170166016,125.8048324584961,1.52587890625,5.2490234375,-1.15966796875,-147.10076904296875,79.85326385498047,289.4704284667969,-0.9982934594154358,-0.0578475296497345,-0.007987315766513348
329056,-10.765741348266602,24.558591842651367,125.7863998413086,2.9296875,8.30078125,-0.79345703125,-147.15048217773438,79.92528533935547,289.39117431640625,-0.9963118433952332,-0.08568758517503738,-0.004528690129518509
329228,-10.718624114990234,24.886825561523438,125.80207061767578,-4.39453125,4.8828125,1.77001953125,-147.45700073242188,80.11212158203125,289.06280517578125,-0.998853325843811,-0.036469537764787674,-0.031017279252409935
329353,-10.690055847167969,25.024423599243164,125.8149185180664,-0.1220703125,1.708984375,0.6103515625,-147.616455078125,80.21414947509766,288.8743896484375,-0.9968830943107605,-0.05765910819172859,0.05384693294763565
329478,-10.45839786529541,25.128173828125,125.98888397216797,17.02880859375,-3.2958984375,19.53125,-148.4419708251953,80.33293151855469,288.21026611328125,-0.9933891296386719,-0.003634793683886528,0.11473832279443741
329592,-11.197115898132324,25.897830963134766,124.11748504638672,-31.3720703125,39.12353515625,-205.01708984375,-148.6317138671875,80.28129577636719,286.7428283691406,-0.9645561575889587,-0.2636137306690216,-0.011799967847764492
329780,-11.914332389831543,25.58778953552246,122.92605590820312,0.3662109375,-31.67724609375,-56.09130859375,-147.24436950683594,80.15070343017578,287.4617614746094,-0.912347674369812,-0.3967577815055847,-0.10101950913667679
329952,-11.05344009399414,25.68856430053711,123.07991027832031,42.29736328125,19.6533203125,6.8359375,-146.9053192138672,80.29173278808594,287.51324462890625,-0.9801560044288635,-0.19507014751434326,0.03523847833275795
330139,-10.79006290435791,25.748394012451172,123.18199920654297,12.14599609375,8.9111328125,7.38525390625,-146.11683654785156,80.47430419921875,288.3097229003906,-0.9881282448768616,-0.08603906631469727,-0.12727808952331543
330316,-10.58421516418457,25.674631118774414,123.26238250732422,0.42724609375,4.45556640625,1.953125,-145.16082763671875,80.8116226196289,289.33404541015625,-0.9874838590621948,-0.02381334826350212,-0.15591226518154144
330441,-10.47781753540039,25.61310386657715,123.31177520751953,-0.1220703125,4.69970703125,0.91552734375,-145.76736450195312,80.96438598632812,288.8180236816406,-0.9772542119026184,-0.0343230739235878,-0.20927542448043823
330550,-10.393115043640137,25.58333969116211,123.35218048095703,-5.4931640625,11.23046875,-0.732421875,-147.27273559570312,81.04952239990234,287.4351806640625,-0.9586951732635498,-0.10474327206611633,-0.26444733142852783
330682,-10.338398933410645,25.575624465942383,123.34751892089844,6.53076171875,2.197265625,0.732421875,-147.93386840820312,80.93962860107422,286.69097900390625,-0.9674279689788818,-0.04731724411249161,-0.2486850470304489
330862,-10.240301132202148,25.524456024169922,123.36111450195312,4.8828125,4.7607421875,0.1220703125,-147.89303588867188,80.8357162475586,286.6315612792969,-0.96318119764328,-0.11347755789756775,-0.24373109638690948
330982,-9.996039390563965,25.256250381469727,123.39889526367188,6.16455078125,-14.2822265625,-2.9296875,-145.4630889892578,80.41425323486328,288.87420654296875,-0.9750814437866211,-0.028808007016777992,-0.21996894478797913
331102,-10.0668306350708,24.66534423828125,123.272216796875,-6.40869140625,-66.650390625,-29.23583984375,-142.00897216796875,80.21487426757812,291.8927917480469,-0.9961671829223633,-0.020308129489421844,-0.08508037030696869
331222,-10.504284858703613,24.938671112060547,122.91071319580078,-7.9345703125,78.79638671875,61.1572265625,-145.35411071777344,80.2065200805664,288.46429443359375,-0.9979242086410522,-0.06439989805221558,0.0
331342,-10.782882690429688,25.735578536987305,123.3172607421875,-40.4052734375,85.38818359375,55.23681640625,-152.52548217773438,80.1576156616211,281.79022216796875,-0.9652866125106812,-0.00010431020200485364,-0.2611927390098572
331462,-10.23434066772461,26.3054256439209,123.99427032470703,83.06884765625,12.02392578125,13.671875,-160.51544189453125,80.09896850585938,274.1136474609375,-0.8135408759117126,0.37686634063720703,-0.44285792112350464
331582,-10.11225414276123,26.13142204284668,124.23397827148438,5.615234375,-72.021484375,52.91748046875,-159.68475341796875,80.19837188720703,275.2505187988281,-0.7745540738105774,-0.624638020992279,0.09946557134389877
331702,-9.63790225982666,25.600921630859375,124.61427307128906,40.22216796875,-48.583984375,14.70947265625,-157.72604370117188,80.47950744628906,277.4790344238281,-0.9884530305862427,-0.08683161437511444,-0.1241811066865921
331882,-9.536567687988281,25.47542953491211,124.69502258300781,7.75146484375,0.0,2.9296875,-156.40280151367188,80.81024932861328,278.78997802734375,-0.9696802496910095,-0.1622605323791504,-0.18273431062698364
332002,-9.416049003601074,25.467613220214844,124.71775817871094,16.66259765625,6.4697265625,5.126953125,-155.80734252929688,80.85858154296875,279.250732421875,-0.9640980958938599,-0.16062335669994354,-0.21145956218242645
332122,-9.50212574005127,25.421146392822266,124.6644515991211,-5.9814453125,2.197265625,-3.35693359375,-155.42637634277344,80.8293685913086,279.5057678222656,-0.961484432220459,-0.17858180403709412,-0.20894071459770203
332242,-9.535738945007324,25.285341262817383,124.61128997802734,9.46044921875,0.8544921875,0.91552734375,-154.6612548828125,80.70039367675781,280.09771728515625,-0.9636898040771484,-0.13005389273166656,-0.2332124412059784
332362,-9.535660743713379,25.189411163330078,124.5376968383789,0.6103515625,0.91552734375,-1.708984375,-152.97622680664062,80.43869018554688,281.633544921875,-0.9586490988731384,-0.1079767718911171,-0.2633117735385895
332542,-9.603666305541992,25.074556350708008,124.49480438232422,4.39453125,-6.2255859375,-1.220703125,-150.67166137695312,80.08666229248047,283.9137878417969,-0.9817076325416565,-0.024477992206811905,-0.18881481885910034
332707,-9.790071487426758,24.52293586730957,124.44818115234375,-26.0009765625,-66.10107421875,-14.22119140625,-147.0490264892578,79.86433410644531,287.5863342285156,-0.9908119440078735,0.07054287195205688,-0.11539208143949509
332957,-10.972248077392578,24.709070205688477,123.86165618896484,-32.89794921875,52.91748046875,81.298828125,-148.329833984375,79.45173645019531,286.3113708496094,-0.9969911575317383,0.06297896057367325,-0.045192014425992966
333072,-10.834436416625977,25.874439239501953,125.23444366455078,-36.80419921875,41.93115234375,116.27197265625,-155.719970703125,79.0472412109375,280.2224426269531,-0.8673871755599976,0.30189940333366394,-0.3955959975719452
333197,-9.666777610778809,25.557010650634766,127.13972473144531,48.52294921875,6.4697265625,43.212890625,-157.53688049316406,78.92013549804688,279.1641540527344,-0.7703539133071899,-0.38073334097862244,-0.5114655494689941
333369,-9.569025039672852,25.613388061523438,127.08409118652344,4.7607421875,3.662109375,2.685546875,-160.35211181640625,79.69479370117188,276.22625732421875,-0.9873932003974915,-0.04662656411528587,-0.15126383304595947
333494,-9.631895065307617,25.564699172973633,127.05362701416016,1.46484375,3.2958984375,0.9765625,-160.6544647216797,79.75469970703125,275.95306396484375,-0.9752703905105591,-0.0823761448264122,-0.20508986711502075
333619,-9.69051742553711,25.51076889038086,127.03225708007812,1.64794921875,2.86865234375,1.5869140625,-160.8190155029297,79.76130676269531,275.81781005859375,-0.9686720967292786,-0.08233653753995895,-0.2342967540025711
333797,-9.861414909362793,25.414766311645508,126.95821380615234,-2.99072265625,4.39453125,-0.79345703125,-161.2914581298828,79.68807983398438,275.4532165527344,-0.9719369411468506,-0.058861587196588516,-0.22775830328464508
333923,-9.91236400604248,25.350011825561523,126.93547058105469,0.91552734375,2.99072265625,0.67138671875,-161.54071044921875,79.6319580078125,275.2110595703125,-0.9602739214897156,-0.06620123982429504,-0.27109289169311523
334038,-9.965697288513184,25.287561416625977,126.9064712524414,0.91552734375,2.9296875,0.42724609375,-161.61170959472656,79.55842590332031,275.1313171386719,-0.959678590297699,-0.09123197197914124,-0.2658828794956207
334163,-10.050127983093262,25.153215408325195,126.86199951171875,1.3427734375,3.35693359375,0.6103515625,-161.96302795410156,79.38627624511719,274.7391052246094,-0.9585017561912537,-0.0693683996796608,-0.27651846408843994
334272,-10.078906059265137,25.08628273010254,126.84391784667969,2.685546875,2.99072265625,1.0986328125,-162.1099853515625,79.287353515625,274.5244445800781,-0.9556087255477905,-0.0893898606300354,-0.2807512581348419
334397,-10.11262321472168,25.023658752441406,126.82357788085938,2.38037109375,3.11279296875,1.28173828125,-162.3047332763672,79.18438720703125,274.2808837890625,-0.954940140247345,-0.06562668830156326,-0.2894520163536072
334522,-10.147228240966797,24.962034225463867,126.806396484375,1.953125,3.41796875,1.3427734375,-162.53013610839844,79.08679962158203,274.0349426269531,-0.9594207406044006,-0.08402550965547562,-0.269168496131897
334642,-10.208385467529297,24.8739070892334,126.78243255615234,1.64794921875,3.41796875,0.91552734375,-162.93301391601562,78.93302917480469,273.6098327636719,-0.9597461819648743,-0.07218379527330399,-0.2714349329471588
334762,-10.264263153076172,24.820228576660156,126.7542495727539,1.708984375,3.2958984375,0.732421875,-163.1038360595703,78.79914855957031,273.4061279296875,-0.9522115588188171,-0.09500550478696823,-0.29028794169425964
334882,-10.337638854980469,24.766002655029297,126.72059631347656,-0.732421875,3.7841796875,-0.06103515625,-163.10511779785156,78.62736511230469,273.3948669433594,-0.9633656740188599,-0.07134275138378143,-0.2585279941558838
335002,-10.41057300567627,24.660619735717773,126.69158935546875,-1.220703125,3.11279296875,0.0,-163.13668823242188,78.31979370117188,273.3367919921875,-0.9674919247627258,-0.03551627695560455,-0.2503957152366638
335123,-10.429886817932129,24.584444046020508,126.68163299560547,-1.40380859375,3.173828125,-0.244140625,-163.5240936279297,78.1350326538086,272.9254150390625,-0.9778752326965332,-0.016582245007157326,-0.20853066444396973
335243,-10.429132461547852,24.506120681762695,126.6867904663086,-1.64794921875,2.01416015625,0.18310546875,-163.87672424316406,77.97513580322266,272.5643310546875,-0.9814031720161438,-0.004299161955714226,-0.1919098198413849
335362,-10.39058780670166,24.42506980895996,126.7077865600586,-3.11279296875,-0.1220703125,-0.9765625,-163.66845703125,77.84329986572266,272.76824951171875,-0.9875675439834595,0.035270269960165024,-0.15318705141544342
335482,-10.348767280578613,24.275787353515625,126.7655029296875,-7.8125,-7.568359375,-0.9765625,-162.62388610839844,77.66297912597656,273.8675842285156,-0.9911326169967651,0.032071564346551895,-0.12894752621650696
335662,-10.870457649230957,24.02190589904785,126.64684295654297,-85.87646484375,-19.287109375,-28.9306640625,-161.26646423339844,77.5000228881836,275.42724609375,-0.9629930853843689,0.17033952474594116,-0.2088749259710312
335782,-11.461215019226074,23.897891998291016,126.7685546875,-11.8408203125,24.96337890625,43.15185546875,-161.41128540039062,77.48480224609375,275.435546875,-0.9860283732414246,-0.03860868141055107,-0.16204163432121277
335902,-11.233707427978516,24.332399368286133,126.77857971191406,15.19775390625,45.71533203125,-1.3427734375,-164.07089233398438,77.5915298461914,272.6495666503906,-0.9868714809417725,0.13173837959766388,-0.09343235194683075
336022,-10.518607139587402,25.34775733947754,127.55934143066406,0.244140625,37.59765625,45.8984375,-169.5294189453125,77.6655044555664,267.72027587890625,-0.9599387645721436,0.23365914821624756,-0.1546640694141388
336142,-10.031793594360352,25.281850814819336,128.1186981201172,12.6953125,-51.33056640625,45.59326171875,-171.06874084472656,77.687255859375,266.3023681640625,-0.9614617228507996,0.22430531680583954,-0.15899218618869781
336262,-9.671648025512695,25.13547134399414,128.15139770507812,8.11767578125,0.3662109375,3.5400390625,-171.7074737548828,77.73045349121094,265.5632019042969,-0.9962422251701355,-0.07462533563375473,-0.04396067187190056
336442,-9.577018737792969,25.040653228759766,128.1837158203125,1.8310546875,0.42724609375,-0.244140625,-171.603271484375,77.76766204833984,265.6526794433594,-0.9919148683547974,-0.08560214936733246,-0.0936867967247963
336613,-9.496210098266602,24.975969314575195,128.2124481201172,1.8310546875,0.0,0.6103515625,-171.43832397460938,77.81061553955078,265.8239440917969,-0.9980634450912476,-0.04208194464445114,-0.04580920189619064
336738,-9.40828800201416,24.919858932495117,128.2445068359375,0.54931640625,3.35693359375,0.0,-171.34320068359375,77.85796356201172,265.8985900878906,-0.9977810978889465,-0.04946000128984451,-0.0445735938847065
336847,-9.220542907714844,24.814163208007812,128.31381225585938,1.15966796875,2.9296875,0.30517578125,-171.24696350097656,77.97171783447266,265.94091796875,-0.9977797269821167,-0.03869972005486488,-0.05420364439487457
336972,-9.086373329162598,24.74633026123047,128.36407470703125,0.9765625,3.90625,0.67138671875,-171.44325256347656,78.05642700195312,265.7044677734375,-0.9973081946372986,-0.04334040358662605,-0.05914408713579178
337088,-8.99238395690918,24.704221725463867,128.39830017089844,2.0751953125,3.47900390625,0.9765625,-171.5531463623047,78.1145248413086,265.56121826171875,-0.9977403283119202,-0.04120814800262451,-0.05306747183203697
337213,-8.900087356567383,24.66077995300293,128.43243408203125,1.64794921875,4.33349609375,0.91552734375,-171.65139770507812,78.17095184326172,265.41546630859375,-0.996849000453949,-0.055001046508550644,-0.05715794861316681
337338,-8.801783561706543,24.597257614135742,128.4644775390625,-0.1220703125,4.5166015625,-0.244140625,-171.71473693847656,78.24884033203125,265.31219482421875,-0.9971116781234741,-0.05043662339448929,-0.05678612366318703
337447,-8.726211547851562,24.562837600708008,128.48876953125,0.8544921875,4.45556640625,0.3662109375,-171.80960083007812,78.30012512207031,265.1966247558594,-0.9972804188728333,-0.05193421244621277,-0.05229320377111435
337697,-8.649744033813477,24.514827728271484,128.51438903808594,0.732421875,3.84521484375,0.1220703125,-171.828369140625,78.35194396972656,265.1490783691406,-0.9964197874069214,-0.058204326778650284,-0.06131814047694206
337870,-8.572644233703613,24.46809196472168,128.5383758544922,1.0986328125,3.84521484375,0.48828125,-171.87168884277344,78.4021987915039,265.0788269042969,-0.9971440434455872,-0.05388026311993599,-0.05292239040136337
337994,-8.447427749633789,24.39328384399414,128.58291625976562,1.77001953125,3.5400390625,0.79345703125,-171.95010375976562,78.47483825683594,264.95172119140625,-0.9963641166687012,-0.06361043453216553,-0.05667546018958092
338182,-8.293343544006348,24.28330421447754,128.63681030273438,1.52587890625,3.173828125,0.732421875,-171.9547576904297,78.57464599609375,264.8961181640625,-0.9971063137054443,-0.05440940707921982,-0.05309111624956131
338354,-8.137775421142578,24.16868782043457,128.69293212890625,1.64794921875,3.173828125,0.79345703125,-171.9569854736328,78.6810531616211,264.8421325683594,-0.9967149496078491,-0.05950716510415077,-0.05493893846869469
338541,-8.058428764343262,24.109989166259766,128.72328186035156,1.5869140625,2.9296875,0.91552734375,-171.94554138183594,78.73533630371094,264.8296813964844,-0.9967541098594666,-0.059041183441877365,-0.05472986027598381
338663,-7.939931869506836,24.010242462158203,128.76986694335938,1.953125,2.62451171875,1.28173828125,-171.9404296875,78.82060241699219,264.8077392578125,-0.9967132210731506,-0.0553261861205101,-0.05917496234178543
338783,-7.792989730834961,23.885581970214844,128.82444763183594,1.64794921875,2.86865234375,0.8544921875,-171.93414306640625,78.93598175048828,264.7747802734375,-0.997079074382782,-0.04959700629115105,-0.058082278817892075
338902,-7.678737163543701,23.793285369873047,128.8673553466797,1.708984375,3.0517578125,0.8544921875,-171.9530487060547,79.02091979980469,264.71990966796875,-0.9966877102851868,-0.05315187945961952,-0.06155059486627579
339083,-7.611926555633545,23.731008529663086,128.8927764892578,1.40380859375,3.11279296875,0.91552734375,-171.95152282714844,79.07488250732422,264.70050048828125,-0.9965083003044128,-0.054955825209617615,-0.0628579705953598
339322,-7.511331558227539,23.63907814025879,128.9308624267578,1.52587890625,3.173828125,0.91552734375,-171.97164916992188,79.15523529052734,264.64703369140625,-0.9965957999229431,-0.05153152719140053,-0.06435448676347733
339442,-7.447444438934326,23.575986862182617,128.95501708984375,1.46484375,3.35693359375,0.9765625,-171.98306274414062,79.2077407836914,264.6087646484375,-0.9964430332183838,-0.05440590903162956,-0.0643523633480072
339563,-7.328946590423584,23.44793701171875,128.9979705810547,1.52587890625,3.35693359375,0.91552734375,-172.00814819335938,79.30964660644531,264.5341491699219,-0.9964139461517334,-0.05561603233218193,-0.06376665830612183
339683,-7.21026611328125,23.321693420410156,129.03945922851562,1.3427734375,3.41796875,0.67138671875,-172.02517700195312,79.40739440917969,264.4632568359375,-0.9966690540313721,-0.05439651757478714,-0.06076078861951828
339803,-7.152687072753906,23.256179809570312,129.06085205078125,1.40380859375,3.11279296875,0.91552734375,-172.03472900390625,79.4587631225586,264.4312438964844,-0.996608555316925,-0.05416220426559448,-0.06195101886987686
339922,-7.097347259521484,23.192121505737305,129.08029174804688,1.40380859375,3.47900390625,0.79345703125,-172.0420684814453,79.5098876953125,264.3990783691406,-0.9965522885322571,-0.05720970407128334,-0.060088180005550385
340223,-7.013661861419678,23.096357345581055,129.10939025878906,1.3427734375,3.60107421875,0.79345703125,-172.03659057617188,79.58738708496094,264.3661804199219,-0.9966796040534973,-0.05574485659599304,-0.05934905260801315
340343,-6.966228485107422,23.027938842773438,129.12606811523438,1.46484375,3.35693359375,0.6103515625,-172.03358459472656,79.63794708251953,264.3467102050781,-0.9963675737380981,-0.05918778106570244,-0.06122460588812828
340522,-6.9181132316589355,22.95922088623047,129.1421356201172,1.220703125,3.23486328125,0.67138671875,-172.01962280273438,79.68824768066406,264.3392028808594,-0.9966860413551331,-0.05563121661543846,-0.059347961097955704
340763,-6.762025356292725,22.754125595092773,129.1973419189453,1.5869140625,3.173828125,0.91552734375,-171.97935485839844,79.84791564941406,264.3047180175781,-0.996613085269928,-0.056199535727500916,-0.060034044086933136
340883,-6.716683387756348,22.683103561401367,129.2144775390625,1.64794921875,3.173828125,1.03759765625,-171.95870971679688,79.9020767211914,264.30133056640625,-0.9964050650596619,-0.05733758211135864,-0.0623650923371315
341123,-6.656569004058838,22.574249267578125,129.23561096191406,1.5869140625,3.173828125,0.8544921875,-171.91439819335938,79.98217010498047,264.3102111816406,-0.9963940382003784,-0.05539518967270851,-0.06426801532506943
341302,-6.580014228820801,22.38889503479004,129.2611541748047,1.708984375,2.9296875,0.8544921875,-171.83914184570312,80.11698150634766,264.3260192871094,-0.9962348937988281,-0.055666301399469376,-0.0664636492729187
341423,-6.558942794799805,22.310522079467773,129.2682342529297,1.708984375,2.685546875,0.91552734375,-171.79083251953125,80.17076873779297,264.3519592285156,-0.9963924288749695,-0.05358366295695305,-0.06581080704927444
341543,-6.533466815948486,22.119625091552734,129.2763671875,1.52587890625,2.99072265625,0.8544921875,-171.70176696777344,80.30458068847656,264.38629150390625,-0.9963294863700867,-0.0512843057513237,-0.0685388445854187
341723,-6.537580966949463,22.00638198852539,129.27255249023438,1.40380859375,2.9296875,0.732421875,-171.66226196289062,80.38407135009766,264.3934631347656,-0.9964383840560913,-0.04980391636490822,-0.06804535537958145
341842,-6.538638591766357,21.930219650268555,129.27108764648438,1.46484375,3.11279296875,0.732421875,-171.63265991210938,80.43706512451172,264.4024963378906,-0.9961642026901245,-0.050894517451524734,-0.0711803063750267
342143,-6.5224151611328125,21.81791877746582,129.2760467529297,1.40380859375,3.173828125,0.91552734375,-171.6339874267578,80.51620483398438,264.36822509765625,-0.9965241551399231,-0.04969416931271553,-0.06685906648635864
342263,-6.552526473999023,21.711666107177734,129.26388549804688,1.40380859375,3.0517578125,0.732421875,-171.61444091796875,80.59597778320312,264.3526916503906,-0.9962278008460999,-0.05018870532512665,-0.07079122960567474
342383,-6.545586585998535,21.604572296142578,129.26454162597656,1.220703125,3.41796875,0.8544921875,-171.6004180908203,80.67308807373047,264.3335266113281,-0.9963400959968567,-0.05078723281621933,-0.0687544122338295
342564,-6.478853702545166,21.58745574951172,129.29339599609375,12.14599609375,1.5869140625,5.126953125,-171.7039794921875,80.79198455810547,264.052978515625,-0.9959690570831299,-0.05867163464426994,-0.0678466185927391
342743,-6.506989479064941,21.608631134033203,129.27728271484375,6.4697265625,-0.18310546875,2.25830078125,-171.53724670410156,80.85449981689453,264.1350402832031,-0.9953338503837585,-0.06577733159065247,-0.07059618085622787
342923,-6.571378231048584,21.614933013916016,129.24929809570312,9.1552734375,0.18310546875,2.86865234375,-171.2827606201172,80.96110534667969,264.3056335449219,-0.9943129420280457,-0.051802296191453934,-0.0930500254034996
343043,-6.604396820068359,21.5968074798584,129.22579956054688,10.19287109375,-7.8125,2.86865234375,-170.8430938720703,81.05319213867188,264.6466979980469,-0.9943548440933228,-0.05200270935893059,-0.09248966723680496
343223,-6.739738464355469,21.69988441467285,129.17076110839844,0.18310546875,3.96728515625,0.06103515625,-170.45733642578125,81.1261978149414,265.0365905761719,-0.9955779314041138,-0.04495853930711746,-0.08248298615217209
343462,-6.900254726409912,21.8008975982666,129.10655212402344,2.86865234375,0.6103515625,0.6103515625,-170.4604949951172,81.25144958496094,265.0277099609375,-0.9949308633804321,-0.022733794525265694,-0.09795766323804855
343643,-7.028484344482422,21.93073272705078,129.04774475097656,2.197265625,4.8828125,0.3662109375,-170.5352020263672,81.3566665649414,264.90582275390625,-0.9959253072738647,-0.024997280910611153,-0.08664922416210175
343883,-7.218988418579102,22.07990074157715,128.9632568359375,1.46484375,2.99072265625,0.6103515625,-170.65647888183594,81.4903564453125,264.746337890625,-0.9950851202011108,-0.01532013714313507,-0.09783174097537994
344063,-7.413363456726074,22.227922439575195,128.8792266845703,1.28173828125,3.96728515625,0.30517578125,-170.9799346923828,81.6212387084961,264.37554931640625,-0.995110034942627,-0.024489503353834152,-0.09568825364112854
344243,-7.562277317047119,22.330188751220703,128.814697265625,1.52587890625,3.662109375,0.6103515625,-171.13938903808594,81.71458435058594,264.18115234375,-0.9945090413093567,-0.02655676007270813,-0.10122532397508621
344483,-7.810575008392334,22.497737884521484,128.71075439453125,1.52587890625,3.60107421875,0.9765625,-171.48130798339844,81.86676788330078,263.7896728515625,-0.9933699369430542,-0.032425254583358765,-0.11029408127069473
344723,-7.969698905944824,22.595714569091797,128.643798828125,1.220703125,3.84521484375,0.67138671875,-171.60150146484375,81.94952392578125,263.6447448730469,-0.9937141537666321,-0.03279545158147812,-0.10703570395708084
344962,-8.234758377075195,22.748043060302734,128.53195190429688,1.220703125,3.35693359375,0.67138671875,-171.50746154785156,82.06827545166016,263.67791748046875,-0.9942450523376465,-0.03577367961406708,-0.10097987949848175
345263,-8.394280433654785,22.828874588012695,128.46441650390625,1.3427734375,3.47900390625,0.67138671875,-171.44126892089844,82.13987731933594,263.7104797363281,-0.994247555732727,-0.03223607689142227,-0.10214127600193024
345443,-8.756970405578613,23.00537109375,128.3167724609375,-2.13623046875,5.9814453125,-0.54931640625,-171.0028533935547,82.20806884765625,264.10931396484375,-0.9924973845481873,-0.07821471989154816,-0.09397616982460022
345683,-8.94645881652832,23.04471778869629,128.23414611816406,0.42724609375,4.8828125,0.30517578125,-170.24530029296875,82.22425842285156,264.83642578125,-0.9930604100227356,-0.06020383536815643,-0.10102615505456924
345862,-9.278055191040039,23.07668685913086,128.0853271484375,1.0986328125,4.638671875,0.79345703125,-169.7283477783203,82.31007385253906,265.2677307128906,-0.9941123723983765,-0.06065607815980911,-0.0897853821516037
346223,-9.469425201416016,23.07120704650879,128.0047149658203,-3.60107421875,5.2490234375,-0.91552734375,-169.24737548828125,82.31004333496094,265.76123046875,-0.9860302209854126,-0.10190609842538834,-0.13175614178180695
346403,-9.570676803588867,23.03875160217285,127.97212219238281,-1.40380859375,4.82177734375,-0.8544921875,-168.778564453125,82.38336181640625,266.2989501953125,-0.9958861470222473,-0.05197183042764664,-0.07422828674316406
346583,-9.411003112792969,23.002532958984375,128.0260772705078,1.28173828125,3.11279296875,0.67138671875,-168.51763916015625,82.4278564453125,266.5063781738281,-0.9942094087600708,-0.0716816857457161,-0.0800585076212883
346763,-9.008060455322266,22.87936019897461,128.1636199951172,1.89208984375,3.0517578125,0.79345703125,-168.2546844482422,82.55563354492188,266.64190673828125,-0.9934231042861938,-0.09048505127429962,-0.0701647624373436
346943,-8.851249694824219,22.77290916442871,128.2158203125,1.5869140625,2.50244140625,0.79345703125,-167.6210479736328,82.60970306396484,267.2002868652344,-0.9930794835090637,-0.0917205885052681,-0.07335246354341507
347302,-8.693395614624023,22.71443748474121,128.2687530517578,1.89208984375,2.685546875,0.732421875,-167.04066467285156,82.6609115600586,267.7459716796875,-0.9919430613517761,-0.10204830020666122,-0.07506725937128067
347663,-8.52249813079834,22.645732879638672,128.32069396972656,2.3193359375,1.64794921875,-0.42724609375,-166.2154998779297,82.71363067626953,268.54547119140625,-0.9923981428146362,-0.09066560864448547,-0.0832202211022377
347903,-8.378777503967285,22.492155075073242,128.35911560058594,1.28173828125,2.8076171875,0.3662109375,-164.53211975097656,82.78675842285156,270.19927978515625,-0.9905475974082947,-0.0928301066160202,-0.10098572075366974
348143,-8.092292785644531,22.503849029541016,128.4525909423828,1.953125,3.0517578125,0.9765625,-161.5227508544922,82.7347183227539,273.1576843261719,-0.9883564710617065,-0.07831896096467972,-0.1304515153169632
348563,-8.07050895690918,22.522079467773438,128.45481872558594,1.8310546875,3.0517578125,1.03759765625,-160.66925048828125,82.56517791748047,273.97796630859375,-0.987253725528717,-0.05029292777180672,-0.1509988158941269
348803,-8.20514965057373,22.50336265563965,128.3961944580078,2.8076171875,3.2958984375,1.3427734375,-161.71505737304688,82.38613891601562,272.8640441894531,-0.9821065068244934,-0.0653381422162056,-0.17662839591503143
348982,-8.337166786193848,22.518348693847656,128.34051513671875,2.50244140625,3.2958984375,1.0986328125,-161.98858642578125,82.2889633178711,272.5370788574219,-0.9794888496398926,-0.08402125537395477,-0.18314476311206818
349162,-8.748318672180176,22.51315689086914,128.16932678222656,1.0986328125,3.173828125,0.67138671875,-161.68499755859375,81.91655731201172,272.7577209472656,-0.978409469127655,-0.04165991395711899,-0.20243367552757263
349402,-8.793792724609375,22.512571334838867,128.15415954589844,0.67138671875,3.0517578125,1.03759765625,-162.34127807617188,81.6903305053711,272.11492919921875,-0.9784647822380066,-0.015106795355677605,-0.20586006343364716
349582,-8.743047714233398,22.508617401123047,128.1747589111328,1.64794921875,2.86865234375,1.220703125,-163.3118133544922,81.5798110961914,271.1410827636719,-0.9779704213142395,-0.007548656780272722,-0.2086065411567688
349762,-8.742010116577148,22.562665939331055,128.17361450195312,1.89208984375,2.99072265625,1.15966796875,-165.09779357910156,81.37547302246094,269.3058776855469,-0.9759680032730103,-0.037201378494501114,-0.21471534669399261
350002,-8.894607543945312,22.572080612182617,128.11302185058594,1.40380859375,3.23486328125,0.91552734375,-165.77297973632812,81.22112274169922,268.5999755859375,-0.9774812459945679,-0.04172977805137634,-0.20685535669326782
350182,-9.072346687316895,22.566604614257812,128.03977966308594,1.77001953125,3.173828125,1.03759765625,-166.7171173095703,81.00888061523438,267.6055908203125,-0.976766049861908,-0.061669059097766876,-0.20524421334266663
350482,-9.151957511901855,22.517908096313477,128.00778198242188,1.64794921875,3.23486328125,1.03759765625,-167.09046936035156,80.8387222290039,267.1932678222656,-0.9765373468399048,-0.07863525301218033,-0.20047800242900848
350722,-9.221227645874023,22.571195602416992,127.9791488647461,1.52587890625,3.173828125,1.0986328125,-167.05377197265625,80.61029052734375,267.16607666015625,-0.9775155782699585,-0.08798477053642273,-0.19162987172603607
351018,-9.34792423248291,22.583967208862305,127.92520904541016,1.52587890625,3.11279296875,0.8544921875,-166.65863037109375,80.40242767333984,267.4854431152344,-0.9797797799110413,-0.09191427379846573,-0.17771689593791962
351190,-9.321172714233398,22.61623191833496,127.92503356933594,1.5869140625,3.35693359375,0.8544921875,-165.45407104492188,80.14928436279297,268.557861328125,-0.9812491536140442,-0.102702796459198,-0.16310210525989532
351378,-9.379651069641113,22.6386661529541,127.89920043945312,1.46484375,3.0517578125,0.91552734375,-164.83738708496094,80.06898498535156,269.12127685546875,-0.9817963242530823,-0.10207326710224152,-0.16017836332321167
351612,-9.309070587158203,22.64908790588379,127.9176254272461,1.40380859375,3.173828125,0.91552734375,-163.56114196777344,79.954833984375,270.29779052734375,-0.9822495579719543,-0.1028589978814125,-0.15686295926570892
351862,-9.434149742126465,22.631624221801758,127.86415100097656,1.52587890625,3.35693359375,0.79345703125,-162.9224853515625,79.91033935546875,270.8860778808594,-0.9819747805595398,-0.108415387570858,-0.15482772886753082
352034,-9.358476638793945,22.661787033081055,127.88603973388672,1.5869140625,3.173828125,0.8544921875,-162.05906677246094,79.85269927978516,271.68450927734375,-0.9821203351020813,-0.10563782602548599,-0.1558217704296112
352222,-9.372614860534668,22.705204010009766,127.87265014648438,1.46484375,3.173828125,0.8544921875,-160.99795532226562,79.79576873779297,272.6615905761719,-0.9826130270957947,-0.10562640428543091,-0.15269123017787933
352518,-9.36992359161377,22.721914291381836,127.86772918701172,1.5869140625,2.86865234375,0.8544921875,-160.13296508789062,79.74845886230469,273.46038818359375,-0.9824399352073669,-0.10635214298963547,-0.15330038964748383
352690,-9.431796073913574,22.70186424255371,127.83901977539062,1.46484375,3.11279296875,0.8544921875,-159.5021514892578,79.71661376953125,274.0423278808594,-0.9823633432388306,-0.10660657286643982,-0.15361419320106506
352940,-9.452757835388184,22.715478897094727,127.82575225830078,1.5869140625,3.173828125,0.79345703125,-158.86990356445312,79.68359375,274.62652587890625,-0.9820532202720642,-0.10717444866895676,-0.15519338846206665
353112,-9.46533489227295,22.77584457397461,127.81111145019531,1.52587890625,3.173828125,0.732421875,-157.6196746826172,79.61151123046875,275.78265380859375,-0.9820338487625122,-0.107120081782341,-0.15535403788089752
353362,-9.48517894744873,22.73831558227539,127.79794311523438,1.46484375,3.2958984375,0.79345703125,-156.99391174316406,79.56492614746094,276.35955810546875,-0.9815258383750916,-0.10863257199525833,-0.1574992686510086
353534,-9.483563423156738,22.75979232788086,127.78865051269531,1.3427734375,3.173828125,0.6103515625,-155.9707489013672,79.49626922607422,277.3057556152344,-0.9817773699760437,-0.10799551010131836,-0.1563660055398941
353768,-9.512784957885742,22.780563354492188,127.7719955444336,1.46484375,3.35693359375,0.732421875,-155.36219787597656,79.45586395263672,277.8648681640625,-0.9815924763679504,-0.10945169627666473,-0.1565135270357132
353956,-9.47818374633789,22.7318115234375,127.77742004394531,1.40380859375,3.23486328125,0.732421875,-154.3623504638672,79.38644409179688,278.7851867675781,-0.9816396236419678,-0.10778319835662842,-0.15737302601337433
354190,-9.49626350402832,22.763076782226562,127.76532745361328,1.3427734375,3.173828125,0.67138671875,-153.769287109375,79.34349822998047,279.3330078125,-0.9817982316017151,-0.10631852596998215,-0.15738019347190857
354503,-9.471879005432129,22.76572036743164,127.7658920288086,1.46484375,3.35693359375,0.79345703125,-152.81173706054688,79.27983856201172,280.20892333984375,-0.9816175699234009,-0.10680688917636871,-0.1581747680902481
354675,-9.485217094421387,22.75907325744629,127.75376892089844,1.3427734375,3.2958984375,0.54931640625,-152.25306701660156,79.24298095703125,280.7228088378906,-0.9814207553863525,-0.10882061719894409,-0.15802334249019623
354862,-9.500275611877441,22.713237762451172,127.74110412597656,1.46484375,3.11279296875,0.79345703125,-151.29641723632812,79.1747055053711,281.5995788574219,-0.981274425983429,-0.11005506664514542,-0.1580769121646881
355097,-9.574963569641113,22.80071258544922,127.70443725585938,1.52587890625,3.2958984375,0.732421875,-150.36422729492188,79.1080322265625,282.4496154785156,-0.9812914133071899,-0.10984426736831665,-0.15811824798583984
355268,-9.490432739257812,22.80322265625,127.73125457763672,1.46484375,3.173828125,0.79345703125,-149.6103973388672,79.04923248291016,283.13922119140625,-0.9810470938682556,-0.11066872626543045,-0.15905635058879852
355456,-9.49386978149414,22.756162643432617,127.72459411621094,1.46484375,3.23486328125,0.67138671875,-149.04698181152344,78.99530792236328,283.6552734375,-0.9811206459999084,-0.11054374277591705,-0.15868955850601196
355753,-9.486270904541016,22.74275016784668,127.71878814697266,1.52587890625,3.173828125,0.67138671875,-148.17770385742188,78.91714477539062,284.4474792480469,-0.9808769822120667,-0.11100878566503525,-0.15986701846122742
356003,-9.51625919342041,22.7684383392334,127.70172882080078,1.5869140625,3.23486328125,0.8544921875,-147.6545867919922,78.8471908569336,284.92254638671875,-0.9803687334060669,-0.11225779354572296,-0.16209690272808075
356175,-9.610180854797363,22.749380111694336,127.65530395507812,1.46484375,3.2958984375,0.6103515625,-146.83616638183594,78.7062759399414,285.6642150878906,-0.9797893762588501,-0.11433270573616028,-0.16413627564907074
356409,-9.617884635925293,22.737504959106445,127.6448745727539,1.52587890625,3.173828125,0.79345703125,-146.19863891601562,78.6093978881836,286.2413635253906,-0.9803112149238586,-0.11331554502248764,-0.16170823574066162
356597,-9.591182708740234,22.775236129760742,127.64579010009766,1.52587890625,3.2958984375,0.8544921875,-145.5723114013672,78.49952697753906,286.7905578613281,-0.9799736738204956,-0.11295870691537857,-0.16398777067661285
356768,-9.626006126403809,22.801795959472656,127.62600708007812,1.40380859375,3.2958984375,0.732421875,-145.48739624023438,78.4502182006836,286.8359680175781,-0.9798139929771423,-0.11328089982271194,-0.16471783816814423
357018,-9.732733726501465,22.75975799560547,127.575439453125,1.46484375,3.11279296875,0.79345703125,-145.78598022460938,78.35906982421875,286.48040771484375,-0.9794673323631287,-0.11361868679523468,-0.16653698682785034
357253,-9.646077156066895,22.727983474731445,127.60400390625,1.5869140625,3.11279296875,0.8544921875,-145.68350219726562,78.41693878173828,286.5422058105469,-0.9796460866928101,-0.11349193006753922,-0.16556893289089203
357503,-9.686432838439941,22.75794219970703,127.58344268798828,1.52587890625,3.23486328125,0.8544921875,-145.89039611816406,78.41035461425781,286.3031921386719,-0.9797132015228271,-0.11221384257078171,-0.16604292392730713
357737,-9.697844505310059,22.7526912689209,127.56912231445312,1.46484375,3.23486328125,0.8544921875,-145.51815795898438,78.3316879272461,286.6051330566406,-0.9789605140686035,-0.11617827415466309,-0.16774658858776093
357909,-9.641161918640137,22.71147346496582,127.58384704589844,1.46484375,3.35693359375,0.79345703125,-145.38107299804688,78.34345245361328,286.68829345703125,-0.980074405670166,-0.11295650899410248,-0.16338565945625305
358160,-9.684096336364746,22.743452072143555,127.57057189941406,1.64794921875,2.8076171875,2.13623046875,-145.68292236328125,78.32415008544922,286.3074951171875,-0.9771896004676819,-0.10966744273900986,-0.18186119198799133
358520,-9.637712478637695,22.77132225036621,127.59139251708984,1.15966796875,3.23486328125,0.42724609375,-145.7357635498047,78.1957015991211,286.133056640625,-0.982663631439209,-0.1262705773115158,-0.13574965298175812
358823,-9.629469871520996,22.92713165283203,127.5984878540039,-2.01416015625,15.9912109375,3.41796875,-146.0448455810547,78.18275451660156,285.85809326171875,-0.9844505786895752,-0.13382862508296967,-0.11378433555364609
359123,-9.868107795715332,23.25830078125,127.63118743896484,-5.31005859375,11.71875,14.16015625,-146.11807250976562,78.17330169677734,285.92584228515625,-0.9851029515266418,-0.13016876578330994,-0.11237505823373795
359483,-9.578181266784668,23.013652801513672,128.16278076171875,12.26806640625,3.41796875,2.44140625,-145.6399383544922,78.248291015625,286.742919921875,-0.9830042123794556,-0.16731220483779907,-0.07556035369634628
359664,-9.425150871276855,22.695945739746094,128.19284057617188,5.37109375,-1.220703125,1.15966796875,-145.1292724609375,78.34674835205078,287.06915283203125,-0.9893983602523804,-0.12774540483951569,-0.06908069550991058
359903,-9.445843696594238,22.378765106201172,128.15704345703125,2.50244140625,0.79345703125,-0.91552734375,-144.5406494140625,78.48380279541016,287.4159851074219,-0.9849421381950378,-0.14998692274093628,-0.08598129451274872
360143,-9.630171775817871,22.258100509643555,128.05873107910156,2.01416015625,2.0751953125,0.30517578125,-144.07015991210938,78.55378723144531,287.6910400390625,-0.9855998158454895,-0.14872924983501434,-0.08045225590467453
360323,-9.775678634643555,22.213747024536133,127.98966217041016,1.5869140625,2.62451171875,0.67138671875,-143.64707946777344,78.6260757446289,288.0330505371094,-0.9870904684066772,-0.14198778569698334,-0.0741066113114357
360612,-9.969768524169922,22.220212936401367,127.90767669677734,1.52587890625,2.86865234375,0.67138671875,-143.33998107910156,78.72154235839844,288.2789611816406,-0.988007664680481,-0.13715673983097076,-0.07091422379016876
360800,-10.208128929138184,22.325958251953125,127.80804443359375,1.708984375,2.99072265625,0.8544921875,-142.941650390625,78.84162902832031,288.60516357421875,-0.9876226782798767,-0.1376323103904724,-0.0752246230840683
361034,-10.346040725708008,22.347145080566406,127.74736022949219,1.3427734375,3.0517578125,0.48828125,-142.69549560546875,78.91474914550781,288.8082275390625,-0.9885683059692383,-0.1309155970811844,-0.074791818857193
361269,-10.498019218444824,22.374616622924805,127.67809295654297,1.46484375,3.23486328125,0.6103515625,-142.21377563476562,79.06776428222656,289.2026062011719,-0.9879986047744751,-0.1322602778673172,-0.07978744804859161
361456,-10.53942584991455,22.377090454101562,127.6561050415039,1.03759765625,3.11279296875,0.67138671875,-141.95069885253906,79.13996124267578,289.4313049316406,-0.9887076616287231,-0.12787285447120667,-0.07813786715269089
361644,-10.353644371032715,22.406715393066406,127.71830749511719,1.5869140625,3.11279296875,0.9765625,-141.58641052246094,79.2754898071289,289.7330627441406,-0.988019585609436,-0.12945057451725006,-0.08402301371097565
361815,-10.387835502624512,22.424869537353516,127.69886779785156,1.28173828125,3.0517578125,0.79345703125,-141.27456665039062,79.375732421875,289.9913330078125,-0.98796147108078,-0.12957854568958282,-0.08450774103403091
362050,-10.248699188232422,22.471006393432617,127.7443618774414,1.28173828125,3.23486328125,0.732421875,-140.97727966308594,79.47766876220703,290.23883056640625,-0.9886673092842102,-0.123867928981781,-0.08481479436159134
362237,-10.359830856323242,22.550716400146484,127.69577026367188,1.0986328125,3.2958984375,0.54931640625,-140.7642364501953,79.54849243164062,290.4135437011719,-0.9885294437408447,-0.1253487467765808,-0.08424489945173264
362472,-10.218841552734375,22.456689834594727,127.74114227294922,1.46484375,3.35693359375,0.79345703125,-140.50730895996094,79.64956665039062,290.6144714355469,-0.988530158996582,-0.1252712458372116,-0.08435170352458954
362722,-10.094344139099121,22.47481346130371,127.78218841552734,1.46484375,3.35693359375,0.732421875,-140.25485229492188,79.75081634521484,290.80950927734375,-0.9887934327125549,-0.12334495782852173,-0.0841042697429657
362894,-10.15274715423584,22.43893814086914,127.75338745117188,1.40380859375,3.2958984375,0.67138671875,-140.0564422607422,79.82720184326172,290.9663391113281,-0.9890235662460327,-0.12383753806352615,-0.08060218393802643
363083,-10.071362495422363,22.384658813476562,127.77407836914062,1.46484375,2.62451171875,0.48828125,-139.6853485107422,79.94890594482422,291.28094482421875,-0.9889190793037415,-0.12337484955787659,-0.08256994187831879
363255,-10.109369277954102,22.540863037109375,127.75725555419922,1.708984375,3.11279296875,1.15966796875,-139.63198852539062,80.05439758300781,291.26068115234375,-0.9885989427566528,-0.12838013470172882,-0.07868073880672455
363443,-10.261131286621094,22.590194702148438,127.68866729736328,1.03759765625,4.21142578125,0.30517578125,-139.48236083984375,80.10314178466797,291.3260192871094,-0.9880048036575317,-0.1385231614112854,-0.0682491585612297
363615,-10.242152214050293,22.537694931030273,127.68323516845703,0.8544921875,3.11279296875,0.48828125,-139.26194763183594,80.13915252685547,291.44488525390625,-0.9896060824394226,-0.1348312646150589,-0.05000444874167442
364036,-10.268319129943848,22.6308650970459,127.6750717163086,2.01416015625,2.74658203125,2.44140625,-138.93788146972656,80.22364044189453,291.7040710449219,-0.9895606637001038,-0.13818885385990143,-0.04090961068868637
364333,-10.400228500366211,22.629850387573242,127.63189697265625,-2.5634765625,1.89208984375,-1.89208984375,-138.33607482910156,80.25848388671875,292.32904052734375,-0.9905996322631836,-0.11526757478713989,-0.0736599713563919
364521,-10.459349632263184,22.92619514465332,127.5384521484375,-10.3759765625,14.58740234375,-4.8828125,-138.04940795898438,80.28035736083984,292.6351013183594,-0.9931817650794983,0.02827393263578415,-0.1130957305431366
364703,-10.3084077835083,22.99725914001465,127.58295440673828,2.3193359375,10.25390625,-12.63427734375,-136.18954467773438,80.33895111083984,294.5892333984375,-0.9997101426124573,-0.014633934013545513,0.019118526950478554
364943,-10.290510177612305,22.940494537353516,128.28915405273438,-6.65283203125,-26.9775390625,31.8603515625,-138.45460510253906,80.23318481445312,292.87762451171875,-0.9756497740745544,0.04602598771452904,-0.21445074677467346
365123,-9.760111808776855,22.98893928527832,128.6104278564453,7.9345703125,13.0615234375,-1.40380859375,-139.66043090820312,80.41765594482422,291.5862121582031,-0.9971953630447388,0.06351333856582642,-0.03959117829799652
365363,-9.563539505004883,23.177471160888672,128.6403350830078,3.7841796875,6.77490234375,2.5634765625,-141.9987335205078,80.91450500488281,289.2015380859375,-0.9922254085540771,-0.024087749421596527,-0.12209997326135635
365543,-9.506503105163574,23.069791793823242,128.65316772460938,2.86865234375,3.35693359375,1.3427734375,-143.80072021484375,81.21527862548828,287.4305419921875,-0.9860287308692932,-0.0464608259499073,-0.15996487438678741
365723,-9.519899368286133,22.940147399902344,128.6405792236328,2.62451171875,3.84521484375,1.220703125,-145.07058715820312,81.32703399658203,286.1791076660156,-0.9771177172660828,-0.06244288384914398,-0.20332740247249603
366023,-9.660444259643555,22.853984832763672,128.58140563964844,1.15966796875,3.5400390625,0.732421875,-145.9971466064453,81.3184585571289,285.3016662597656,-0.9697547554969788,-0.07300131767988205,-0.2329089641571045
366263,-9.734710693359375,22.731840133666992,128.54586791992188,0.91552734375,3.47900390625,0.6103515625,-146.98179626464844,81.25027465820312,284.351806640625,-0.965501606464386,-0.06442265212535858,-0.2523021101951599
366503,-9.739813804626465,22.624963760375977,128.53749084472656,1.40380859375,3.173828125,0.732421875,-147.90184020996094,81.18193817138672,283.4422302246094,-0.9649035334587097,-0.059940069913864136,-0.25567251443862915
366683,-9.800028800964355,22.417905807495117,128.49856567382812,2.44140625,2.9296875,0.91552734375,-149.5217742919922,80.96410369873047,281.74652099609375,-0.9631060361862183,-0.07108411937952042,-0.25956472754478455
366863,-9.853155136108398,22.3051815032959,128.47579956054688,1.52587890625,2.8076171875,1.15966796875,-150.36141967773438,80.73731994628906,280.8331604003906,-0.9640751481056213,-0.07153279334306717,-0.25581660866737366
367103,-9.829094886779785,22.324247360229492,128.4757537841797,1.52587890625,2.99072265625,0.54931640625,-152.1890869140625,80.34339141845703,278.8465576171875,-0.9753973484039307,-0.01906702108681202,-0.2196282595396042
367463,-9.790149688720703,22.296886444091797,128.48077392578125,1.46484375,3.11279296875,0.30517578125,-154.16867065429688,80.16175079345703,276.7594299316406,-0.9869059920310974,-0.03937509283423424,-0.156416654586792
367643,-9.649227142333984,22.36388397216797,128.50149536132812,2.9296875,2.5634765625,-0.06103515625,-156.08892822265625,80.07402038574219,274.59356689453125,-0.9954050779342651,-0.042966265231370926,-0.0855734795331955
367943,-9.725973129272461,22.483444213867188,128.44403076171875,5.18798828125,1.77001953125,0.3662109375,-157.04209899902344,80.0473861694336,273.45526123046875,-0.9965236783027649,-0.0656314268708229,-0.05131184309720993
368123,-9.90157699584961,22.65346336364746,128.26962280273438,2.01416015625,2.25830078125,-6.8359375,-158.27101135253906,80.04043579101562,271.6885681152344,-0.9933187365531921,-0.11304140090942383,0.023224439471960068
368483,-9.9757719039917,22.8194580078125,128.1612548828125,1.953125,4.0283203125,-6.591796875,-158.41026306152344,80.0936279296875,271.3092041015625,-0.9875008463859558,-0.15528807044029236,-0.02697492204606533
368659,-9.819380760192871,23.188562393188477,127.75665283203125,8.30078125,11.23046875,-13.73291015625,-158.26564025878906,80.22816467285156,270.6702575683594,-0.9850211143493652,-0.1720733493566513,-0.011136271059513092
368893,-9.86798095703125,23.324127197265625,127.50816345214844,11.04736328125,10.25390625,-7.99560546875,-157.78448486328125,80.25151062011719,270.7348937988281,-0.9774332046508789,-0.20593340694904327,-0.047070495784282684
369190,-10.205179214477539,23.261240005493164,127.16950225830078,0.79345703125,6.34765625,-7.568359375,-156.46401977539062,80.34349060058594,271.95928955078125,-0.9870151281356812,-0.1534927487373352,-0.04734001308679581
369378,-10.255106925964355,23.152578353881836,127.02811431884766,8.1787109375,0.3662109375,0.30517578125,-155.08836364746094,80.42644500732422,273.38079833984375,-0.9829676747322083,-0.17393635213375092,-0.05933454632759094
369612,-10.312216758728027,23.166913986206055,126.96176147460938,6.89697265625,2.50244140625,0.30517578125,-154.21734619140625,80.48368072509766,274.2095031738281,-0.983674168586731,-0.16551922261714935,-0.07062949985265732
369862,-10.539523124694824,23.252307891845703,126.81385803222656,2.99072265625,3.41796875,0.42724609375,-152.19451904296875,80.59876251220703,276.1886901855469,-0.9849373698234558,-0.13865797221660614,-0.10330675542354584
370222,-10.69626522064209,23.295995712280273,126.73163604736328,1.89208984375,3.47900390625,-0.06103515625,-150.99169921875,80.61248779296875,277.3766174316406,-0.9844444990158081,-0.12984710931777954,-0.11835832893848419
370456,-11.002765655517578,23.372543334960938,126.58032989501953,2.25830078125,2.74658203125,0.67138671875,-149.24331665039062,80.61732482910156,279.0436706542969,-0.9875516295433044,-0.07861760258674622,-0.136238694190979
370644,-11.198892593383789,23.42664337158203,126.49119567871094,1.77001953125,3.47900390625,0.48828125,-150.4334716796875,80.55785369873047,277.80255126953125,-0.9859061241149902,-0.08131926506757736,-0.14620676636695862
370815,-11.533243179321289,23.50218391418457,126.32656860351562,1.52587890625,3.2958984375,0.1220703125,-152.1383819580078,80.69477081298828,276.02435302734375,-0.9892300367355347,-0.07634353637695312,-0.12488219887018204
371050,-11.813583374023438,23.565820693969727,126.20094299316406,0.9765625,3.47900390625,0.54931640625,-153.05987548828125,80.74129486083984,274.9952697753906,-0.9906467199325562,-0.10241445899009705,-0.09016794711351395
371300,-11.981308937072754,23.602083206176758,126.1301498413086,0.91552734375,3.90625,1.0986328125,-153.71484375,80.75526428222656,274.2430725097656,-0.9875615239143372,-0.14063376188278198,-0.07031688094139099
371722,-12.163328170776367,23.635936737060547,126.0525894165039,0.1220703125,4.2724609375,0.8544921875,-154.04885864257812,80.74706268310547,273.8153076171875,-0.9827855229377747,-0.1740598976612091,-0.06193321943283081
372018,-12.542952537536621,23.58799171447754,125.88789367675781,-6.16455078125,6.28662109375,-2.0751953125,-154.11131286621094,80.76927947998047,273.71881103515625,-0.9836957454681396,-0.17776186764240265,-0.027264827862381935
372190,-12.322162628173828,23.423370361328125,125.9134292602539,1.28173828125,3.60107421875,-0.48828125,-153.31634521484375,80.84590148925781,274.38702392578125,-0.9807170033454895,-0.19413019716739655,-0.022528689354658127
372378,-12.158541679382324,23.316909790039062,125.95916748046875,1.52587890625,2.9296875,0.1220703125,-152.43072509765625,80.89290618896484,275.251953125,-0.980252742767334,-0.1938764601945877,-0.038942527025938034
372623,-11.894274711608887,23.191946029663086,126.02684783935547,2.38037109375,2.99072265625,0.30517578125,-150.9908447265625,81.00160217285156,276.7036437988281,-0.9799368977546692,-0.1912509649991989,-0.05609549954533577
372803,-11.777969360351562,23.105710983276367,126.0489501953125,1.52587890625,2.74658203125,-0.67138671875,-149.8970184326172,81.05016326904297,277.8301696777344,-0.9782515168190002,-0.1941366195678711,-0.07304149866104126
373044,-11.697532653808594,23.011104583740234,126.05699920654297,-1.15966796875,3.173828125,-1.0986328125,-148.03309631347656,81.08927917480469,279.8027648925781,-0.991605818271637,-0.10545460879802704,-0.0748157724738121
373223,-11.42940902709961,23.01082992553711,126.15290832519531,1.8310546875,3.11279296875,1.03759765625,-146.1143798828125,81.06250762939453,281.718994140625,-0.9823009371757507,-0.13028085231781006,-0.13457976281642914
373404,-11.111434936523438,22.95115852355957,126.27449798583984,3.84521484375,2.9296875,2.3193359375,-145.06558227539062,80.94233703613281,282.7248840332031,-0.9787304997444153,-0.09556788951158524,-0.18153096735477448
373584,-11.159456253051758,22.88850975036621,126.25850677490234,2.86865234375,3.2958984375,2.197265625,-145.1109161376953,80.9246597290039,282.6836853027344,-0.9730390906333923,-0.10012362152338028,-0.20777443051338196
373883,-11.268006324768066,22.83723258972168,126.21265411376953,3.96728515625,3.41796875,1.40380859375,-145.71095275878906,80.88538360595703,282.04412841796875,-0.9639526009559631,-0.10146868973970413,-0.24596674740314484
374063,-11.391392707824707,22.844987869262695,126.14860534667969,3.7841796875,3.35693359375,1.15966796875,-146.34068298339844,80.77938842773438,281.3242492675781,-0.9650353193283081,-0.09106146544218063,-0.245793879032135
374303,-11.510204315185547,22.86152458190918,126.0837631225586,4.45556640625,2.685546875,1.0986328125,-146.95497131347656,80.64940643310547,280.6141357421875,-0.9606983065605164,-0.09164437651634216,-0.26203057169914246
374483,-11.812891960144043,22.89250373840332,125.93953704833984,0.244140625,3.60107421875,0.0,-148.60337829589844,80.26644897460938,278.86041259765625,-0.9670200347900391,-0.10056058317422867,-0.23400816321372986
374831,-11.997138023376465,22.900651931762695,125.85338592529297,0.54931640625,2.74658203125,-0.48828125,-149.4766082763672,79.97073364257812,277.9315490722656,-0.9799911379814148,-0.0607105977833271,-0.18955595791339874
375019,-12.290647506713867,22.95692253112793,125.71455383300781,-0.6103515625,2.25830078125,-0.48828125,-151.23431396484375,79.76812744140625,276.0832824707031,-0.9908011555671692,-0.041854675859212875,-0.12869109213352203
375316,-12.314871788024902,23.102758407592773,125.69953918457031,-0.42724609375,2.01416015625,-0.54931640625,-151.81971740722656,79.7569808959961,275.46600341796875,-0.9943583607673645,-0.02297236956655979,-0.10355420410633087
375503,-12.42595386505127,23.706504821777344,125.6267318725586,-13.916015625,28.86962890625,-2.99072265625,-154.3389892578125,80.0354232788086,272.90692138671875,-0.9912879467010498,-0.030074909329414368,-0.12823277711868286
375675,-12.734508514404297,23.79454231262207,124.6435775756836,-1.5869140625,-14.892578125,-18.61572265625,-152.73764038085938,79.90567779541016,273.7197265625,-0.969749391078949,0.11113511025905609,-0.21733635663986206
375862,-12.449694633483887,23.61568260192871,124.58612060546875,28.9306640625,2.62451171875,8.85009765625,-151.1398468017578,79.93392944335938,275.2671813964844,-0.9977869391441345,-0.02978656068444252,-0.05944744125008583
376159,-11.975506782531738,23.75290298461914,124.87654113769531,16.845703125,8.7890625,9.46044921875,-154.24859619140625,80.3089599609375,272.0483093261719,-0.981482982635498,0.0277705155313015,-0.18952547013759613
376331,-12.058480262756348,23.84988784790039,124.81932067871094,-0.3662109375,7.50732421875,0.18310546875,-157.72061157226562,80.54902648925781,268.4496765136719,-0.9848644137382507,-0.008155744522809982,-0.17313480377197266
376519,-12.215557098388672,23.781665802001953,124.74686431884766,-4.2724609375,2.50244140625,-1.3427734375,-160.11343383789062,80.55976867675781,266.1531066894531,-0.9802201390266418,-0.046871233731508255,-0.19227993488311768
376691,-12.249807357788086,23.641468048095703,124.7282943725586,-1.46484375,3.23486328125,-0.3662109375,-160.42092895507812,80.04833221435547,265.7754211425781,-0.9820810556411743,-0.10061825811862946,-0.15935124456882477
376878,-12.174161911010742,23.580211639404297,124.75477600097656,-2.685546875,1.77001953125,-1.77001953125,-160.01876831054688,79.7112045288086,266.04571533203125,-0.998946487903595,-0.03590443730354309,-0.02858182229101658
377050,-12.356480598449707,23.498476028442383,124.43073272705078,-5.7373046875,1.03759765625,-40.4052734375,-160.2200469970703,79.5840072631836,265.4408264160156,-0.9980159997940063,0.012636281549930573,-0.06168006733059883
377237,-12.220900535583496,23.45256233215332,123.96521759033203,13.00048828125,2.5634765625,-24.7802734375,-160.5913848876953,79.66360473632812,264.60833740234375,-0.9970548152923584,-0.041111934930086136,0.06474225223064423
377472,-11.96197509765625,23.517593383789062,123.83032989501953,3.41796875,0.42724609375,-6.04248046875,-161.27784729003906,79.76203155517578,263.6130676269531,-0.9974285960197449,-0.06771118193864822,0.023484336212277412
377659,-11.77187728881836,23.5964298248291,123.80740356445312,3.41796875,2.38037109375,-6.7138671875,-161.43170166015625,79.82708740234375,263.30218505859375,-0.9963847398757935,-0.08424068242311478,0.01099842507392168
377894,-11.567817687988281,23.675960540771484,123.8050765991211,3.173828125,1.220703125,-0.18310546875,-161.4639129638672,79.9030532836914,263.12872314453125,-0.9960492849349976,-0.08021464943885803,0.03809891641139984
378072,-11.251727104187012,23.874282836914062,123.942138671875,0.732421875,0.244140625,2.5634765625,-161.34959411621094,79.97640228271484,263.2347412109375,-0.9964035153388977,-0.0802173987030983,0.02730037458240986
378322,-11.077399253845215,24.009428024291992,124.01020050048828,1.64794921875,3.5400390625,-0.42724609375,-161.52316284179688,80.0451889038086,263.0122375488281,-0.9971086382865906,-0.06640974432229996,0.03693440556526184
378494,-10.715967178344727,24.255998611450195,124.03456115722656,5.92041015625,4.33349609375,-6.65283203125,-162.15869140625,80.21134185791016,262.0401916503906,-0.992139458656311,-0.12245064228773117,0.025791769847273827
378684,-10.556159019470215,24.385618209838867,123.84947204589844,8.97216796875,4.69970703125,-20.08056640625,-162.27601623535156,80.31420135498047,261.6268310546875,-0.9889906048774719,-0.14781467616558075,-0.006958807818591595
378984,-10.200141906738281,24.580947875976562,123.26589965820312,15.44189453125,6.4697265625,-16.66259765625,-162.3396453857422,80.58075714111328,260.93389892578125,-0.9775581955909729,-0.20036761462688446,0.06506054103374481
379224,-9.956563949584961,24.704315185546875,123.42989349365234,-3.5400390625,4.94384765625,17.02880859375,-162.0843963623047,80.66165161132812,261.2981262207031,-0.97920161485672,-0.20285342633724213,0.0038296810816973448
379404,-9.85028076171875,24.96225929260254,124.47313690185547,-55.6640625,5.55419921875,55.908203125,-160.65740966796875,80.66758728027344,263.6695251464844,-0.9923886060714722,-0.10930303484201431,0.05672534927725792
379584,-9.289155960083008,25.345788955688477,125.82881927490234,38.4521484375,-5.31005859375,55.72509765625,-160.3843536376953,80.79048919677734,264.8752746582031,-0.9919509887695312,-0.06877785176038742,-0.10631506145000458
379764,-8.99459171295166,25.1995849609375,125.82689666748047,8.72802734375,2.01416015625,2.44140625,-159.3518829345703,81.12628173828125,265.7068786621094,-0.9954106211662292,-0.09294316917657852,-0.022788377478718758
380004,-8.999627113342285,25.116207122802734,125.81647491455078,5.31005859375,2.8076171875,2.5634765625,-158.136962890625,81.3756332397461,266.9151306152344,-0.9958086609840393,-0.038000643253326416,-0.083193838596344
380184,-9.07285213470459,25.06296730041504,125.77887725830078,4.0283203125,4.0283203125,2.44140625,-158.00811767578125,81.66542053222656,267.05621337890625,-0.9866581559181213,-0.013589347712695599,-0.1622377336025238
380364,-9.19063949584961,25.02655601501465,125.73346710205078,2.0751953125,3.662109375,1.89208984375,-158.90176391601562,81.78085327148438,266.232421875,-0.976913332939148,-0.042216695845127106,-0.2094232738018036
380544,-9.345165252685547,24.95096778869629,125.6502685546875,3.11279296875,3.2958984375,1.40380859375,-160.83546447753906,81.70553588867188,264.2105712890625,-0.973863422870636,-0.06845427304506302,-0.216573104262352
380722,-9.463616371154785,24.918428421020508,125.58683013916016,2.25830078125,3.23486328125,0.6103515625,-161.23117065429688,81.520751953125,263.7386169433594,-0.9706999063491821,-0.08674847334623337,-0.22409027814865112
380957,-9.61212158203125,24.86998176574707,125.50638580322266,1.8310546875,1.52587890625,-0.42724609375,-161.3246612548828,81.22400665283203,263.5729675292969,-0.9814321398735046,-0.03186468034982681,-0.18914392590522766
381191,-9.82023811340332,24.823362350463867,125.40138244628906,1.220703125,1.89208984375,0.06103515625,-162.4747314453125,80.97757720947266,262.3486633300781,-0.9876931309700012,-0.007359140086919069,-0.15623092651367188
381379,-9.99563217163086,24.776235580444336,125.32940673828125,-3.60107421875,-1.52587890625,-1.15966796875,-161.70481872558594,80.8729019165039,263.1434020996094,-0.9734578728675842,-0.0824701264500618,-0.21349121630191803
381551,-10.614160537719727,24.88458251953125,124.9686050415039,-19.22607421875,28.1982421875,4.45556640625,-163.4752655029297,80.81795501708984,261.27581787109375,-0.9979201555252075,0.005183687433600426,-0.06425361335277557
381800,-10.51517391204834,25.364377975463867,125.17548370361328,7.080078125,5.859375,-10.92529296875,-169.8392333984375,80.62671661376953,254.94091796875,-0.9662537574768066,0.09417034685611725,-0.2397618591785431
381972,-10.180724143981934,24.99323844909668,125.38172912597656,16.845703125,-1.3427734375,4.8828125,-171.27871704101562,80.68875122070312,253.2957000732422,-0.9855894446372986,-0.1636662781238556,-0.042742397636175156
382222,-10.099739074707031,24.872650146484375,125.38257598876953,1.953125,2.74658203125,-0.9765625,-170.99505615234375,80.70610046386719,253.49830627441406,-0.9819734692573547,-0.1845788061618805,-0.04072809964418411
382582,-10.026769638061523,24.730321884155273,125.3957290649414,1.64794921875,3.0517578125,0.42724609375,-170.2722625732422,80.74620056152344,254.18826293945312,-0.98233562707901,-0.18196700513362885,-0.043643463402986526
382764,-9.9514741897583,24.58131217956543,125.4113540649414,1.708984375,2.86865234375,0.42724609375,-169.42347717285156,80.79207611083984,254.99688720703125,-0.985736608505249,-0.16279534995555878,-0.04267102852463722
383004,-9.829527854919434,24.295066833496094,125.44224548339844,1.28173828125,3.173828125,0.67138671875,-167.92515563964844,80.89592742919922,256.41162109375,-0.9850937128067017,-0.1637440323829651,-0.05270884931087494
383183,-9.781386375427246,24.188989639282227,125.45550537109375,1.46484375,3.2958984375,0.732421875,-167.39659118652344,80.93161010742188,256.8990173339844,-0.9853435158729553,-0.16206622123718262,-0.053222931921482086
383363,-9.724005699157715,24.045608520507812,125.47154998779297,1.46484375,3.35693359375,0.8544921875,-166.72267150878906,80.97465515136719,257.5160827636719,-0.9849177002906799,-0.16419284045696259,-0.054571378976106644
383543,-9.66944694519043,23.901723861694336,125.485107421875,1.46484375,3.173828125,0.732421875,-166.0624542236328,81.01600646972656,258.11737060546875,-0.98470139503479,-0.165792778134346,-0.05362827703356743
383784,-9.628026008605957,23.757898330688477,125.49327087402344,1.46484375,3.2958984375,0.48828125,-165.3804473876953,81.052978515625,258.742431640625,-0.9847097992897034,-0.16493679583072662,-0.056056950241327286
383963,-9.600996017456055,23.65084457397461,125.49828338623047,1.28173828125,3.5400390625,0.79345703125,-164.8959197998047,81.07847595214844,259.1846618652344,-0.9843120574951172,-0.167007178068161,-0.056907039135694504
384144,-9.56739616394043,23.544658660888672,125.50508117675781,1.52587890625,3.5400390625,0.732421875,-164.41302490234375,81.10240173339844,259.6258239746094,-0.9840388894081116,-0.16900059580802917,-0.055734239518642426
384324,-9.51088809967041,23.363948822021484,125.5180892944336,1.28173828125,3.173828125,0.48828125,-163.5673370361328,81.13795471191406,260.3975524902344,-0.9834797978401184,-0.17302070558071136,-0.05320954695343971
384504,-9.47924518585205,23.252798080444336,125.52485656738281,1.28173828125,3.0517578125,0.67138671875,-163.02215576171875,81.1565170288086,260.89813232421875,-0.9834352135658264,-0.1731046736240387,-0.05375921353697777
384737,-9.43782901763916,23.106542587280273,125.5328140258789,1.52587890625,3.2958984375,0.79345703125,-162.26763916015625,81.18138122558594,261.5945739746094,-0.9832323789596558,-0.1738993376493454,-0.05489035323262215
385034,-9.410848617553711,22.993906021118164,125.5374755859375,1.52587890625,3.0517578125,0.6103515625,-161.70030212402344,81.19882202148438,262.1191101074219,-0.9835922718048096,-0.1723290979862213,-0.05337415263056755
385222,-9.404305458068848,22.879140853881836,125.53508758544922,1.3427734375,2.9296875,0.79345703125,-161.1077117919922,81.21269226074219,262.6697692871094,-0.9841524362564087,-0.16867421567440033,-0.054708387702703476
385393,-9.38494873046875,22.694541931152344,125.53275299072266,1.46484375,3.173828125,0.67138671875,-160.15431213378906,81.239013671875,263.55523681640625,-0.984163224697113,-0.16906531155109406,-0.053288429975509644
385643,-9.335016250610352,22.47241973876953,125.54185485839844,1.52587890625,3.11279296875,0.79345703125,-158.99310302734375,81.27647399902344,264.6369323730469,-0.984865665435791,-0.1652202308177948,-0.05236357823014259
385815,-9.332122802734375,22.361408233642578,125.53901672363281,1.64794921875,3.173828125,0.91552734375,-158.4342498779297,81.29822540283203,265.1566467285156,-0.9842151999473572,-0.16770146787166595,-0.05653798580169678
386003,-9.294482231140137,22.258522033691406,125.54975891113281,1.40380859375,3.35693359375,0.8544921875,-157.8668212890625,81.31787109375,265.68353271484375,-0.9846066236495972,-0.16577927768230438,-0.055379629135131836
386300,-9.323460578918457,22.129518508911133,125.52890014648438,1.8310546875,3.35693359375,0.732421875,-156.9076690673828,81.36005401611328,266.5735168457031,-0.9842742681503296,-0.1669132262468338,-0.057828206568956375
386534,-9.366222381591797,22.12550926208496,125.51002502441406,0.30517578125,3.41796875,0.732421875,-156.05288696289062,81.39944458007812,267.4280090332031,-0.9854039549827576,-0.16431331634521484,-0.04449904337525368
386722,-9.25207233428955,22.198036193847656,125.53852844238281,-0.18310546875,1.46484375,-15.5029296875,-154.09165954589844,81.47444152832031,269.3753967285156,-0.9901451468467712,-0.08512560278177261,0.11120321601629257
387081,-9.230701446533203,22.158538818359375,125.30963134765625,-2.99072265625,-6.40869140625,-13.3056640625,-154.90306091308594,81.20683288574219,268.3489685058594,-0.9884299635887146,-0.12297864258289337,-0.0887833684682846
387253,-8.972834587097168,22.307649612426758,125.32637023925781,30.2734375,-4.33349609375,-2.25830078125,-154.03713989257812,81.1290054321289,269.0097961425781,-0.9768126010894775,-0.20010295510292053,0.07613087445497513
387440,-8.788690567016602,22.384897232055664,125.39301300048828,13.12255859375,3.35693359375,6.34765625,-152.54257202148438,81.48943328857422,270.5139465332031,-0.9880387187004089,-0.0801527202129364,-0.13173849880695343
387612,-9.066306114196777,22.555084228515625,125.24644470214844,2.13623046875,3.662109375,0.0,-151.78988647460938,81.46275329589844,271.11517333984375,-0.9770715236663818,-0.052373144775629044,-0.20636941492557526
387862,-9.2687406539917,22.654197692871094,125.1507339477539,1.52587890625,3.662109375,0.6103515625,-152.90171813964844,81.33086395263672,269.94677734375,-0.9751114249229431,-0.06667428463697433,-0.21145273745059967
388097,-9.427602767944336,22.724281311035156,125.0855941772461,0.9765625,3.35693359375,0.732421875,-153.93359375,81.11553192138672,268.86566162109375,-0.9737065434455872,-0.0952979251742363,-0.20691561698913574
388284,-9.763388633728027,22.821807861328125,124.97246551513672,-20.69091796875,8.23974609375,-4.45556640625,-153.71856689453125,80.75450134277344,269.35302734375,-0.9684168100357056,-0.17195643484592438,-0.18055425584316254
388456,-9.943856239318848,23.422096252441406,126.8642807006836,2.3193359375,-3.5400390625,132.6904296875,-156.85064697265625,80.72119140625,268.332763671875,-0.9965739846229553,-0.00044584451825357974,-0.08270415663719177
388643,-9.140630722045898,23.665103912353516,127.92613983154297,25.7568359375,6.53076171875,26.2451171875,-161.76055908203125,80.91654205322266,263.8151550292969,-0.9925025105476379,0.0020347977988421917,-0.12220755964517593
388878,-9.481633186340332,23.485471725463867,128.08364868164062,-32.04345703125,4.150390625,14.58740234375,-161.66641235351562,80.82627868652344,264.04827880859375,-0.9224755167961121,-0.38371142745018005,-0.04247857630252838
389112,-9.570040702819824,23.63697052001953,128.0579376220703,7.62939453125,12.20703125,0.42724609375,-161.979248046875,80.77133178710938,263.70526123046875,-0.939276933670044,-0.3298186957836151,-0.09475588798522949
389362,-9.395992279052734,23.86796760559082,127.96942138671875,15.80810546875,25.32958984375,3.7841796875,-160.91600036621094,80.66413116455078,264.81610107421875,-0.9503794312477112,-0.2755195200443268,-0.14445768296718597
389659,-9.313523292541504,23.670005798339844,127.94398498535156,19.83642578125,-16.4794921875,2.5634765625,-160.05723571777344,80.63098907470703,265.70477294921875,-0.9580431580543518,-0.2820604741573334,-0.05094226077198982
389894,-9.344173431396484,23.299089431762695,127.86614227294922,-10.498046875,-1.77001953125,-2.3193359375,-159.01620483398438,80.50279998779297,266.52227783203125,-0.9235879778862,-0.3545767366886139,-0.14581063389778137
390190,-10.179058074951172,23.063316345214844,127.6345443725586,-47.05810546875,-8.9111328125,-14.892578125,-158.136962890625,80.4027099609375,267.2372131347656,-0.9375457167625427,-0.3271365463733673,-0.11827792227268219
390440,-10.567821502685547,22.934772491455078,127.49752044677734,2.25830078125,3.23486328125,3.60107421875,-156.3693084716797,80.2005386352539,268.84991455078125,-0.9280784726142883,-0.3386216163635254,-0.15493817627429962
390612,-10.81545352935791,22.936437606811523,127.40816497802734,0.30517578125,7.38525390625,2.3193359375,-155.59666442871094,80.0965805053711,269.6770935058594,-0.947464108467102,-0.30317428708076477,-0.10196710377931595
390800,-10.927210807800293,23.105356216430664,127.73503875732422,-5.4931640625,-24.96337890625,23.3154296875,-153.93959045410156,79.91799926757812,271.71185302734375,-0.9530545473098755,-0.27428022027015686,-0.12828654050827026
391034,-11.050308227539062,22.643720626831055,127.87232208251953,-18.85986328125,-18.00537109375,-0.91552734375,-153.2059326171875,79.83721923828125,272.46124267578125,-0.9538534879684448,-0.27365046739578247,-0.12360744178295135
391222,-10.859688758850098,22.58906364440918,127.90966033935547,5.7373046875,8.9111328125,-1.28173828125,-152.79690551757812,79.81047821044922,272.7207336425781,-0.9444994330406189,-0.3174978494644165,-0.08435587584972382
391394,-10.760865211486816,22.567956924438477,127.88290405273438,13.7939453125,13.36669921875,-1.15966796875,-152.20286560058594,79.76461029052734,273.2885437011719,-0.9485138654708862,-0.30723679065704346,-0.07698631286621094
391581,-10.869134902954102,22.708284378051758,127.91089630126953,-4.08935546875,2.5634765625,10.55908203125,-151.07960510253906,79.69820404052734,274.55255126953125,-0.9544485211372375,-0.2900656759738922,-0.06992869824171066
391753,-10.803962707519531,22.659683227539062,128.15480041503906,-2.9296875,-3.11279296875,14.22119140625,-150.54595947265625,79.67049407958984,275.2336120605469,-0.959277331829071,-0.27621540427207947,-0.059095025062561035
392050,-10.707609176635742,22.484434127807617,128.27247619628906,-8.23974609375,3.90625,-0.42724609375,-149.8696746826172,79.61470794677734,275.865478515625,-0.9488921761512756,-0.3072877824306488,-0.07195675373077393
392237,-10.619962692260742,22.256258010864258,128.45819091796875,-4.638671875,-13.671875,15.2587890625,-149.3609619140625,79.58638763427734,276.3856201171875,-0.9452778697013855,-0.31880664825439453,-0.06936830282211304
392425,-10.540342330932617,22.170347213745117,128.53173828125,1.708984375,1.89208984375,0.3662109375,-148.89283752441406,79.55535125732422,276.6827392578125,-0.9508918523788452,-0.30082759261131287,-0.07285203039646149
392659,-10.261404037475586,22.390457153320312,128.50291442871094,2.99072265625,12.6953125,13.61083984375,-147.60305786132812,79.49018859863281,277.9842529296875,-0.9511239528656006,-0.2890881597995758,-0.10858725011348724
393018,-10.238505363464355,22.387916564941406,128.7298126220703,-12.02392578125,-1.953125,11.65771484375,-146.9033966064453,79.46266174316406,278.8626708984375,-0.9639344215393066,-0.2596144676208496,-0.05857155844569206
393190,-9.907295227050781,22.232173919677734,129.35025024414062,-6.8359375,-7.87353515625,11.41357421875,-146.0749053955078,79.4323959350586,279.935791015625,-0.967093288898468,-0.2538394033908844,-0.017211491242051125
393378,-9.719278335571289,22.089391708374023,129.265869140625,14.16015625,6.53076171875,-7.6904296875,-145.523681640625,79.43159484863281,280.2744140625,-0.9547175168991089,-0.2902970016002655,-0.0651322603225708
393675,-9.943329811096191,21.938217163085938,129.16600036621094,2.50244140625,1.15966796875,0.67138671875,-144.3555908203125,79.36445617675781,281.27984619140625,-0.9568554759025574,-0.2835038900375366,-0.06366319954395294
393862,-10.093710899353027,21.87317657470703,129.08541870117188,1.52587890625,2.86865234375,0.244140625,-143.6917266845703,79.31977081298828,281.8371276855469,-0.9555037021636963,-0.2891121506690979,-0.05853923782706261
394034,-10.098843574523926,21.77643585205078,129.0740203857422,1.40380859375,3.7841796875,0.3662109375,-143.2064208984375,79.28411865234375,282.27911376953125,-0.9587848782539368,-0.2796206474304199,-0.050437141209840775
394222,-10.259180068969727,21.971437454223633,128.73756408691406,-3.84521484375,27.7099609375,-26.123046875,-142.17007446289062,79.20661163330078,282.9913024902344,-0.9613209962844849,-0.2690696120262146,-0.058851514011621475
394456,-10.298345565795898,21.965274810791016,128.28895568847656,8.72802734375,4.21142578125,-26.85546875,-141.8160858154297,79.17879486083984,282.91912841796875,-0.9544873833656311,-0.2889207601547241,-0.07401806861162186
394643,-10.437248229980469,21.980802536010742,127.76013946533203,2.197265625,11.23046875,-14.58740234375,-141.42996215820312,79.10778045654297,282.8804016113281,-0.9434555768966675,-0.3046773076057434,-0.1306268274784088
395055,-10.314048767089844,21.851545333862305,127.54476928710938,11.23046875,11.77978515625,-10.7421875,-140.91529846191406,79.03026580810547,283.140380859375,-0.953636109828949,-0.2904808521270752,-0.07873403280973434
395243,-10.225921630859375,21.59044075012207,127.55545806884766,1.5869140625,-13.85498046875,8.36181640625,-140.4026336669922,78.92473602294922,283.5066223144531,-0.9385750889778137,-0.33477914333343506,-0.08366494625806808
395415,-10.030488967895508,21.3877010345459,127.63990783691406,-7.32421875,7.01904296875,-6.89697265625,-139.6120147705078,78.7650146484375,284.1712646484375,-0.9420621991157532,-0.32328587770462036,-0.0894702598452568
395602,-9.53945255279541,21.20339012145996,127.84874725341797,6.7138671875,0.67138671875,2.3193359375,-138.53997802734375,78.62682342529297,285.1352844238281,-0.949408769607544,-0.30004507303237915,-0.09271523356437683
395899,-9.53439712524414,21.292272567749023,127.82920837402344,2.0751953125,11.3525390625,-0.8544921875,-138.1767578125,78.55487060546875,285.4185791015625,-0.9429294466972351,-0.31570127606391907,-0.10590960085391998
396196,-9.44912338256836,21.451379776000977,127.66693878173828,2.01416015625,3.84521484375,-5.18798828125,-137.5972900390625,78.48395538330078,285.8260192871094,-0.9480212330818176,-0.2983589172363281,-0.11062473803758621
396431,-9.488113403320312,21.328136444091797,127.34529876708984,1.40380859375,8.7890625,-20.20263671875,-137.15151977539062,78.38497161865234,285.83782958984375,-0.9392060041427612,-0.32536226511001587,-0.1096874251961708
396745,-9.40687370300293,21.159605026245117,127.36463165283203,1.953125,2.01416015625,1.64794921875,-136.51312255859375,78.21051788330078,286.3175354003906,-0.9440991878509521,-0.3096425533294678,-0.11312943696975708
396985,-9.502951622009277,21.297632217407227,127.31324768066406,-0.1220703125,3.5400390625,-1.0986328125,-135.85723876953125,78.05035400390625,286.88140869140625,-0.9383814334869385,-0.32119497656822205,-0.12757018208503723
397165,-9.318856239318848,21.448915481567383,127.32818603515625,-1.03759765625,10.43701171875,-3.90625,-135.2464141845703,77.88766479492188,287.3705139160156,-0.9366183876991272,-0.33090898394584656,-0.11508837342262268
397345,-9.196819305419922,21.370452880859375,127.29043579101562,6.7138671875,3.662109375,-4.69970703125,-134.7052764892578,77.75703430175781,287.7520446777344,-0.933178186416626,-0.34184911847114563,-0.11098536103963852
397525,-9.016106605529785,21.245471954345703,127.2275619506836,4.7607421875,-2.685546875,2.0751953125,-134.08401489257812,77.60003662109375,288.1923828125,-0.9325941205024719,-0.33180543780326843,-0.1420326679944992
397706,-8.802555084228516,21.21635627746582,127.30773162841797,1.220703125,5.55419921875,0.67138671875,-133.7444305419922,77.49309539794922,288.42864990234375,-0.9389225840568542,-0.30827441811561584,-0.15294234454631805
398005,-8.873044967651367,21.374183654785156,127.01514434814453,-1.46484375,13.36669921875,-8.056640625,-133.2005615234375,77.35576629638672,288.770751953125,-0.9246044754981995,-0.3489547371864319,-0.15276490151882172
398185,-8.69541072845459,21.26272201538086,127.02420043945312,17.08984375,0.06103515625,2.197265625,-132.79151916503906,77.23644256591797,289.1255798339844,-0.937897264957428,-0.3100012540817261,-0.15571822226047516
398365,-8.675929069519043,21.06968879699707,127.02191162109375,4.8828125,-9.94873046875,2.5634765625,-132.4755401611328,77.11408996582031,289.3870544433594,-0.933997631072998,-0.33066326379776,-0.13531500101089478
398545,-8.747847557067871,21.09233856201172,126.97457122802734,2.685546875,3.90625,0.67138671875,-132.02333068847656,76.8569107055664,289.6707763671875,-0.9301185607910156,-0.3262196481227875,-0.16870146989822388
398722,-8.952085494995117,21.189983367919922,126.88829803466797,2.197265625,2.44140625,0.9765625,-131.7894287109375,76.6874771118164,289.83355712890625,-0.9352226853370667,-0.3146030902862549,-0.16242964565753937
398894,-9.113747596740723,21.29433822631836,126.82490539550781,-0.91552734375,6.4697265625,0.3662109375,-131.61532592773438,76.54959106445312,289.9727783203125,-0.9303409457206726,-0.3226885199546814,-0.17417778074741364
399081,-9.35735034942627,21.422740936279297,126.78295135498047,-9.1552734375,10.1318359375,6.591796875,-131.49057006835938,76.415771484375,290.1087646484375,-0.9365445375442505,-0.3242395222187042,-0.13324086368083954
399253,-9.41011905670166,21.381216049194336,126.8673095703125,4.150390625,9.09423828125,1.8310546875,-131.21824645996094,76.25016021728516,290.4076232910156,-0.9299571514129639,-0.34477606415748596,-0.12770786881446838
399440,-9.34699821472168,21.290794372558594,126.9006576538086,0.8544921875,3.0517578125,1.28173828125,-130.77716064453125,76.12513732910156,290.8309020996094,-0.9266246557235718,-0.34101608395576477,-0.15835027396678925
399612,-9.315799713134766,21.201295852661133,126.89752197265625,5.18798828125,5.31005859375,3.2958984375,-130.00071716308594,75.90874481201172,291.66192626953125,-0.9336926937103271,-0.32202064990997314,-0.15659090876579285
399862,-9.185395240783691,21.095788955688477,126.88086700439453,9.58251953125,-10.31494140625,-1.89208984375,-129.2189178466797,75.68800354003906,292.4124755859375,-0.9341243505477905,-0.3000645041465759,-0.19332122802734375
400034,-9.243432998657227,21.221694946289062,126.78577423095703,7.38525390625,4.7607421875,1.220703125,-128.7696533203125,75.53494262695312,292.97686767578125,-0.9392212629318237,-0.2719602882862091,-0.20952582359313965
400284,-9.397168159484863,21.308881759643555,126.6771240234375,6.65283203125,4.82177734375,1.3427734375,-129.02284240722656,75.37376403808594,292.72930908203125,-0.940991222858429,-0.2831164300441742,-0.18542049825191498
400581,-9.708343505859375,21.325021743774414,126.59838104248047,-3.35693359375,2.197265625,2.50244140625,-129.8267364501953,75.16909790039062,291.8041687011719,-0.9456331729888916,-0.27244412899017334,-0.1776287704706192
400753,-10.042427062988281,21.464832305908203,126.69878387451172,-14.09912109375,8.544921875,23.98681640625,-130.18807983398438,74.98736572265625,291.35748291015625,-0.9467382431030273,-0.276055246591568,-0.16577129065990448
401003,-9.992976188659668,21.672815322875977,127.06475830078125,-1.89208984375,11.23046875,41.8701171875,-130.28919982910156,75.02437591552734,291.52508544921875,-0.9763576984405518,-0.18852078914642334,-0.10576166212558746
401237,-9.646047592163086,21.69420051574707,127.40421295166016,19.8974609375,-10.55908203125,3.0517578125,-130.44467163085938,74.9778823852539,291.3023681640625,-0.9293026328086853,-0.3364489674568176,-0.15231135487556458
401425,-9.608086585998535,21.706844329833984,127.4928207397461,-8.30078125,-2.5634765625,-0.91552734375,-130.12313842773438,74.94792938232422,291.7095947265625,-0.9615184664726257,-0.2664375901222229,-0.06703212112188339
401597,-9.557025909423828,21.793188095092773,127.47734069824219,4.150390625,2.197265625,0.1220703125,-129.38623046875,74.92646789550781,292.297607421875,-0.9523721933364868,-0.29215627908706665,-0.0873604565858841
401784,-9.750515937805176,21.962261199951172,127.42394256591797,-5.859375,13.18359375,3.173828125,-128.9061737060547,74.89912414550781,292.880615234375,-0.9562469720840454,-0.2859770655632019,-0.06171650439500809
401956,-9.543380737304688,21.967517852783203,127.63125610351562,-8.9111328125,-29.72412109375,-1.220703125,-128.4210205078125,74.86621856689453,293.4019470214844,-0.9401370882987976,-0.2922305166721344,-0.17533831298351288
402191,-9.56927490234375,21.880807876586914,127.58427429199219,9.765625,-1.220703125,1.46484375,-127.99111938476562,74.85317993164062,293.6891784667969,-0.9511935710906982,-0.2863408923149109,-0.11506373435258865
402503,-9.68336009979248,21.886396408081055,127.51506042480469,3.35693359375,2.13623046875,-0.06103515625,-127.40421295166016,74.79308319091797,294.2090148925781,-0.9567839503288269,-0.27153581380844116,-0.10408081859350204
402737,-9.880657196044922,21.955827713012695,127.42975616455078,1.953125,3.41796875,1.3427734375,-126.6384048461914,74.74609375,294.90625,-0.9625880122184753,-0.24088610708713531,-0.12408921867609024
402925,-10.089123725891113,21.971481323242188,127.3362045288086,1.77001953125,1.64794921875,-0.48828125,-126.07131958007812,74.74494934082031,295.4349670410156,-0.967372477054596,-0.2257283478975296,-0.11505334824323654
403091,-10.377774238586426,22.111618041992188,127.19159698486328,2.01416015625,2.74658203125,0.3662109375,-125.29793548583984,74.782958984375,296.1050720214844,-0.9671204090118408,-0.2250983864068985,-0.11835934221744537
403341,-10.607552528381348,22.246864318847656,127.08334350585938,1.89208984375,3.35693359375,0.6103515625,-124.76791381835938,74.81033325195312,296.5401916503906,-0.9633972644805908,-0.23798206448554993,-0.1234113797545433
403512,-10.754373550415039,22.33176040649414,127.01806640625,1.46484375,3.23486328125,0.54931640625,-124.45391845703125,74.82267761230469,296.79400634765625,-0.9648913741111755,-0.23112459480762482,-0.12476425617933273
403700,-10.900077819824219,22.429203033447266,126.95672607421875,1.953125,3.96728515625,1.46484375,-124.19812774658203,74.86772918701172,296.98291015625,-0.9652343988418579,-0.22862695157527924,-0.12669743597507477
403934,-11.151066780090332,22.463014602661133,126.85258483886719,0.54931640625,2.74658203125,0.30517578125,-123.62176513671875,74.83114624023438,297.4664611816406,-0.9618563055992126,-0.24043390154838562,-0.1304764300584793
404185,-11.297761917114258,22.491172790527344,126.78075408935547,3.23486328125,1.8310546875,0.18310546875,-123.19642639160156,74.83871459960938,297.85662841796875,-0.9647610783576965,-0.22669444978237152,-0.1335877925157547
404419,-11.541526794433594,22.575063705444336,126.67119598388672,1.64794921875,2.44140625,0.42724609375,-122.81755065917969,74.79515838623047,298.17108154296875,-0.9620575904846191,-0.2317938506603241,-0.14393362402915955
404591,-11.689437866210938,22.631322860717773,126.60472106933594,2.01416015625,3.41796875,1.03759765625,-122.89593505859375,74.76619720458984,298.0605773925781,-0.9603495597839355,-0.23498041927814484,-0.15004342794418335
404785,-11.936808586120605,22.79396629333496,126.50000762939453,0.9765625,3.23486328125,0.48828125,-123.2246322631836,74.57637023925781,297.73284912109375,-0.9594889283180237,-0.2370375692844391,-0.1522960364818573
404965,-12.037379264831543,22.878047943115234,126.45353698730469,0.91552734375,4.2724609375,0.732421875,-123.37403869628906,74.3829345703125,297.55804443359375,-0.9610060453414917,-0.2326207011938095,-0.14951632916927338
405145,-12.191411972045898,22.838823318481445,126.38172149658203,2.13623046875,3.47900390625,0.8544921875,-123.72933959960938,74.2470932006836,297.1474609375,-0.9583117961883545,-0.23921877145767212,-0.15624649822711945
405325,-12.331893920898438,22.83434295654297,126.31490325927734,1.52587890625,2.99072265625,0.54931640625,-124.07061767578125,74.20922088623047,296.77301025390625,-0.9627887606620789,-0.22297915816307068,-0.15270261466503143
405625,-12.48047924041748,22.826284408569336,126.24781036376953,1.46484375,3.60107421875,0.67138671875,-124.37796783447266,74.11888122558594,296.44140625,-0.960533857345581,-0.2297578752040863,-0.15679988265037537
405805,-12.61870288848877,22.754730224609375,126.1814956665039,1.220703125,3.35693359375,0.54931640625,-124.47467041015625,73.9649658203125,296.28955078125,-0.9606171250343323,-0.23076343536376953,-0.15479931235313416
405986,-12.75798225402832,22.74070930480957,126.1189193725586,1.5869140625,3.2958984375,0.6103515625,-124.55199432373047,73.82906341552734,296.17620849609375,-0.9585210084915161,-0.2356921136379242,-0.16027063131332397
406226,-12.812037467956543,22.652973175048828,126.0775375366211,1.40380859375,3.23486328125,0.54931640625,-124.4129867553711,73.80213165283203,296.2217102050781,-0.9604969024658203,-0.2313126027584076,-0.15472614765167236
406525,-12.860949516296387,22.65062713623047,126.05049133300781,1.28173828125,3.2958984375,0.54931640625,-124.26567840576172,73.73772430419922,296.3302307128906,-0.959661602973938,-0.23329252004623413,-0.15692055225372314
406878,-12.707319259643555,22.65536117553711,126.09674835205078,1.28173828125,3.23486328125,0.54931640625,-124.1692886352539,73.78056335449219,296.3670654296875,-0.9611293077468872,-0.2307715266942978,-0.15157465636730194
407050,-12.76919174194336,22.529861450195312,126.05682373046875,1.40380859375,3.23486328125,0.54931640625,-123.86127471923828,73.80831909179688,296.5879211425781,-0.960059404373169,-0.23368294537067413,-0.1538771092891693
407237,-12.6986665725708,22.52580451965332,126.06684112548828,0.9765625,3.35693359375,0.48828125,-123.5067367553711,73.86028289794922,296.8569641113281,-0.9607926607131958,-0.23270224034786224,-0.15075473487377167
407425,-12.568699836730957,22.464317321777344,126.09368133544922,1.46484375,3.0517578125,0.54931640625,-123.07015991210938,73.89971160888672,297.180908203125,-0.961076557636261,-0.23283259570598602,-0.14873091876506805
407597,-12.64950942993164,22.576183319091797,126.05209350585938,1.5869140625,3.173828125,0.67138671875,-123.24870300292969,73.87671661376953,296.96636962890625,-0.9604331851005554,-0.23290087282657623,-0.15272580087184906
407831,-12.65904426574707,22.625595092773438,126.03739929199219,1.708984375,3.11279296875,0.6103515625,-123.34264373779297,73.83915710449219,296.8318176269531,-0.9587599635124207,-0.2384338080883026,-0.15468886494636536
408081,-12.580198287963867,22.59796905517578,126.05492401123047,1.5869140625,3.41796875,0.67138671875,-123.19048309326172,73.79810333251953,296.9154052734375,-0.9582523703575134,-0.24133141338825226,-0.15333476662635803
408316,-12.688644409179688,22.528730392456055,126.004150390625,1.52587890625,3.173828125,0.8544921875,-123.1874771118164,73.7231216430664,296.87872314453125,-0.9579601287841797,-0.24113303422927856,-0.15545791387557983
408566,-12.821022987365723,22.558032989501953,125.93631744384766,1.220703125,3.35693359375,0.67138671875,-123.26188659667969,73.68186950683594,296.7301025390625,-0.9574710726737976,-0.24695870280265808,-0.14919926226139069
408737,-12.687376022338867,22.6242618560791,125.97937774658203,1.03759765625,2.9296875,0.48828125,-123.294189453125,73.65995788574219,296.6469421386719,-0.9588784575462341,-0.24297967553138733,-0.14667311310768127
408925,-12.413331031799316,22.614179611206055,126.06509399414062,0.9765625,4.57763671875,0.42724609375,-123.0409164428711,73.64324951171875,296.73333740234375,-0.9606004953384399,-0.2436201572418213,-0.13377569615840912
409097,-12.284191131591797,22.55487632751465,126.09632873535156,0.79345703125,5.2490234375,0.79345703125,-122.944091796875,73.70719146728516,296.7073669433594,-0.9596928954124451,-0.2556696832180023,-0.11671615391969681
409284,-12.140438079833984,22.48317527770996,126.13204193115234,1.8310546875,1.64794921875,0.18310546875,-122.72251892089844,73.75267791748047,296.8440246582031,-0.9636467695236206,-0.24350975453853607,-0.10994548350572586
409519,-12.07036304473877,22.466812133789062,126.14659118652344,1.953125,2.5634765625,0.54931640625,-122.5411376953125,73.80107116699219,296.9485168457031,-0.964448869228363,-0.24218647181987762,-0.10575515776872635
409753,-12.08613395690918,22.370525360107422,126.11878204345703,2.13623046875,2.9296875,0.42724609375,-122.40272521972656,73.87136840820312,296.9327697753906,-0.9510921835899353,-0.2905384600162506,-0.10493326932191849
410003,-12.243057250976562,22.397127151489258,126.04523468017578,2.86865234375,1.220703125,0.67138671875,-122.1074447631836,73.88153839111328,297.1380310058594,-0.9554271101951599,-0.27810049057006836,-0.09909191727638245
410243,-12.398534774780273,22.529071807861328,125.97721862792969,2.685546875,2.5634765625,1.03759765625,-121.64273071289062,73.85595703125,297.5148620605469,-0.9541921615600586,-0.28013965487480164,-0.10506727546453476
410415,-12.642433166503906,22.7028751373291,125.86437225341797,0.30517578125,3.72314453125,-0.1220703125,-121.06867218017578,73.82989501953125,297.9947509765625,-0.9579542875289917,-0.2708090543746948,-0.09479507803916931
410606,-12.834399223327637,22.751014709472656,125.77507019042969,1.64794921875,2.62451171875,0.54931640625,-120.66444396972656,73.82798767089844,298.3238525390625,-0.9545845985412598,-0.27955350279808044,-0.10304361581802368
410785,-12.980953216552734,22.869131088256836,125.70506286621094,0.8544921875,3.96728515625,0.54931640625,-120.2983169555664,73.82127380371094,298.61151123046875,-0.9548166990280151,-0.27891233563423157,-0.102631114423275
410965,-12.976099967956543,22.78664779663086,125.6971664428711,1.220703125,3.7841796875,0.48828125,-120.0096206665039,73.81702423095703,298.8470764160156,-0.9553614854812622,-0.277543842792511,-0.10126116126775742
411145,-12.9540433883667,22.72753143310547,125.69031524658203,1.52587890625,2.8076171875,0.42724609375,-119.56102752685547,73.80095672607422,299.2213439941406,-0.9562133550643921,-0.275255411863327,-0.0994509756565094
411325,-12.9493989944458,22.833303451538086,125.68077850341797,2.50244140625,3.11279296875,0.79345703125,-119.20588684082031,73.78085327148438,299.51336669921875,-0.9552344083786011,-0.2759830355644226,-0.10658655315637589
411566,-13.13271713256836,22.822507858276367,125.59614562988281,1.40380859375,2.9296875,0.54931640625,-118.76219940185547,73.74555206298828,299.8876953125,-0.9554945826530457,-0.2740565836429596,-0.10919255018234253
411805,-13.285017013549805,22.903989791870117,125.5270767211914,1.3427734375,3.23486328125,0.732421875,-118.44532775878906,73.69767761230469,300.15185546875,-0.9550283551216125,-0.27486008405685425,-0.11123299598693848
412106,-13.297553062438965,22.896867752075195,125.50940704345703,1.52587890625,3.662109375,0.48828125,-118.15937805175781,73.65763854980469,300.37908935546875,-0.9562379121780396,-0.27033939957618713,-0.1119178980588913
412286,-13.195048332214355,22.855039596557617,125.52538299560547,2.0751953125,3.0517578125,1.15966796875,-117.75711059570312,73.64599609375,300.69451904296875,-0.9588659405708313,-0.2672680616378784,-0.09562363475561142
412525,-13.265397071838379,23.176279067993164,125.3673324584961,6.4697265625,31.6162109375,-9.1552734375,-117.82589721679688,73.62285614013672,300.5888671875,-0.9625890851020813,-0.2328844517469406,-0.13851773738861084
412753,-13.397735595703125,22.892492294311523,125.37325286865234,12.3291015625,-9.27734375,4.7607421875,-117.45288848876953,73.61386108398438,300.7812194824219,-0.9524816274642944,-0.2810075879096985,-0.11753169447183609
412941,-13.163359642028809,22.742212295532227,125.47512817382812,1.40380859375,-1.3427734375,2.13623046875,-117.21479034423828,73.58565521240234,301.03521728515625,-0.9658824801445007,-0.22600002586841583,-0.12647143006324768
413175,-12.973058700561523,22.687034606933594,125.52457427978516,3.173828125,-0.42724609375,0.3662109375,-116.97493743896484,73.63645935058594,301.222412109375,-0.9604654312133789,-0.2690611779689789,-0.07150040566921234
413363,-12.88496208190918,22.863344192504883,125.71784973144531,0.48828125,14.2822265625,-1.89208984375,-117.31562042236328,73.70824432373047,300.9427185058594,-0.9700189828872681,-0.24189125001430511,-0.023487990722060204
413597,-12.778838157653809,22.877243041992188,125.71878051757812,2.8076171875,3.47900390625,0.9765625,-117.04742431640625,73.755126953125,301.0714416503906,-0.9515395760536194,-0.2864709794521332,-0.1118340939283371
413831,-12.770665168762207,22.78439712524414,125.7059555053711,1.708984375,2.86865234375,0.79345703125,-116.71659851074219,73.77584838867188,301.3569030761719,-0.9576535820960999,-0.27551233768463135,-0.08362271636724472
414019,-12.69584846496582,22.68535804748535,125.72190856933594,1.220703125,3.47900390625,0.3662109375,-116.43846893310547,73.79463195800781,301.5947570800781,-0.9573478102684021,-0.27690988779067993,-0.08249906450510025
414191,-12.603670120239258,22.553955078125,125.73989868164062,1.89208984375,3.47900390625,0.8544921875,-116.06229400634766,73.82721710205078,301.8865051269531,-0.9564321637153625,-0.28012359142303467,-0.08226988464593887
414378,-12.62278938293457,22.368114471435547,125.7170181274414,1.28173828125,2.74658203125,0.18310546875,-115.5559310913086,73.81809997558594,302.2848815917969,-0.9574581384658813,-0.2765006124973297,-0.08259108662605286
414613,-12.669257164001465,22.277427673339844,125.68943786621094,1.220703125,3.11279296875,0.48828125,-115.26165771484375,73.8199462890625,302.5293273925781,-0.9587045907974243,-0.27270615100860596,-0.0807267427444458
414800,-12.715384483337402,22.18250846862793,125.65853118896484,1.3427734375,3.2958984375,0.54931640625,-114.885009765625,73.8160400390625,302.83697509765625,-0.9580872654914856,-0.2747271955013275,-0.08120192587375641
414972,-12.66137981414795,22.090791702270508,125.66818237304688,1.15966796875,3.35693359375,0.42724609375,-114.57772827148438,73.80750274658203,303.08673095703125,-0.9581166505813599,-0.2750602662563324,-0.07971377670764923
415159,-12.662032127380371,22.076019287109375,125.65316009521484,1.28173828125,3.84521484375,0.79345703125,-114.06559753417969,73.84306335449219,303.5102233886719,-0.9577503800392151,-0.2774198353290558,-0.07584483176469803
415331,-12.764581680297852,22.03043556213379,125.608154296875,1.0986328125,2.8076171875,0.732421875,-113.75568389892578,73.86405181884766,303.7787780761719,-0.9579280614852905,-0.2731638550758362,-0.08806333690881729
415519,-12.685680389404297,22.107526779174805,125.62334442138672,1.5869140625,3.0517578125,0.54931640625,-113.29288482666016,73.87435150146484,304.1741027832031,-0.9602822065353394,-0.26636528968811035,-0.0831117257475853
415753,-12.688736915588379,22.06729507446289,125.61170959472656,1.64794921875,3.0517578125,0.67138671875,-112.97998046875,73.89763641357422,304.4317321777344,-0.9602132439613342,-0.2646971046924591,-0.08902797102928162
415941,-12.774832725524902,22.10503578186035,125.56510925292969,1.5869140625,3.173828125,0.732421875,-112.5560073852539,73.91368865966797,304.7838439941406,-0.9595317244529724,-0.2662643790245056,-0.09166283160448074
416113,-12.810729026794434,22.076135635375977,125.54216766357422,1.46484375,2.99072265625,0.54931640625,-112.2431411743164,73.93193817138672,305.04449462890625,-0.9605246782302856,-0.26469647884368896,-0.08560549467802048
416425,-12.854844093322754,22.15488052368164,125.51093292236328,1.52587890625,3.11279296875,0.54931640625,-111.80377197265625,73.90320587158203,305.419189453125,-0.9602274298667908,-0.26227161288261414,-0.09579551219940186
416597,-12.814413070678711,22.202659606933594,125.50965118408203,1.28173828125,3.47900390625,0.3662109375,-111.43424224853516,73.96221923828125,305.71923828125,-0.9625158905982971,-0.2551664113998413,-0.09194110333919525
416784,-12.853936195373535,22.223766326904297,125.48331451416016,1.28173828125,3.35693359375,0.54931640625,-111.19122314453125,74.02716827392578,305.90753173828125,-0.9621850848197937,-0.25668612122535706,-0.09117070585489273
417144,-12.869207382202148,22.172548294067383,125.45970153808594,1.03759765625,3.41796875,0.54931640625,-110.71372985839844,74.08769226074219,306.2911682128906,-0.9631718993186951,-0.253340482711792,-0.09010317176580429
417316,-12.80184555053711,22.12848472595215,125.47488403320312,1.46484375,3.23486328125,0.6103515625,-110.49417877197266,74.16380310058594,306.4549255371094,-0.9628212451934814,-0.25476959347724915,-0.08982031792402267
417566,-12.71242618560791,22.157426834106445,125.49481964111328,1.0986328125,3.23486328125,0.3662109375,-110.18677520751953,74.23893737792969,306.6971130371094,-0.9640703797340393,-0.25153300166130066,-0.08543757349252701
417800,-12.469388008117676,22.144800186157227,125.56719970703125,1.220703125,3.35693359375,0.48828125,-109.7862319946289,74.41397094726562,307.0020751953125,-0.9645881056785583,-0.2504989206790924,-0.08258337527513504
418034,-12.430937767028809,22.117786407470703,125.56743621826172,1.52587890625,3.0517578125,0.6103515625,-109.49415588378906,74.5388412475586,307.2341003417969,-0.9646073579788208,-0.2493705451488495,-0.08571365475654602
418222,-12.566332817077637,22.060771942138672,125.50406646728516,1.46484375,3.2958984375,0.6103515625,-109.19788360595703,74.6669692993164,307.4688720703125,-0.9647657871246338,-0.2495846003293991,-0.08327452093362808
418394,-12.459705352783203,22.077648162841797,125.52729034423828,1.5869140625,3.60107421875,0.67138671875,-109.04922485351562,74.80097198486328,307.5382080078125,-0.9645026326179504,-0.2508662939071655,-0.08246676623821259
418691,-12.476984977722168,22.050552368164062,125.50895690917969,0.8544921875,3.47900390625,0.30517578125,-109.20345306396484,74.74665832519531,307.35107421875,-0.9647958278656006,-0.24847188591957092,-0.08620209991931915
418941,-12.341228485107422,22.09807586669922,125.54704284667969,1.708984375,3.72314453125,0.91552734375,-109.59960174560547,74.96672821044922,306.9256286621094,-0.968312680721283,-0.23514799773693085,-0.08411798626184464
419175,-12.267601013183594,22.142847061157227,125.57019805908203,1.52587890625,4.150390625,1.15966796875,-109.9825668334961,75.0206298828125,306.5137023925781,-0.9652869701385498,-0.24525518715381622,-0.08983882516622543
419363,-12.258139610290527,22.073776245117188,125.54814147949219,0.18310546875,2.9296875,-0.1220703125,-110.98139190673828,75.13041687011719,305.58782958984375,-0.974941611289978,-0.19737495481967926,-0.10262542963027954
419534,-12.055315017700195,22.10871696472168,125.61888122558594,1.89208984375,2.9296875,1.03759765625,-111.48674011230469,75.23304748535156,305.08575439453125,-0.9672390222549438,-0.22212789952754974,-0.12291474640369415
419784,-12.06764030456543,22.292278289794922,125.61090850830078,1.0986328125,3.11279296875,0.91552734375,-112.4327621459961,75.3380355834961,304.1642150878906,-0.9673867225646973,-0.20972242951393127,-0.14205455780029297
419956,-11.999711036682129,22.21596908569336,125.62967681884766,0.30517578125,3.5400390625,0.18310546875,-113.06453704833984,75.39082336425781,303.52850341796875,-0.9704490303993225,-0.2037823349237442,-0.12923365831375122
420135,-11.931622505187988,22.153446197509766,125.64482879638672,1.5869140625,3.72314453125,0.91552734375,-114.01162719726562,75.47077178955078,302.5715637207031,-0.9719440340995789,-0.19840003550052643,-0.12634190917015076
420322,-11.777604103088379,22.094318389892578,125.69071960449219,1.64794921875,3.662109375,0.48828125,-114.99746704101562,75.54234313964844,301.55035400390625,-0.9725026488304138,-0.19543001055717468,-0.12667201459407806
420494,-11.765104293823242,22.04317283630371,125.68920135498047,1.0986328125,3.5400390625,0.67138671875,-115.7193374633789,75.64369201660156,300.80517578125,-0.9747781753540039,-0.18987630307674408,-0.11728005856275558
420686,-11.599329948425293,21.95722198486328,125.7400894165039,1.5869140625,3.23486328125,0.67138671875,-116.7131118774414,75.75574493408203,299.7732849121094,-0.9706961512565613,-0.2059161514043808,-0.12388548254966736
420866,-11.671371459960938,21.87883949279785,125.70458221435547,1.708984375,3.173828125,0.732421875,-117.44324493408203,75.81779479980469,299.0237121582031,-0.9707324504852295,-0.20455360412597656,-0.12584233283996582
421046,-11.78763484954834,21.962671279907227,125.6470718383789,1.3427734375,3.11279296875,0.48828125,-118.40018463134766,75.91632080078125,298.0396728515625,-0.9715518355369568,-0.20203888416290283,-0.12356097251176834
421226,-11.76124382019043,21.895112991333008,125.64925384521484,1.52587890625,3.2958984375,0.79345703125,-119.12415313720703,75.95125579833984,297.3015441894531,-0.9693675637245178,-0.208166241645813,-0.1303582638502121
421466,-11.709970474243164,21.948333740234375,125.65776824951172,1.28173828125,3.23486328125,0.67138671875,-120.08385467529297,75.97308349609375,296.3128967285156,-0.9690241813659668,-0.2083653062582016,-0.13257436454296112
421649,-11.746651649475098,21.915632247924805,125.63663482666016,1.15966796875,3.35693359375,0.54931640625,-120.83094024658203,76.02951049804688,295.5489501953125,-0.9715221524238586,-0.19929271936416626,-0.12816789746284485
421886,-11.687095642089844,21.912199020385742,125.65168762207031,1.5869140625,3.35693359375,0.732421875,-121.45243072509766,76.0652084350586,294.904052734375,-0.9697157740592957,-0.20754815638065338,-0.12874452769756317
422126,-11.667508125305176,21.939088821411133,125.64598083496094,1.40380859375,3.41796875,0.67138671875,-121.6115493774414,76.1474838256836,294.678466796875,-0.9708636999130249,-0.2048896849155426,-0.12427342683076859
422366,-11.588815689086914,21.881671905517578,125.66389465332031,1.40380859375,3.35693359375,0.54931640625,-121.60419464111328,76.17894744873047,294.6330261230469,-0.9720534682273865,-0.20054270327091217,-0.12204353511333466
422546,-11.585785865783691,21.83877182006836,125.65242004394531,1.64794921875,3.2958984375,0.67138671875,-121.4486083984375,76.24598693847656,294.7282409667969,-0.970909059047699,-0.2054099291563034,-0.12305443733930588
422784,-11.630524635314941,21.88780975341797,125.62184143066406,1.5869140625,3.173828125,0.54931640625,-121.21720123291016,76.14938354492188,294.8928527832031,-0.9708958864212036,-0.20644110441207886,-0.12142185866832733
423144,-11.751029014587402,21.939455032348633,125.55719757080078,1.77001953125,3.60107421875,0.48828125,-121.48802947998047,76.11885070800781,294.566650390625,-0.9699892997741699,-0.2077864557504654,-0.12627574801445007
423441,-11.699262619018555,21.92031478881836,125.56303405761719,1.220703125,2.8076171875,0.06103515625,-121.7098617553711,76.126953125,294.3238830566406,-0.9737282991409302,-0.19372043013572693,-0.11968941986560822
423612,-11.67875862121582,21.943140029907227,125.55166625976562,1.8310546875,3.84521484375,0.6103515625,-122.05126190185547,76.17207336425781,293.8703918457031,-0.9666467905044556,-0.22260357439517975,-0.12665581703186035
423800,-11.718268394470215,21.917001724243164,125.5032958984375,0.732421875,5.55419921875,0.732421875,-121.70096588134766,75.91004180908203,294.11566162109375,-0.966910719871521,-0.21876996755599976,-0.13123810291290283
424034,-11.769159317016602,21.7547664642334,125.49819946289062,2.44140625,-0.244140625,0.1220703125,-121.75689697265625,75.74503326416016,294.0195617675781,-0.9681965112686157,-0.2164807766675949,-0.12542518973350525
424284,-11.937405586242676,21.8609561920166,125.39270782470703,1.77001953125,2.685546875,-0.244140625,-121.61225891113281,75.5877685546875,294.07769775390625,-0.9669210314750671,-0.21999429166316986,-0.12909844517707825
424457,-12.044692039489746,21.989782333374023,125.41240692138672,1.46484375,2.5634765625,0.48828125,-121.50707244873047,75.44412231445312,294.1484069824219,-0.9650202393531799,-0.22557049989700317,-0.13361819088459015
424644,-12.212976455688477,22.160614013671875,125.33631896972656,1.40380859375,2.86865234375,0.9765625,-121.64143371582031,75.60993194580078,293.9606628417969,-0.9689285159111023,-0.21056409180164337,-0.1297703981399536
424816,-12.337079048156738,22.33130645751953,125.28120422363281,0.8544921875,3.23486328125,0.6103515625,-121.37973022460938,75.46329498291016,294.15008544921875,-0.9680449962615967,-0.2146148830652237,-0.12972809374332428
425055,-12.270787239074707,22.35544204711914,125.2970962524414,1.52587890625,3.41796875,0.54931640625,-121.4151382446289,75.58128356933594,294.07281494140625,-0.9687679409980774,-0.21355462074279785,-0.12602831423282623
425243,-12.301863670349121,22.34543800354004,125.27537536621094,1.40380859375,3.0517578125,1.0986328125,-121.18181610107422,75.61744689941406,294.2395324707031,-0.9681981801986694,-0.21503575146198273,-0.1278752237558365
425415,-12.198838233947754,22.378055572509766,125.30901336669922,1.220703125,3.60107421875,0.8544921875,-121.0933837890625,75.72763061523438,294.2823791503906,-0.969597339630127,-0.21068325638771057,-0.12447290867567062
425602,-12.218765258789062,22.326072692871094,125.288818359375,1.28173828125,3.173828125,0.79345703125,-120.724609375,75.73808288574219,294.56646728515625,-0.9702851176261902,-0.20918114483356476,-0.12161416560411453
425836,-12.224188804626465,22.2947940826416,125.27832794189453,1.40380859375,3.11279296875,0.732421875,-120.39872741699219,75.72954559326172,294.8449401855469,-0.9685438871383667,-0.21669360995292664,-0.12233860790729523
426024,-12.182479858398438,22.33281898498535,125.28324127197266,1.708984375,3.11279296875,0.8544921875,-120.2645492553711,75.79132843017578,294.9151306152344,-0.969220757484436,-0.21373358368873596,-0.12218476831912994
426258,-12.135993003845215,22.398557662963867,125.2921371459961,1.40380859375,3.11279296875,0.6103515625,-119.97047424316406,75.77320861816406,295.1553649902344,-0.9693276286125183,-0.21314682066440582,-0.12236206233501434
426493,-12.185235023498535,22.457813262939453,125.25823974609375,1.46484375,3.173828125,0.48828125,-120.30778503417969,75.92158508300781,294.7639465332031,-0.9698009490966797,-0.2119535356760025,-0.12067253142595291
426686,-12.244457244873047,22.379592895507812,125.22721099853516,1.46484375,3.2958984375,0.732421875,-120.35530853271484,75.8548583984375,294.6813659667969,-0.9677662253379822,-0.21850468218326569,-0.12523610889911652
427046,-12.193227767944336,22.36665916442871,125.23046112060547,1.40380859375,3.0517578125,0.48828125,-120.1858139038086,75.67272186279297,294.7809143066406,-0.9688964486122131,-0.21399454772472382,-0.12428190559148788
427285,-12.060708045959473,22.48174285888672,125.27688598632812,1.220703125,3.5400390625,1.03759765625,-120.52508544921875,75.7772445678711,294.3934631347656,-0.9700740575790405,-0.20856532454490662,-0.12432551383972168
427525,-12.03657054901123,22.522266387939453,125.27799987792969,1.3427734375,4.21142578125,0.732421875,-120.3714828491211,75.71749877929688,294.47637939453125,-0.9676582217216492,-0.22261635959148407,-0.11865703016519547
427706,-11.970429420471191,22.374469757080078,125.27751922607422,1.03759765625,4.33349609375,0.3662109375,-120.11611938476562,75.78852844238281,294.5660095214844,-0.969488799571991,-0.226413294672966,-0.09396032243967056
427946,-11.885398864746094,22.282413482666016,125.29704284667969,2.5634765625,3.23486328125,1.3427734375,-120.04511260986328,75.86005401611328,294.4508056640625,-0.9634987115859985,-0.25857242941856384,-0.06935853511095047
428126,-11.994234085083008,22.223587036132812,125.24560546875,1.52587890625,2.99072265625,0.54931640625,-119.94612884521484,75.84037017822266,294.47900390625,-0.9651312828063965,-0.2537255883216858,-0.0643816813826561
428305,-12.134098052978516,22.16445541381836,125.17738342285156,2.3193359375,2.0751953125,0.67138671875,-119.53678131103516,75.7842788696289,294.74346923828125,-0.9584333896636963,-0.2772080600261688,-0.06753578782081604
428546,-12.284031867980957,22.2222843170166,125.11212921142578,1.3427734375,3.47900390625,0.6103515625,-119.25048828125,75.75443267822266,294.9736022949219,-0.956346869468689,-0.28371068835258484,-0.07006378471851349
428725,-12.395418167114258,22.226844787597656,125.0525131225586,0.9765625,3.23486328125,0.3662109375,-118.80614471435547,75.70832061767578,295.3448791503906,-0.9595538377761841,-0.27289295196533203,-0.06918075680732727
429025,-12.50806713104248,22.198760986328125,124.99908447265625,1.3427734375,3.5400390625,0.54931640625,-118.49540710449219,75.67892456054688,295.60369873046875,-0.95753413438797,-0.2805742025375366,-0.06638266146183014
429206,-12.59870719909668,22.225257873535156,124.95321655273438,1.46484375,2.8076171875,0.54931640625,-118.06427764892578,75.64009857177734,295.9701843261719,-0.9581437110900879,-0.27903038263320923,-0.06405150890350342
429385,-12.84935188293457,22.23320960998535,124.83919525146484,1.3427734375,2.685546875,0.30517578125,-117.4872055053711,75.57616424560547,296.4684143066406,-0.9591890573501587,-0.2757623493671417,-0.06254281103610992
429565,-12.698694229125977,22.503602981567383,124.87834930419922,1.0986328125,3.41796875,0.18310546875,-116.8582534790039,75.50669860839844,297.0362854003906,-0.9614413976669312,-0.2680034339427948,-0.06168143078684807
429805,-12.723479270935059,22.484235763549805,124.85374450683594,1.46484375,3.662109375,0.244140625,-116.46281433105469,75.4829330444336,297.3872985839844,-0.9617003202438354,-0.26688677072525024,-0.06248065456748009
429986,-12.71345329284668,22.481632232666016,124.84561920166016,1.40380859375,3.2958984375,0.3662109375,-116.06716918945312,75.45783996582031,297.7373352050781,-0.9625321626663208,-0.2629437744617462,-0.06627427786588669
430165,-12.805035591125488,22.534313201904297,124.79753875732422,1.708984375,3.23486328125,0.8544921875,-115.552734375,75.43380737304688,298.1805114746094,-0.9614893198013306,-0.26450514793395996,-0.07466834783554077
430345,-12.8037748336792,22.52461051940918,124.78608703613281,1.28173828125,3.35693359375,0.67138671875,-115.08729553222656,75.39109802246094,298.5759582519531,-0.9616213440895081,-0.26383188366889954,-0.07534647732973099
430525,-12.755675315856934,22.59656524658203,124.79249572753906,1.5869140625,3.41796875,0.732421875,-114.63671875,75.3546371459961,298.952880859375,-0.9611903429031372,-0.26492130756378174,-0.0770050659775734
430706,-12.843464851379395,22.5201473236084,124.74921417236328,1.5869140625,2.9296875,0.54931640625,-114.2966079711914,75.31588745117188,299.2371826171875,-0.9615566730499268,-0.2642427682876587,-0.07472928613424301
430878,-12.99638843536377,22.544527053833008,124.68103790283203,1.46484375,3.23486328125,0.6103515625,-113.9647216796875,75.26296997070312,299.52203369140625,-0.9611172080039978,-0.2637611925601959,-0.08175403624773026
431065,-12.96887493133545,22.584861755371094,124.67845153808594,1.46484375,3.35693359375,0.732421875,-113.52532958984375,75.21582794189453,299.8965148925781,-0.9608736634254456,-0.26536136865615845,-0.07940511405467987
431237,-12.875,22.589902877807617,124.706298828125,1.52587890625,3.23486328125,0.732421875,-113.1986312866211,75.15974426269531,300.1751708984375,-0.9605478644371033,-0.2657826542854309,-0.08189884573221207
431472,-12.966894149780273,22.629287719726562,124.66017150878906,1.40380859375,3.2958984375,0.732421875,-112.7761459350586,75.07807159423828,300.53460693359375,-0.960304856300354,-0.26578375697135925,-0.08469769358634949
431659,-13.027114868164062,22.75760841369629,124.62727355957031,1.46484375,3.41796875,0.79345703125,-112.4724349975586,75.01350402832031,300.78509521484375,-0.9611194133758545,-0.2631451487541199,-0.08368995785713196
431893,-13.034177780151367,22.702136993408203,124.61418151855469,1.46484375,2.86865234375,0.67138671875,-112.18278503417969,74.93020629882812,301.0198059082031,-0.960481584072113,-0.264745831489563,-0.08593467622995377
432081,-13.136856079101562,22.662628173828125,124.558837890625,1.3427734375,3.5400390625,0.48828125,-111.73017120361328,74.80481719970703,301.3918151855469,-0.9601795673370361,-0.26606667041778564,-0.08522727340459824
432253,-13.06407356262207,22.718355178833008,124.5782699584961,1.15966796875,3.2958984375,0.67138671875,-111.46192169189453,74.73419189453125,301.6129455566406,-0.961240828037262,-0.26273277401924133,-0.08359135687351227
432503,-13.003341674804688,22.676603317260742,124.58479309082031,1.46484375,3.35693359375,0.48828125,-110.98662567138672,74.65489959716797,301.99908447265625,-0.960774838924408,-0.26476916670799255,-0.0825161337852478
432737,-12.963286399841309,22.62159538269043,124.5908203125,1.64794921875,3.2958984375,0.79345703125,-110.71267700195312,74.59033966064453,302.2200012207031,-0.960319459438324,-0.26559993624687195,-0.0851067304611206
432987,-13.02170467376709,22.692588806152344,124.55419158935547,1.46484375,3.2958984375,0.79345703125,-110.35487365722656,74.49822235107422,302.50762939453125,-0.9599448442459106,-0.2670963704586029,-0.0846482664346695
433284,-13.183667182922363,22.641578674316406,124.47904968261719,1.5869140625,3.173828125,0.6103515625,-109.99898529052734,74.39884185791016,302.7939758300781,-0.9602386951446533,-0.26614922285079956,-0.0842984989285469
433456,-13.055817604064941,22.69785499572754,124.51338195800781,1.46484375,3.2958984375,0.54931640625,-109.52999114990234,74.28899383544922,303.1808166503906,-0.9608369469642639,-0.26411065459251404,-0.08389396965503693
433706,-13.095118522644043,22.69634437561035,124.4860610961914,1.52587890625,3.0517578125,0.67138671875,-109.17528533935547,74.19120788574219,303.46746826171875,-0.9607949256896973,-0.2639021575450897,-0.08502187579870224
433878,-13.124534606933594,22.711393356323242,124.4571533203125,1.40380859375,3.11279296875,0.79345703125,-108.70858001708984,74.03300476074219,303.83917236328125,-0.960756242275238,-0.26346781849861145,-0.08678799867630005
434112,-13.111557960510254,22.71349334716797,124.45296478271484,1.28173828125,3.173828125,0.6103515625,-108.48887634277344,73.94930267333984,304.0122375488281,-0.9609537720680237,-0.2625569701194763,-0.08735943585634232
434362,-13.074543952941895,22.699153900146484,124.4517822265625,1.40380859375,3.47900390625,0.6103515625,-108.40432739257812,73.98843383789062,304.0235595703125,-0.9601321220397949,-0.26588642597198486,-0.08631744235754013
434597,-13.040213584899902,22.698856353759766,124.45633697509766,1.28173828125,3.47900390625,0.732421875,-108.20622253417969,73.92589569091797,304.17279052734375,-0.9608551263809204,-0.2640499770641327,-0.08387469500303268
434781,-13.029719352722168,22.708566665649414,124.44439697265625,1.46484375,3.47900390625,0.732421875,-107.89990234375,73.9955825805664,304.3988037109375,-0.9605283737182617,-0.2651464641094208,-0.08415830135345459
435015,-12.976278305053711,22.610506057739258,124.45340728759766,1.46484375,3.173828125,0.732421875,-107.8992691040039,73.98344421386719,304.3421630859375,-0.9608879685401917,-0.26370054483413696,-0.08459446579217911
435203,-13.011234283447266,22.637252807617188,124.42460632324219,1.28173828125,3.23486328125,0.79345703125,-107.83329010009766,73.94247436523438,304.34112548828125,-0.9608370661735535,-0.2639255225658417,-0.08447051048278809
435437,-12.946966171264648,22.71148109436035,124.44000244140625,1.46484375,3.47900390625,0.6103515625,-107.93356323242188,74.03934478759766,304.2063903808594,-0.9614990949630737,-0.2614131569862366,-0.08475038409233093
435671,-12.866055488586426,22.636877059936523,124.4531478881836,1.52587890625,3.23486328125,0.54931640625,-107.85806274414062,74.03426361083984,304.2075500488281,-0.9613556265830994,-0.262546569108963,-0.0828528106212616
435854,-12.986074447631836,22.628759384155273,124.39765930175781,1.40380859375,3.2958984375,0.67138671875,-108.06368255615234,74.00480651855469,303.9725646972656,-0.9600189328193665,-0.2648821771144867,-0.09056106954813004
436042,-13.074285507202148,22.7281436920166,124.34854125976562,1.5869140625,3.2958984375,0.79345703125,-108.12638092041016,73.94207000732422,303.8431091308594,-0.9608028531074524,-0.263503760099411,-0.0861615464091301
436213,-12.985797882080078,22.640512466430664,124.3695068359375,1.40380859375,3.173828125,0.54931640625,-107.98497772216797,73.8604507446289,303.92779541015625,-0.9602169394493103,-0.26604965329170227,-0.08485860377550125
436401,-13.020210266113281,22.575712203979492,124.3434829711914,1.5869140625,3.11279296875,0.67138671875,-108.0413818359375,73.89751434326172,303.8198547363281,-0.9602818489074707,-0.26543211936950684,-0.0860506072640419
436573,-12.933662414550781,22.631526947021484,124.36665344238281,1.52587890625,3.23486328125,0.79345703125,-108.16093444824219,73.87215423583984,303.6649475097656,-0.9601404666900635,-0.265718013048172,-0.08674314618110657
436766,-12.906702995300293,22.672069549560547,124.36854553222656,1.28173828125,3.173828125,0.54931640625,-108.40208435058594,73.94868469238281,303.3954162597656,-0.9606282711029053,-0.2637697756290436,-0.08728642016649246
436946,-12.99626350402832,22.66564178466797,124.32134246826172,1.3427734375,3.11279296875,0.732421875,-108.55020904541016,73.97478485107422,303.19775390625,-0.9603808522224426,-0.2641375958919525,-0.08888211846351624
437126,-12.91903018951416,22.71800994873047,124.342041015625,1.28173828125,3.41796875,0.6103515625,-108.63248443603516,73.93356323242188,303.0769958496094,-0.9609383344650269,-0.26235634088516235,-0.08812880516052246
437426,-12.959747314453125,22.623294830322266,124.31607055664062,1.3427734375,3.47900390625,0.54931640625,-108.48878479003906,73.89777374267578,303.1752624511719,-0.9608305096626282,-0.26329532265663147,-0.08648910373449326
437786,-12.880123138427734,22.547576904296875,124.33341979980469,1.46484375,3.0517578125,0.732421875,-108.23955535888672,73.85272216796875,303.36236572265625,-0.9579624533653259,-0.27257537841796875,-0.08950236439704895
437966,-12.810317993164062,22.66050910949707,124.37499237060547,-1.953125,5.06591796875,0.9765625,-108.5252914428711,73.7635269165039,303.1238708496094,-0.9542854428291321,-0.2773796021938324,-0.11135504394769669
438146,-12.519057273864746,22.804058074951172,124.42181396484375,4.7607421875,16.41845703125,2.44140625,-108.87114715576172,73.81084442138672,302.9235534667969,-0.950659453868866,-0.3038708567619324,-0.06252289563417435
438326,-12.614763259887695,22.63030242919922,124.6139907836914,-2.197265625,-4.45556640625,13.3056640625,-108.43499755859375,73.75178527832031,303.6351013183594,-0.9636903405189514,-0.2603243589401245,-0.059430960565805435
438506,-12.724842071533203,22.51082420349121,124.77626037597656,-10.498046875,3.0517578125,14.70947265625,-108.28707122802734,73.78844451904297,303.9522399902344,-0.9698846936225891,-0.2392973005771637,-0.0453922301530838
438746,-12.716780662536621,22.326269149780273,124.79560089111328,7.32421875,-1.953125,2.3193359375,-107.9474105834961,73.90023040771484,304.22589111328125,-0.961440920829773,-0.26275700330734253,-0.0811808705329895
438926,-12.826483726501465,22.28729820251465,124.74694061279297,0.79345703125,5.92041015625,0.67138671875,-107.7082290649414,73.95497131347656,304.4536437988281,-0.9695139527320862,-0.23931345343589783,-0.05264655500650406
439106,-12.79857063293457,22.172945022583008,124.75674438476562,-2.25830078125,4.8828125,-0.6103515625,-107.71803283691406,74.0762710571289,304.40447998046875,-0.9618206024169922,-0.2680385410785675,-0.05528669431805611
439346,-13.05950927734375,21.872711181640625,124.79521942138672,-9.09423828125,-1.64794921875,-0.79345703125,-107.8634033203125,74.32098388671875,304.097900390625,-0.9690654873847961,-0.23972690105438232,-0.05867692083120346
439526,-12.89147663116455,21.9533634185791,124.85337829589844,-0.244140625,1.52587890625,0.244140625,-107.96512603759766,74.3829574584961,303.9024353027344,-0.9555668234825134,-0.27676185965538025,-0.10146347433328629
439708,-12.750937461853027,22.122892379760742,124.9488754272461,-2.62451171875,8.23974609375,7.38525390625,-107.8066635131836,74.547119140625,303.9266662597656,-0.9673663377761841,-0.2465297132730484,-0.05852691829204559
439886,-12.448115348815918,22.1208553314209,125.01830291748047,4.8828125,0.8544921875,0.06103515625,-107.55485534667969,74.60948181152344,304.0552062988281,-0.9732487201690674,-0.2243303805589676,-0.04962640255689621
440126,-12.17582893371582,22.276418685913086,125.10667419433594,3.11279296875,1.0986328125,2.38037109375,-107.60861206054688,74.74049377441406,303.99761962890625,-0.9788050651550293,-0.18720707297325134,-0.0830305814743042
440306,-12.066274642944336,22.443246841430664,125.20819091796875,-0.18310546875,1.220703125,8.11767578125,-107.88896942138672,74.84748077392578,303.7998352050781,-0.97227543592453,-0.1984892189502716,-0.12362264841794968
440486,-11.951210975646973,22.66961097717285,125.23754119873047,1.03759765625,6.89697265625,0.0,-108.06295013427734,75.06697845458984,303.5735778808594,-0.9795297384262085,-0.19380046427249908,-0.05443160980939865
440659,-11.6383695602417,22.841400146484375,125.3212890625,1.220703125,5.06591796875,-0.18310546875,-108.05069732666016,75.382080078125,303.45556640625,-0.9763470888137817,-0.21112462878227234,-0.046611931174993515
440847,-11.541849136352539,22.798084259033203,125.34126281738281,3.35693359375,2.99072265625,0.8544921875,-108.05463409423828,75.57772064208984,303.3858337402344,-0.9777909517288208,-0.2000380903482437,-0.0625268742442131
441018,-11.474621772766113,22.893674850463867,125.35090637207031,2.8076171875,2.8076171875,1.15966796875,-108.2174072265625,75.81175231933594,303.1480712890625,-0.9778022766113281,-0.19384585320949554,-0.07953871786594391
441206,-11.450658798217773,22.878934860229492,125.3479995727539,1.52587890625,3.35693359375,0.732421875,-108.4383544921875,75.99227905273438,302.8885192871094,-0.977902352809906,-0.19584430754184723,-0.07315678894519806
441378,-11.360491752624512,22.92864418029785,125.3736572265625,1.46484375,3.5400390625,0.6103515625,-108.72472381591797,76.17850494384766,302.5627746582031,-0.9788458943367004,-0.18926505744457245,-0.07771464437246323
441612,-11.550061225891113,22.90671730041504,125.28816223144531,1.28173828125,3.11279296875,0.732421875,-109.17025756835938,76.42874145507812,302.0702209472656,-0.9808413982391357,-0.18051783740520477,-0.07323456555604935
441862,-11.556401252746582,22.86945915222168,125.27767181396484,1.40380859375,3.60107421875,0.6103515625,-109.5338363647461,76.62462615966797,301.6748046875,-0.9798797965049744,-0.18648438155651093,-0.07112705707550049
442034,-11.44581413269043,22.815580368041992,125.31065368652344,1.3427734375,3.35693359375,0.732421875,-109.99574279785156,76.8857650756836,301.17449951171875,-0.9800397753715515,-0.18488609790802002,-0.07306946814060211
442222,-11.443034172058105,22.830970764160156,125.30186462402344,1.15966796875,3.47900390625,0.48828125,-110.36256408691406,77.1451187133789,300.7660217285156,-0.9800189137458801,-0.18611137568950653,-0.0701809972524643
442456,-11.238591194152832,22.731321334838867,125.36701202392578,1.220703125,3.2958984375,0.67138671875,-110.67731475830078,77.45049285888672,300.3975524902344,-0.9799609780311584,-0.18701820075511932,-0.0685613751411438
442643,-11.115168571472168,22.73411750793457,125.40744018554688,0.9765625,3.23486328125,0.6103515625,-110.72245025634766,77.6117172241211,300.31646728515625,-0.9802938103675842,-0.18666572868824005,-0.06465183198451996
442815,-10.93917179107666,22.676965713500977,125.4635009765625,1.40380859375,3.2958984375,0.48828125,-110.7724838256836,77.82085418701172,300.2117614746094,-0.9812071323394775,-0.18373724818229675,-0.058934591710567474
443003,-10.914976119995117,22.633747100830078,125.4612045288086,1.3427734375,3.60107421875,0.54931640625,-110.63766479492188,78.00572967529297,300.27899169921875,-0.9803311824798584,-0.18822550773620605,-0.05934498459100723
443175,-10.94678783416748,22.55039405822754,125.44017028808594,1.64794921875,3.0517578125,0.54931640625,-110.46257781982422,78.13453674316406,300.40704345703125,-0.9808706641197205,-0.1856866031885147,-0.058423638343811035
443362,-11.012514114379883,22.546707153320312,125.40516662597656,1.46484375,3.2958984375,0.67138671875,-110.16988372802734,78.29630279541016,300.6427001953125,-0.9802287220954895,-0.18930375576019287,-0.05758288875222206
443534,-10.962841033935547,22.623638153076172,125.41635131835938,1.64794921875,3.2958984375,0.79345703125,-109.90933227539062,78.40739440917969,300.8631896972656,-0.9800235033035278,-0.18920713663101196,-0.061273910105228424
443784,-11.078124046325684,22.66535186767578,125.36138916015625,1.5869140625,3.173828125,0.79345703125,-109.4453125,78.42035675048828,301.26568603515625,-0.9786550402641296,-0.1949402242898941,-0.06505995243787766
443956,-11.097820281982422,22.73036766052246,125.34717559814453,1.3427734375,3.2958984375,0.8544921875,-109.05365753173828,78.42179870605469,301.6143493652344,-0.9794875979423523,-0.19147248566150665,-0.06278766691684723
444206,-11.173857688903809,22.700172424316406,125.31159210205078,1.46484375,3.173828125,0.79345703125,-108.8883285522461,78.34904479980469,301.7405700683594,-0.9778939485549927,-0.19887949526309967,-0.06457903236150742
444440,-11.143403053283691,22.729839324951172,125.3157958984375,1.40380859375,3.5400390625,0.9765625,-108.56912231445312,78.30758666992188,301.992919921875,-0.977337658405304,-0.2031531035900116,-0.0594974048435688
444612,-11.1686372756958,22.729040145874023,125.30213165283203,1.03759765625,3.23486328125,0.67138671875,-108.45848083496094,78.2235107421875,302.058837890625,-0.9752731919288635,-0.21435493230819702,-0.05379748344421387
444800,-11.037522315979004,22.666824340820312,125.33990478515625,1.46484375,3.0517578125,0.67138671875,-108.16246795654297,78.06932067871094,302.27972412109375,-0.9762162566184998,-0.20847967267036438,-0.05948013812303543
445097,-10.982635498046875,22.56551170349121,125.34864807128906,1.8310546875,3.23486328125,0.79345703125,-107.8642807006836,77.96260070800781,302.5169982910156,-0.9737124443054199,-0.22034570574760437,-0.05772099271416664
445347,-11.0424165725708,22.570402145385742,125.31254577636719,1.77001953125,3.23486328125,0.732421875,-107.54650115966797,77.84026336669922,302.7689208984375,-0.973122775554657,-0.22280050814151764,-0.05824146419763565
445581,-11.07320785522461,22.600933074951172,125.29319763183594,1.40380859375,3.662109375,0.732421875,-107.3234634399414,77.74765014648438,302.9477233886719,-0.9730940461158752,-0.22296343743801117,-0.05809694901108742
445753,-11.038166046142578,22.567426681518555,125.29125213623047,1.28173828125,3.2958984375,0.67138671875,-107.02318572998047,77.53263854980469,303.16876220703125,-0.9732251167297363,-0.22276492416858673,-0.05664525553584099
446112,-11.033846855163574,22.54561996459961,125.28520965576172,1.0986328125,3.47900390625,0.79345703125,-106.7601547241211,77.41389465332031,303.37567138671875,-0.9741682410240173,-0.2191997915506363,-0.054292816668748856
446425,-11.027443885803223,22.54784393310547,125.27509307861328,1.89208984375,4.21142578125,1.15966796875,-106.56332397460938,77.2502670288086,303.555419921875,-0.9713031053543091,-0.2310573160648346,-0.056416790932416916
446659,-10.952856063842773,22.533123016357422,125.2999496459961,0.54931640625,4.150390625,0.48828125,-106.34642791748047,77.19376373291016,303.7816162109375,-0.9689362049102783,-0.24062034487724304,-0.05713687464594841
446956,-10.8548583984375,22.35049057006836,125.31198120117188,1.8310546875,2.86865234375,0.732421875,-105.80376434326172,77.00337982177734,304.1144104003906,-0.9712163209915161,-0.2320890724658966,-0.053604934364557266
447143,-10.915237426757812,22.360679626464844,125.27261352539062,1.8310546875,3.173828125,0.732421875,-105.43516540527344,76.82666778564453,304.3813171386719,-0.9680466055870056,-0.24204151332378387,-0.06558775901794434
447315,-11.005477905273438,22.542905807495117,125.22736358642578,15.0146484375,12.51220703125,5.0048828125,-105.2171630859375,76.759521484375,304.6869812011719,-0.9682061672210693,-0.23652933537960052,-0.0814300924539566
447503,-10.927584648132324,22.868932723999023,125.10533905029297,3.84521484375,13.85498046875,-0.3662109375,-104.885009765625,76.74846649169922,305.07916259765625,-0.9707320928573608,-0.23633542656898499,-0.042718470096588135
447737,-10.887951850891113,22.852264404296875,125.11331939697266,5.18798828125,3.2958984375,6.16455078125,-104.60636901855469,76.63856506347656,305.3937683105469,-0.9688169360160828,-0.24268479645252228,-0.049978651106357574
447987,-10.921280860900879,22.581750869750977,125.37580871582031,0.244140625,-15.380859375,12.6953125,-104.76888275146484,76.70835876464844,305.4333190917969,-0.9848611950874329,-0.17307788133621216,-0.009615438058972359
448160,-11.004798889160156,22.42020606994629,125.40055084228516,-0.18310546875,3.5400390625,4.57763671875,-104.75123596191406,76.83553314208984,305.4815673828125,-0.9770679473876953,-0.210368350148201,-0.03291477635502815
448332,-11.080975532531738,22.197265625,125.41078186035156,-1.40380859375,-0.67138671875,0.91552734375,-104.42371368408203,77.04047393798828,305.79364013671875,-0.979072630405426,-0.20149938762187958,-0.028544742614030838
448520,-11.36776351928711,21.818098068237305,125.39273834228516,-12.939453125,-6.40869140625,-2.86865234375,-104.68846130371094,77.2503890991211,305.3604736328125,-0.9849904775619507,-0.17110931873321533,-0.02270534075796604
448707,-11.183916091918945,21.915334701538086,125.42611694335938,2.99072265625,1.64794921875,-0.91552734375,-104.73178100585938,77.39012145996094,305.12713623046875,-0.9798113703727722,-0.19208230078220367,-0.05544520542025566
448887,-11.297073364257812,22.044124603271484,125.36511993408203,2.01416015625,2.62451171875,0.18310546875,-104.97553253173828,77.47113800048828,304.76348876953125,-0.9781802296638489,-0.1995602548122406,-0.057786330580711365
449067,-11.429085731506348,22.110292434692383,125.29755401611328,2.3193359375,2.99072265625,0.48828125,-105.2856674194336,77.572998046875,304.3141174316406,-0.9752172231674194,-0.2128312587738037,-0.06044982373714447
449247,-11.593327522277832,22.2407283782959,125.2173843383789,1.708984375,2.99072265625,0.18310546875,-106.0094985961914,77.63459777832031,303.4961242675781,-0.9780943989753723,-0.20095372200012207,-0.05430535227060318
449487,-11.716961860656738,22.328487396240234,125.15563201904297,3.72314453125,3.11279296875,0.9765625,-105.87556457519531,77.70378875732422,303.5293884277344,-0.9781132936477661,-0.2011832296848297,-0.05309996381402016
449727,-11.895072937011719,22.410707473754883,125.07058715820312,1.40380859375,3.23486328125,0.244140625,-106.15301513671875,77.61566162109375,303.1413269042969,-0.9729255437850952,-0.2191985547542572,-0.07326570898294449
449907,-12.050760269165039,22.459564208984375,124.99732971191406,2.0751953125,3.5400390625,0.67138671875,-106.01709747314453,77.55270385742188,303.2053527832031,-0.9752864837646484,-0.21258704364299774,-0.06019102782011032
450087,-12.331693649291992,22.56106948852539,124.86756896972656,1.52587890625,3.173828125,0.3662109375,-105.89534759521484,77.53618621826172,303.2242126464844,-0.9760800004005432,-0.20952816307544708,-0.05801580846309662
450327,-12.493735313415527,22.619613647460938,124.79287719726562,1.3427734375,3.41796875,0.48828125,-105.7976303100586,77.48931121826172,303.28167724609375,-0.9753648638725281,-0.213043674826622,-0.05723383277654648
450507,-12.65432071685791,22.68465805053711,124.71884155273438,1.220703125,3.35693359375,0.48828125,-105.61128997802734,77.42489624023438,303.42742919921875,-0.9742379188537598,-0.21786653995513916,-0.058265239000320435
450800,-12.871615409851074,22.738502502441406,124.61941528320312,1.40380859375,3.41796875,0.48828125,-105.23274993896484,77.37681579589844,303.7369079589844,-0.9751246571540833,-0.2154608815908432,-0.05204484611749649
451035,-13.082794189453125,22.797382354736328,124.52095794677734,1.3427734375,3.60107421875,0.42724609375,-105.07261657714844,77.24185180664062,303.8357238769531,-0.9745864868164062,-0.21680039167404175,-0.056380048394203186
451222,-13.288589477539062,22.809993743896484,124.42547607421875,1.64794921875,3.35693359375,0.54931640625,-104.8238754272461,77.17024993896484,304.0257263183594,-0.9721006155014038,-0.22804272174835205,-0.05492565035820007
451394,-13.619060516357422,22.768783569335938,124.27183532714844,1.89208984375,3.35693359375,0.91552734375,-104.52021026611328,76.92475891113281,304.2312316894531,-0.9711007475852966,-0.2320011407136917,-0.05602504312992096
451581,-13.762880325317383,22.74508285522461,124.20503234863281,1.52587890625,3.23486328125,0.6103515625,-104.5729751586914,76.79440307617188,304.1475524902344,-0.9709296822547913,-0.23219700157642365,-0.05813878774642944
451753,-13.844095230102539,22.67644691467285,124.16134643554688,1.46484375,3.41796875,0.6103515625,-104.36421966552734,76.71507263183594,304.3234558105469,-0.9721235036849976,-0.22745464742183685,-0.056923456490039825
452003,-13.934371948242188,22.73594093322754,124.11080932617188,1.52587890625,3.5400390625,0.54931640625,-104.43803405761719,76.55370330810547,304.20062255859375,-0.9708325266838074,-0.23224399983882904,-0.05955587327480316
452175,-13.768322944641113,22.863727569580078,124.16178131103516,1.40380859375,3.47900390625,0.18310546875,-104.6656723022461,76.43451690673828,303.93353271484375,-0.9710354208946228,-0.2308061718940735,-0.06179533526301384
452363,-13.93781852722168,22.81036949157715,124.07588195800781,1.40380859375,3.11279296875,0.30517578125,-104.59932708740234,76.31915283203125,303.9407653808594,-0.9705492854118347,-0.23309406638145447,-0.06083826720714569
452535,-14.013787269592285,22.748342514038086,124.02864837646484,0.9765625,3.662109375,0.1220703125,-104.55061340332031,76.40299224853516,303.9371032714844,-0.9717798233032227,-0.22965213656425476,-0.05388819798827171
452722,-14.014424324035645,22.784202575683594,124.01551055908203,1.3427734375,3.41796875,0.48828125,-104.2822265625,76.472412109375,304.1548156738281,-0.9722227454185486,-0.22692778706550598,-0.057330384850502014
452956,-13.99459457397461,22.760236740112305,124.00658416748047,1.3427734375,3.5400390625,0.48828125,-103.89693450927734,76.53619384765625,304.47393798828125,-0.9726031422615051,-0.2267257124185562,-0.051365677267313004
453144,-13.92201042175293,22.695405960083008,124.02298736572266,1.220703125,3.41796875,0.6103515625,-103.70110321044922,76.66560363769531,304.62322998046875,-0.97370845079422,-0.22213470935821533,-0.05047972500324249
453441,-13.894413948059082,22.666160583496094,124.01701354980469,1.64794921875,3.35693359375,0.732421875,-103.57899475097656,76.67050170898438,304.68682861328125,-0.9724293947219849,-0.22681264579296112,-0.05419628322124481
453613,-13.962976455688477,22.672632217407227,123.97366333007812,1.40380859375,3.41796875,0.42724609375,-103.43367767333984,76.73265838623047,304.7775573730469,-0.9732716083526611,-0.22343263030052185,-0.053107112646102905
453863,-13.947072982788086,22.62356948852539,123.96327209472656,1.46484375,3.173828125,0.54931640625,-103.26426696777344,76.6794204711914,304.8896484375,-0.9730592370033264,-0.2245153933763504,-0.05242673307657242
454160,-13.929743766784668,22.707881927490234,123.95111846923828,1.64794921875,3.35693359375,0.67138671875,-103.37361145019531,76.66385650634766,304.7188720703125,-0.9729145765304565,-0.22486837208271027,-0.053585655987262726
454347,-13.89342975616455,22.661436080932617,123.94331359863281,1.40380859375,3.35693359375,0.42724609375,-103.48832702636719,76.63356018066406,304.5415344238281,-0.9728705286979675,-0.22501522302627563,-0.05376894026994705
454519,-13.789430618286133,22.733726501464844,123.96794128417969,1.5869140625,3.11279296875,0.54931640625,-103.40628051757812,76.76040649414062,304.5684509277344,-0.9739044904708862,-0.2206912487745285,-0.05296589806675911
454753,-13.900050163269043,22.734548568725586,123.9037094116211,1.40380859375,3.173828125,0.54931640625,-103.50716400146484,76.80050659179688,304.4047546386719,-0.9742468595504761,-0.2193218171596527,-0.05235578119754791
454941,-13.7625093460083,22.694766998291016,123.94615173339844,1.3427734375,3.47900390625,0.54931640625,-103.54351043701172,76.92900848388672,304.3257751464844,-0.9745206832885742,-0.2185717523097992,-0.050356630235910416
455182,-13.831350326538086,22.666532516479492,123.89826965332031,1.708984375,3.5400390625,0.732421875,-103.68138122558594,76.8641357421875,304.1214294433594,-0.9724169373512268,-0.22689728438854218,-0.05406303331255913
455417,-13.912809371948242,22.665607452392578,123.85608673095703,1.52587890625,2.99072265625,0.67138671875,-104.19778442382812,76.79449462890625,303.59002685546875,-0.9725780487060547,-0.22493624687194824,-0.05912473425269127
455666,-13.996597290039062,22.74848747253418,123.80793762207031,1.5869140625,3.60107421875,0.6103515625,-104.69388580322266,76.86988830566406,303.055908203125,-0.9727497696876526,-0.22443485260009766,-0.05819564685225487
455838,-14.001543998718262,22.738147735595703,123.78878021240234,1.52587890625,3.41796875,0.54931640625,-104.78943634033203,76.87272644042969,302.90716552734375,-0.9739054441452026,-0.22007949650287628,-0.05543714389204979
456026,-13.986820220947266,22.736295700073242,123.77069091796875,1.40380859375,3.72314453125,0.6103515625,-104.93415832519531,76.95109558105469,302.69537353515625,-0.9727556705474854,-0.22521044313907623,-0.05501415207982063
456198,-13.906435012817383,22.692249298095703,123.7884292602539,1.708984375,3.0517578125,0.48828125,-104.64473724365234,76.89002227783203,302.93951416015625,-0.9731894135475159,-0.22291798889636993,-0.05665583163499832
456385,-13.921510696411133,22.659170150756836,123.7706069946289,1.220703125,3.7841796875,0.54931640625,-104.64938354492188,76.94217681884766,302.8973693847656,-0.9732990264892578,-0.22332710027694702,-0.05304766818881035
456627,-13.886423110961914,22.70447540283203,123.76850128173828,1.40380859375,2.99072265625,0.54931640625,-104.45681762695312,76.8301010131836,303.0465087890625,-0.9723916053771973,-0.2261403501033783,-0.05757817253470421
456867,-13.989607810974121,22.808734893798828,123.71575164794922,1.46484375,3.41796875,0.244140625,-105.07950592041016,76.88751220703125,302.40216064453125,-0.976166307926178,-0.20675411820411682,-0.06597010046243668
457107,-14.075407981872559,22.70989227294922,123.6672134399414,1.3427734375,3.35693359375,0.54931640625,-105.72600555419922,76.80358123779297,301.7019348144531,-0.9717920422554016,-0.22643116116523743,-0.06594732403755188
457287,-14.215983390808105,22.684255599975586,123.59783172607422,1.52587890625,3.47900390625,0.732421875,-106.18759155273438,76.78404235839844,301.19696044921875,-0.97282874584198,-0.2213858813047409,-0.06776874512434006
457648,-14.101964950561523,22.697057723999023,123.62158203125,1.3427734375,3.0517578125,0.48828125,-106.24688720703125,76.91069030761719,301.0813293457031,-0.9740471839904785,-0.21737882494926453,-0.06307549774646759
457827,-14.084957122802734,22.691593170166016,123.61279296875,1.28173828125,2.74658203125,0.244140625,-105.9964370727539,76.99142456054688,301.28326416015625,-0.9761377573013306,-0.20973673462867737,-0.05626499280333519
458007,-13.941551208496094,22.718746185302734,123.65313720703125,1.40380859375,3.173828125,0.3662109375,-105.97187042236328,77.02555847167969,301.26251220703125,-0.9756371378898621,-0.212354376912117,-0.055116698145866394
458187,-13.937347412109375,22.73748207092285,123.63209533691406,1.40380859375,3.2958984375,0.48828125,-106.24038696289062,77.05867004394531,300.93243408203125,-0.9743394255638123,-0.21620064973831177,-0.06260959804058075
458367,-13.803434371948242,22.727569580078125,123.66860961914062,1.52587890625,3.35693359375,0.67138671875,-106.02445220947266,77.09761047363281,301.0919189453125,-0.9742123484611511,-0.2169559895992279,-0.061970364302396774
458607,-13.846540451049805,22.735795974731445,123.6407241821289,1.52587890625,3.23486328125,0.67138671875,-106.12478637695312,77.1325912475586,300.95843505859375,-0.974708616733551,-0.21410061419010162,-0.06406254321336746
458787,-13.726547241210938,22.756969451904297,123.6737060546875,1.03759765625,3.2958984375,0.732421875,-105.95704650878906,77.12754821777344,301.07647705078125,-0.9742515683174133,-0.2170562893152237,-0.060994964092969894
459027,-13.752287864685059,22.669700622558594,123.65359497070312,1.03759765625,3.662109375,0.79345703125,-105.74139404296875,77.16404724121094,301.245361328125,-0.973911702632904,-0.219541996717453,-0.05742235109210014
459207,-13.821863174438477,22.79998207092285,123.6380615234375,1.28173828125,10.19287109375,2.197265625,-105.8919906616211,77.15723419189453,301.313232421875,-0.9748818874359131,-0.2143561989068985,-0.06047176942229271
459388,-13.596880912780762,22.869943618774414,123.63612365722656,12.26806640625,14.34326171875,-0.6103515625,-105.78116607666016,77.2653579711914,301.4990539550781,-0.9807345867156982,-0.19044427573680878,-0.043482597917318344
459567,-13.651860237121582,23.059152603149414,123.46566772460938,1.8310546875,18.06640625,-0.06103515625,-105.71134185791016,77.31957244873047,301.5295715332031,-0.9784639477729797,-0.20261847972869873,-0.039421334862709045
459748,-13.58862590789795,23.119291305541992,123.38126373291016,3.35693359375,12.02392578125,0.0,-105.47162628173828,77.40181732177734,301.6868591308594,-0.9723619818687439,-0.2297717183828354,-0.041436225175857544
459927,-13.620746612548828,23.052778244018555,123.41614532470703,1.0986328125,-0.18310546875,10.25390625,-105.45158386230469,77.2748794555664,301.7635192871094,-0.9696164131164551,-0.23637829720973969,-0.06300239264965057
460107,-13.562896728515625,22.87419319152832,123.71699523925781,-4.2724609375,-2.0751953125,8.544921875,-105.0832748413086,77.26744079589844,302.3431091308594,-0.9792947769165039,-0.2017764300107956,-0.016370084136724472
460287,-13.49093246459961,22.77933692932129,123.92595672607422,0.54931640625,-2.44140625,7.4462890625,-105.27745819091797,77.35052490234375,302.2925109863281,-0.9895880222320557,-0.1434825211763382,0.01133070606738329
460467,-13.436662673950195,22.647470474243164,123.98198699951172,3.23486328125,-0.91552734375,3.2958984375,-105.31953430175781,77.40088653564453,302.270263671875,-0.9881744384765625,-0.153327077627182,0.0014385652029886842
460644,-13.400700569152832,22.357221603393555,123.91653442382812,3.72314453125,-0.9765625,1.220703125,-105.11949157714844,77.49095153808594,302.3576354980469,-0.9788587093353271,-0.2020547240972519,-0.03177185729146004
460816,-13.461954116821289,22.18474006652832,123.9063491821289,0.6103515625,-2.01416015625,0.8544921875,-105.04069519042969,77.63343048095703,302.41448974609375,-0.9806493520736694,-0.1909448802471161,-0.04320823401212692
461003,-13.577489852905273,22.064197540283203,123.84089660644531,3.47900390625,1.46484375,-0.3662109375,-104.78659057617188,77.78889465332031,302.59576416015625,-0.980201780796051,-0.19328933954238892,-0.042939893901348114
461175,-13.852507591247559,21.901226043701172,123.75131225585938,-22.64404296875,-12.6953125,-7.32421875,-104.60779571533203,77.85738372802734,302.6961364746094,-0.9800075888633728,-0.1935114711523056,-0.04624355211853981
461362,-14.134960174560547,21.806066513061523,123.71000671386719,-26.91650390625,-2.50244140625,-5.37109375,-104.58464813232422,77.9020004272461,302.5350036621094,-0.9840469360351562,-0.17736069858074188,-0.013958944007754326
461534,-13.863450050354004,21.879236221313477,123.79145812988281,1.89208984375,2.74658203125,-0.1220703125,-104.65857696533203,78.01007843017578,302.2466735839844,-0.9781849980354309,-0.20135584473609924,-0.05108671635389328
461722,-13.66842269897461,21.96067237854004,123.84396362304688,1.52587890625,3.23486328125,0.06103515625,-104.36870574951172,78.02896881103516,302.4468994140625,-0.9780562520027161,-0.20423059165477753,-0.04118131473660469
461894,-13.401413917541504,22.058290481567383,123.9242935180664,1.15966796875,3.5400390625,0.18310546875,-104.04481506347656,78.06958770751953,302.6900329589844,-0.9790318608283997,-0.1991555392742157,-0.042821429669857025
462081,-13.198095321655273,22.121551513671875,123.98761749267578,1.77001953125,3.23486328125,0.48828125,-103.77136993408203,78.17530059814453,302.91552734375,-0.9796728491783142,-0.19574324786663055,-0.0438837930560112
462253,-12.98817253112793,22.18008804321289,124.05065155029297,2.38037109375,3.23486328125,0.42724609375,-103.49923706054688,78.2623291015625,303.128662109375,-0.9800251722335815,-0.19399571418762207,-0.04377461597323418
462441,-12.702737808227539,22.26058578491211,124.1397705078125,2.0751953125,3.2958984375,0.67138671875,-103.49172973632812,78.24268341064453,303.064208984375,-0.9800191521644592,-0.19346733391284943,-0.04618329927325249
462675,-12.726259231567383,22.300626754760742,124.11786651611328,2.50244140625,3.2958984375,0.8544921875,-103.4324722290039,78.21099853515625,303.078369140625,-0.9779901504516602,-0.2018321305513382,-0.05290629342198372
462862,-12.684115409851074,22.366186141967773,124.11650085449219,1.3427734375,3.35693359375,0.244140625,-103.87141418457031,78.17320251464844,302.5986328125,-0.9776027202606201,-0.2041608840227127,-0.05110005661845207
463034,-12.640776634216309,22.341999053955078,124.11934661865234,1.5869140625,3.173828125,0.30517578125,-104.20266723632812,78.21243286132812,302.234375,-0.979971706867218,-0.1934831291437149,-0.04711517319083214
463222,-12.711389541625977,22.408933639526367,124.0735092163086,1.40380859375,3.23486328125,0.30517578125,-104.55271911621094,78.1308364868164,301.8211669921875,-0.9782010912895203,-0.20239469408988953,-0.046466946601867676
463394,-12.687376976013184,22.451988220214844,124.0692138671875,1.46484375,3.35693359375,0.48828125,-104.9740219116211,78.0738525390625,301.3681945800781,-0.9781011939048767,-0.2008323222398758,-0.054631173610687256
463644,-12.674251556396484,22.368375778198242,124.06257629394531,1.3427734375,3.47900390625,0.48828125,-104.88195037841797,78.00013732910156,301.42132568359375,-0.9769521355628967,-0.2066560536623001,-0.05345790460705757
463816,-12.687281608581543,22.39446258544922,124.04013061523438,1.5869140625,3.2958984375,0.3662109375,-104.60931396484375,77.9375991821289,301.6378479003906,-0.9778550863265991,-0.20258304476737976,-0.05253039672970772
464003,-12.617688179016113,22.382789611816406,124.05611419677734,1.52587890625,3.23486328125,0.6103515625,-105.0583724975586,78.05642700195312,301.1625061035156,-0.9786519408226013,-0.19802634418010712,-0.055007319897413254
464300,-12.72221565246582,22.38459587097168,123.997802734375,1.40380859375,3.23486328125,0.54931640625,-104.66646575927734,77.92337799072266,301.47943115234375,-0.9773699045181274,-0.20489384233951569,-0.05259818583726883
464534,-12.809087753295898,22.431032180786133,123.95208740234375,1.40380859375,3.0517578125,0.30517578125,-105.10436248779297,78.07722473144531,301.01068115234375,-0.9787577986717224,-0.19769015908241272,-0.05432889610528946
464956,-12.779431343078613,22.43263053894043,123.95028686523438,1.28173828125,3.35693359375,0.3662109375,-104.8211441040039,78.13111877441406,301.2440185546875,-0.9783154726028442,-0.20080897212028503,-0.050740767270326614
465144,-12.681705474853516,22.383026123046875,123.96282958984375,1.5869140625,3.23486328125,0.54931640625,-104.76258850097656,78.06283569335938,301.2222595214844,-0.9776438474655151,-0.20362603664398193,-0.05242922529578209
465378,-12.707304000854492,22.37729835510254,123.93256378173828,1.40380859375,3.5400390625,0.42724609375,-104.35421752929688,78.10850524902344,301.556884765625,-0.9787555932998657,-0.19928979873657227,-0.04817863926291466
465566,-12.594115257263184,22.331096649169922,123.94234466552734,1.46484375,3.23486328125,0.67138671875,-104.45148468017578,78.28701782226562,301.35552978515625,-0.9791345000267029,-0.19743125140666962,-0.04813060164451599
465737,-12.52238941192627,22.351333618164062,123.95297241210938,1.15966796875,3.35693359375,0.30517578125,-103.99117279052734,78.29046630859375,301.755615234375,-0.9798060059547424,-0.1951947808265686,-0.04335000738501549
465925,-12.556879997253418,22.333484649658203,123.92842864990234,1.40380859375,3.35693359375,0.54931640625,-104.20101928710938,78.3994140625,301.51251220703125,-0.9796627759933472,-0.1946389526128769,-0.04874957352876663
466097,-12.623586654663086,22.320465087890625,123.88880157470703,1.40380859375,3.5400390625,0.54931640625,-103.8275375366211,78.37686920166016,301.8253173828125,-0.9790471792221069,-0.19803644716739655,-0.04741380363702774
466394,-12.503983497619629,22.323659896850586,123.9224853515625,1.46484375,3.35693359375,0.42724609375,-103.69779968261719,78.51030731201172,301.9126892089844,-0.9803953766822815,-0.19234012067317963,-0.042782194912433624
466581,-12.471301078796387,22.36631202697754,123.91971588134766,1.5869140625,3.173828125,0.67138671875,-103.78510284423828,78.45282745361328,301.77349853515625,-0.9796985387802124,-0.19424232840538025,-0.049606502056121826
466753,-12.504661560058594,22.379201889038086,123.89696502685547,1.52587890625,3.11279296875,0.54931640625,-103.64602661132812,78.42289733886719,301.8700866699219,-0.9791403412818909,-0.19796106219291687,-0.04577550292015076
466941,-12.653762817382812,22.37180519104004,123.81702423095703,1.89208984375,3.23486328125,0.6103515625,-103.73951721191406,78.37799835205078,301.6961669921875,-0.9793808460235596,-0.19628259539604187,-0.04781549423933029
467128,-12.79013729095459,22.36833953857422,123.75252532958984,1.46484375,3.23486328125,0.3662109375,-103.94558715820312,78.2767105102539,301.4531555175781,-0.9787850975990295,-0.19879330694675446,-0.04960867390036583
467300,-12.829463958740234,22.3857421875,123.72245788574219,1.40380859375,3.41796875,0.48828125,-104.20417785644531,78.2079086303711,301.14874267578125,-0.9789085984230042,-0.19814947247505188,-0.049746640026569366
467597,-12.700939178466797,22.358734130859375,123.7586898803711,1.46484375,3.5400390625,0.48828125,-103.97909545898438,78.2595443725586,301.3292236328125,-0.9790533185005188,-0.1976301521062851,-0.04895865172147751
467784,-12.686727523803711,22.3561954498291,123.75372314453125,1.28173828125,3.35693359375,0.48828125,-104.06346130371094,78.32041931152344,301.20733642578125,-0.9804651737213135,-0.19226683676242828,-0.04149041697382927
467956,-12.768537521362305,22.397876739501953,123.699462890625,1.5869140625,3.5400390625,0.54931640625,-104.18462371826172,78.26536560058594,301.010009765625,-0.9786222577095032,-0.2001292109489441,-0.047399021685123444
468144,-12.815933227539062,22.443593978881836,123.6706314086914,1.46484375,3.35693359375,0.48828125,-104.52368927001953,78.3104019165039,300.6415100097656,-0.9794918298721313,-0.19465486705303192,-0.05201159045100212
468316,-12.969778060913086,22.39537811279297,123.59638977050781,1.46484375,3.35693359375,0.54931640625,-104.2765884399414,78.41552734375,300.8350830078125,-0.9795896410942078,-0.19486461579799652,-0.049314629286527634
468503,-12.844785690307617,22.436019897460938,123.6313705444336,1.3427734375,3.47900390625,0.42724609375,-104.2238540649414,78.379150390625,300.852294921875,-0.9791585206985474,-0.197529599070549,-0.04723013937473297
468675,-12.786334991455078,22.3765926361084,123.63732147216797,1.3427734375,3.41796875,0.48828125,-104.4774398803711,78.36815643310547,300.5536804199219,-0.9790328741073608,-0.19676288962364197,-0.05271715298295021
468862,-12.717741012573242,22.36995506286621,123.64949035644531,1.15966796875,3.41796875,0.3662109375,-104.21505737304688,78.45523834228516,300.7749328613281,-0.9800881743431091,-0.19273950159549713,-0.04773622751235962
469034,-12.652229309082031,22.447593688964844,123.66239929199219,1.03759765625,3.2958984375,0.3662109375,-103.89154052734375,78.43462371826172,301.0572509765625,-0.9796952605247498,-0.19479110836982727,-0.047472111880779266
469222,-12.507256507873535,22.44989013671875,123.70240783691406,1.0986328125,3.2958984375,0.3662109375,-103.4842529296875,78.51924896240234,301.4084777832031,-0.9808856844902039,-0.19042836129665375,-0.04000193253159523
469519,-12.455822944641113,22.4022159576416,123.71025848388672,1.3427734375,3.47900390625,0.42724609375,-103.17424774169922,78.59569549560547,301.6765441894531,-0.9806175231933594,-0.19143624603748322,-0.04173094779253006
469706,-12.537291526794434,22.379478454589844,123.66259765625,1.52587890625,3.2958984375,0.42724609375,-102.9305191040039,78.6119384765625,301.8603820800781,-0.9803512096405029,-0.19231484830379486,-0.043892752379179
469878,-12.541801452636719,22.374088287353516,123.64894104003906,1.3427734375,3.35693359375,0.54931640625,-102.78515625,78.5700454711914,301.9677734375,-0.9805843234062195,-0.19190290570259094,-0.04034390300512314
470056,-12.544530868530273,22.360366821289062,123.62268829345703,1.52587890625,3.5400390625,0.48828125,-102.78926086425781,78.50007629394531,301.8875732421875,-0.9795061349868774,-0.1964762806892395,-0.044326964765787125
470306,-12.578690528869629,22.372007369995117,123.59746551513672,1.3427734375,3.2958984375,0.48828125,-102.85536193847656,78.57417297363281,301.78741455078125,-0.9805675745010376,-0.19247247278690338,-0.037967499345541
470478,-12.499507904052734,22.418840408325195,123.61508178710938,1.28173828125,3.41796875,0.30517578125,-103.19482421875,78.5155258178711,301.42132568359375,-0.9794765710830688,-0.19697298109531403,-0.04274732619524002
470667,-12.331990242004395,22.456457138061523,123.68330383300781,-4.0283203125,6.34765625,2.685546875,-102.828857421875,78.47623443603516,301.9713134765625,-0.977918803691864,-0.2039034068584442,-0.04580612853169441
470907,-12.22280216217041,22.504701614379883,123.72174835205078,8.85009765625,6.65283203125,-0.1220703125,-103.06432342529297,78.64134979248047,301.865234375,-0.9804359078407288,-0.19350551068782806,-0.036071162670850754
471087,-12.057098388671875,22.453413009643555,123.75048065185547,6.8359375,7.4462890625,1.40380859375,-103.32899475097656,78.72528839111328,301.5733642578125,-0.9817387461662292,-0.1886116862297058,-0.02478896453976631
471327,-12.162022590637207,22.636436462402344,123.58980560302734,-0.3662109375,35.400390625,-3.23486328125,-103.6876449584961,78.73181915283203,301.166015625,-0.9683113098144531,-0.24692487716674805,-0.037435028702020645
471508,-12.100950241088867,22.787132263183594,123.56553649902344,4.0283203125,11.90185546875,-0.48828125,-103.65203857421875,78.81491088867188,301.2331237792969,-0.9765070676803589,-0.21508274972438812,-0.013163401745259762
471687,-12.069046020507812,22.681407928466797,123.5080795288086,5.9814453125,2.99072265625,-7.9345703125,-103.94526672363281,78.95828247070312,300.8318176269531,-0.9886696934700012,-0.14407628774642944,-0.042121972888708115
471868,-12.128107070922852,22.54021644592285,122.73719787597656,8.6669921875,10.92529296875,-26.67236328125,-103.62103271484375,79.00398254394531,300.37689208984375,-0.9713286757469177,-0.235634908080101,-0.03157120570540428
472107,-12.124106407165527,22.431983947753906,122.5254898071289,7.32421875,6.2255859375,-7.6904296875,-103.74182891845703,78.92593383789062,299.99835205078125,-0.9698596596717834,-0.24032342433929443,-0.04021253064274788
472467,-12.091880798339844,22.235136032104492,122.4954833984375,10.80322265625,-6.9580078125,2.74658203125,-103.84407043457031,78.81598663330078,299.8040466308594,-0.96950763463974,-0.24003925919532776,-0.049357183277606964
472643,-12.14129638671875,21.785995483398438,122.53252410888672,0.0,-13.7939453125,-0.91552734375,-103.97465515136719,78.65774536132812,299.5392150878906,-0.9604015350341797,-0.2728493809700012,-0.056410904973745346
472878,-12.202789306640625,21.592374801635742,122.5728759765625,-5.43212890625,-2.50244140625,-1.52587890625,-103.72148895263672,78.44480895996094,299.64886474609375,-0.9744939208030701,-0.22102780640125275,-0.038837235420942307
473065,-11.776721000671387,21.832406997680664,122.68220520019531,2.5634765625,9.33837890625,-0.9765625,-103.69064331054688,78.17178344726562,299.4477844238281,-0.9695407152175903,-0.2405034452676773,-0.04635635390877724
473362,-11.70014762878418,21.832412719726562,122.660400390625,7.4462890625,-3.60107421875,0.42724609375,-103.7983169555664,78.01384735107422,299.2934265136719,-0.9734349250793457,-0.22177866101264954,-0.056909240782260895
473534,-11.500179290771484,22.119901657104492,122.71141052246094,1.5869140625,3.11279296875,0.6103515625,-104.48357391357422,77.81532287597656,298.5704040527344,-0.9728228449821472,-0.221139594912529,-0.06865014880895615
473722,-11.405744552612305,22.316381454467773,122.7364273071289,1.953125,2.9296875,0.54931640625,-105.03617095947266,77.74492645263672,297.98828125,-0.9756810665130615,-0.20873314142227173,-0.0669093057513237
473956,-11.335721969604492,22.62273597717285,122.74236297607422,1.77001953125,3.0517578125,0.67138671875,-105.98747253417969,77.57496643066406,296.97247314453125,-0.9727909564971924,-0.21901842951774597,-0.07555657625198364
474315,-11.151161193847656,22.738601684570312,122.80485534667969,1.15966796875,3.2958984375,0.48828125,-106.69932556152344,77.56309509277344,296.2415771484375,-0.9761641621589661,-0.20355179905891418,-0.07530101388692856
474565,-11.351459503173828,22.851640701293945,122.71422576904297,1.708984375,3.35693359375,0.6103515625,-107.65048217773438,77.54153442382812,295.2577209472656,-0.9755373597145081,-0.2057727426290512,-0.07735907286405563
474800,-11.568215370178223,22.89691734313965,122.61759948730469,1.220703125,3.35693359375,0.67138671875,-108.52586364746094,77.47837829589844,294.3515930175781,-0.9746834635734558,-0.20989322662353516,-0.07705243676900864
475034,-11.408622741699219,22.938657760620117,122.65949249267578,1.64794921875,3.2958984375,0.6103515625,-109.8513412475586,77.36625671386719,292.9729919433594,-0.9753521084785461,-0.20617975294589996,-0.07860155403614044
475222,-11.548877716064453,22.907691955566406,122.588134765625,1.46484375,3.23486328125,0.732421875,-110.33819580078125,77.24609375,292.42578125,-0.9748262763023376,-0.2092752903699875,-0.07692538946866989
475393,-11.432242393493652,22.893558502197266,122.61876678466797,1.40380859375,3.2958984375,0.42724609375,-110.41117858886719,77.20018005371094,292.3043518066406,-0.9751853346824646,-0.20791056752204895,-0.07607066631317139
475643,-11.526948928833008,22.916748046875,122.56820678710938,1.3427734375,3.41796875,0.732421875,-110.90367889404297,77.15312957763672,291.75885009765625,-0.975256085395813,-0.2063363641500473,-0.07937853038311005
475815,-11.485430717468262,22.96769905090332,122.57559967041016,1.15966796875,3.23486328125,0.48828125,-110.91924285888672,77.14971923828125,291.7027282714844,-0.9745680093765259,-0.21017518639564514,-0.07774093747138977
476065,-11.422351837158203,22.871854782104492,122.5882339477539,1.52587890625,3.2958984375,0.67138671875,-110.76351928710938,77.22643280029297,291.7889099121094,-0.9753870368003845,-0.20716819167137146,-0.07550767064094543
476237,-11.447193145751953,22.908931732177734,122.57052612304688,1.40380859375,3.35693359375,0.6103515625,-110.44709777832031,77.2177505493164,292.0543212890625,-0.9751914143562317,-0.20803923904895782,-0.0756397694349289
476425,-11.322049140930176,22.888214111328125,122.60990905761719,1.46484375,3.41796875,0.79345703125,-110.32112121582031,77.21212005615234,292.1353759765625,-0.9751750230789185,-0.2078476995229721,-0.07637416571378708
476659,-11.348692893981934,22.969472885131836,122.5844497680664,1.64794921875,3.23486328125,0.732421875,-109.87872314453125,77.23968505859375,292.5012512207031,-0.9746124744415283,-0.2113214135169983,-0.07398640364408493
476893,-11.37513542175293,22.887632369995117,122.56670379638672,1.46484375,3.2958984375,0.67138671875,-110.090576171875,77.19418334960938,292.25738525390625,-0.9752784371376038,-0.20752130448818207,-0.07593990117311478
477143,-11.436838150024414,22.87751007080078,122.53266143798828,1.64794921875,3.41796875,0.91552734375,-110.52210998535156,77.15016174316406,291.7850036621094,-0.9748037457466125,-0.2089206576347351,-0.07816597074270248
477440,-11.514331817626953,22.911439895629883,122.49091339111328,1.40380859375,3.2958984375,0.54931640625,-110.3786849975586,77.21112823486328,291.8691711425781,-0.9755094647407532,-0.20613907277584076,-0.0767335295677185
477628,-11.383825302124023,22.923677444458008,122.52631378173828,1.3427734375,3.2958984375,0.6103515625,-110.51040649414062,77.28640747070312,291.6625061035156,-0.9751312136650085,-0.20831643044948578,-0.07565364241600037
477800,-11.365352630615234,22.919214248657227,122.52521514892578,1.40380859375,3.35693359375,0.54931640625,-110.48128509521484,77.31855010986328,291.6519775390625,-0.9762358665466309,-0.20393067598342896,-0.07331935316324234
477987,-11.278817176818848,22.908796310424805,122.54341125488281,1.15966796875,3.11279296875,0.67138671875,-110.00981140136719,77.3040771484375,292.031005859375,-0.9755997061729431,-0.20668472349643707,-0.0740719810128212
478159,-11.245626449584961,22.98691749572754,122.55110931396484,1.220703125,3.11279296875,0.79345703125,-109.8258056640625,77.39830780029297,292.17242431640625,-0.9758569002151489,-0.20599034428596497,-0.07260413467884064
478347,-11.283952713012695,22.9904842376709,122.52680969238281,1.3427734375,3.2958984375,0.6103515625,-109.63831329345703,77.45040893554688,292.29937744140625,-0.976119875907898,-0.20503301918506622,-0.07177352160215378
478581,-11.201522827148438,22.965564727783203,122.55242156982422,1.03759765625,3.35693359375,0.6103515625,-109.95213317871094,77.44390106201172,291.9540710449219,-0.976647138595581,-0.19599992036819458,-0.08800241351127625
478815,-11.13118839263916,22.900970458984375,122.56898498535156,1.03759765625,3.173828125,0.6103515625,-109.61306762695312,77.47884368896484,292.2343444824219,-0.9766624569892883,-0.20365062355995178,-0.06824208050966263
479065,-11.062453269958496,22.920942306518555,122.58979797363281,1.15966796875,3.47900390625,0.8544921875,-109.33536529541016,77.54560089111328,292.46685791015625,-0.9770761728286743,-0.2026360183954239,-0.06527390331029892
479362,-10.938298225402832,22.86051368713379,122.62532806396484,1.3427734375,3.23486328125,0.67138671875,-108.80000305175781,77.60128784179688,292.91796875,-0.9768128991127014,-0.20451048016548157,-0.06334077566862106
479597,-10.969332695007324,22.78997230529785,122.60368347167969,1.40380859375,3.173828125,0.67138671875,-108.42982482910156,77.5738525390625,293.22784423828125,-0.9765427112579346,-0.20616035163402557,-0.06214688718318939
479847,-10.880377769470215,22.785898208618164,122.625244140625,1.64794921875,3.173828125,0.79345703125,-107.81512451171875,77.58369445800781,293.76275634765625,-0.9759179949760437,-0.2090398073196411,-0.062341008335351944
480024,-10.98063850402832,22.824790954589844,122.57422637939453,1.46484375,2.99072265625,0.732421875,-107.3193588256836,77.4932632446289,294.17999267578125,-0.9762391448020935,-0.20725499093532562,-0.06326479464769363
480196,-10.95743465423584,22.799793243408203,122.57072448730469,1.708984375,3.2958984375,0.79345703125,-108.0333251953125,77.35040283203125,293.41973876953125,-0.9746999144554138,-0.21260112524032593,-0.06900002807378769
480383,-11.087657928466797,22.831886291503906,122.51258087158203,1.0986328125,3.23486328125,0.67138671875,-108.70362091064453,77.33647155761719,292.7250671386719,-0.9755829572677612,-0.2079874575138092,-0.07056291401386261
480688,-11.083733558654785,22.875707626342773,122.50507354736328,0.91552734375,3.84521484375,0.3662109375,-108.94231414794922,77.35037231445312,292.4427795410156,-0.9755706191062927,-0.21064677834510803,-0.062369607388973236
480868,-11.029389381408691,22.85939598083496,122.519287109375,1.0986328125,3.35693359375,0.732421875,-108.65375518798828,77.39320373535156,292.68841552734375,-0.9765688180923462,-0.20652909576892853,-0.06049118936061859
481168,-10.944788932800293,22.84622573852539,122.55904388427734,-1.5869140625,6.28662109375,1.77001953125,-108.62602233886719,77.47088623046875,292.7438049316406,-0.9707324504852295,-0.23330754041671753,-0.056974638253450394
481408,-10.7229585647583,22.971202850341797,122.6367416381836,6.77490234375,11.65771484375,3.41796875,-108.5284194946289,77.43778228759766,292.8515930175781,-0.9643436074256897,-0.26058200001716614,-0.04624379426240921
481588,-10.644871711730957,23.250478744506836,122.65380096435547,5.18798828125,15.9912109375,-1.220703125,-108.00647735595703,77.3664779663086,293.3740234375,-0.9645487070083618,-0.25962114334106445,-0.047357600182294846
481768,-10.572961807250977,23.186012268066406,122.50176239013672,13.97705078125,1.0986328125,-5.4931640625,-107.55281066894531,77.32682800292969,293.5988464355469,-0.9694229960441589,-0.24079526960849762,-0.04729478433728218
482068,-10.634928703308105,22.942384719848633,122.34058380126953,0.244140625,4.638671875,-1.15966796875,-107.23402404785156,77.18559265136719,293.6971130371094,-0.96294105052948,-0.2625126838684082,-0.06189997121691704
482248,-10.570598602294922,22.7896785736084,122.2822494506836,4.39453125,2.5634765625,-7.62939453125,-106.96498107910156,77.10696411132812,293.86102294921875,-0.9616815447807312,-0.2694549262523651,-0.050621192902326584
482428,-10.428142547607422,22.450641632080078,122.29874420166016,10.498046875,-6.7138671875,5.55419921875,-106.3385238647461,76.9139404296875,294.43719482421875,-0.9663098454475403,-0.25396987795829773,-0.04176820442080498
482667,-10.606250762939453,22.22873306274414,122.2532730102539,-7.080078125,-4.7607421875,-2.25830078125,-106.10127258300781,76.806640625,294.6197509765625,-0.9654216170310974,-0.2548857033252716,-0.054721228778362274
482968,-10.656633377075195,22.096038818359375,122.26325225830078,-0.67138671875,0.06103515625,-0.79345703125,-105.6601791381836,76.6728515625,294.9555969238281,-0.9666123390197754,-0.25055891275405884,-0.0536741204559803
483147,-10.484018325805664,22.167695999145508,122.32258605957031,1.0986328125,2.01416015625,0.06103515625,-105.3852767944336,76.55349731445312,295.0865783691406,-0.9655571579933167,-0.2536145746707916,-0.05812999606132507
483327,-10.16817855834961,22.369632720947266,122.42411041259766,1.953125,3.41796875,0.79345703125,-104.96116638183594,76.3642578125,295.368408203125,-0.9711296558380127,-0.23118147253990173,-0.05884184688329697
483508,-9.88260555267334,22.61819076538086,122.51736450195312,1.220703125,3.173828125,0.42724609375,-105.10124206542969,76.22547149658203,295.1585693359375,-0.9711558222770691,-0.22947242856025696,-0.06479920446872711
483748,-9.778890609741211,22.75832176208496,122.54825592041016,2.13623046875,3.11279296875,0.91552734375,-105.33485412597656,76.25760650634766,294.8739929199219,-0.971561074256897,-0.227852925658226,-0.06443724036216736
483988,-9.67218017578125,22.876056671142578,122.58153533935547,1.77001953125,3.41796875,0.54931640625,-105.50260162353516,76.24970245361328,294.6664123535156,-0.9707543849945068,-0.23101253807544708,-0.06533809006214142
484228,-9.647119522094727,22.94875144958496,122.58367919921875,1.708984375,3.173828125,0.8544921875,-105.76725006103516,76.33793640136719,294.36968994140625,-0.9716788530349731,-0.2266692966222763,-0.06679395586252213
484407,-9.617837905883789,22.83779525756836,122.5831069946289,1.5869140625,3.173828125,0.54931640625,-106.13041687011719,76.27653503417969,293.9504089355469,-0.9709866046905518,-0.22947773337364197,-0.06726893782615662
484753,-9.687278747558594,22.903669357299805,122.54655456542969,1.46484375,3.35693359375,0.48828125,-106.35136413574219,76.28868865966797,293.6824035644531,-0.9714922308921814,-0.22784103453159332,-0.06550728529691696
485003,-9.873695373535156,22.872678756713867,122.46088409423828,1.953125,3.2958984375,0.79345703125,-106.78570556640625,76.22642517089844,293.19073486328125,-0.9705730676651001,-0.2302122861146927,-0.07064146548509598
485244,-9.929238319396973,22.884557723999023,122.43193817138672,1.64794921875,3.41796875,0.91552734375,-107.0733413696289,76.1537857055664,292.8697814941406,-0.9703115820884705,-0.23000243306159973,-0.07479559630155563
485416,-10.130058288574219,22.88800621032715,122.3365707397461,1.64794921875,3.35693359375,0.732421875,-107.86023712158203,76.07535552978516,292.008056640625,-0.9705712795257568,-0.2292904406785965,-0.0736023485660553
485728,-10.170495986938477,22.92127799987793,122.3050308227539,1.708984375,3.41796875,0.54931640625,-108.10687255859375,76.003173828125,291.7026062011719,-0.9701680541038513,-0.2305598258972168,-0.07494091242551804
485900,-10.311311721801758,22.96411895751953,122.23924255371094,1.708984375,3.35693359375,0.67138671875,-108.3575210571289,75.9601058959961,291.4036865234375,-0.9693325161933899,-0.23316538333892822,-0.07764215767383575
486259,-10.327668190002441,23.004505157470703,122.2197265625,1.953125,3.47900390625,0.91552734375,-108.74417877197266,75.92329406738281,290.96112060546875,-0.9697839617729187,-0.23049695789813995,-0.07993906736373901
486494,-10.408357620239258,23.015722274780273,122.17770385742188,1.03759765625,3.2958984375,0.67138671875,-108.99134826660156,75.96046447753906,290.6653747558594,-0.9737427830696106,-0.214805006980896,-0.07539117336273193
486688,-10.539426803588867,22.999568939208984,122.10887145996094,1.52587890625,3.41796875,0.67138671875,-109.21382141113281,76.0740737915039,290.3693542480469,-0.9705280661582947,-0.2278808057308197,-0.07839386910200119
486868,-10.50418758392334,23.030160903930664,122.1121826171875,1.40380859375,3.60107421875,0.54931640625,-109.06704711914062,76.12367248535156,290.461181640625,-0.9707874655723572,-0.22698697447776794,-0.07777290791273117
487168,-10.45825481414795,22.949283599853516,122.11774444580078,1.40380859375,3.41796875,0.732421875,-109.0212173461914,76.24342346191406,290.437744140625,-0.9714356064796448,-0.22450849413871765,-0.0768684595823288
487348,-10.350786209106445,22.902355194091797,122.15165710449219,1.40380859375,3.23486328125,0.54931640625,-108.97343444824219,76.1761474609375,290.44110107421875,-0.9711239337921143,-0.22635668516159058,-0.0753725916147232
487528,-10.476922988891602,22.912946701049805,122.09213256835938,1.3427734375,3.23486328125,0.54931640625,-108.54544067382812,76.17546081542969,290.8021240234375,-0.9709574580192566,-0.2274002879858017,-0.07436765730381012
487708,-10.407951354980469,22.91208839416504,122.10774993896484,1.28173828125,3.23486328125,0.732421875,-108.74171447753906,76.24246215820312,290.54376220703125,-0.9714919328689575,-0.22502608597278595,-0.07461076974868774
487948,-10.396154403686523,22.904300689697266,122.10277557373047,1.46484375,3.35693359375,0.67138671875,-108.84392547607422,76.21139526367188,290.3896789550781,-0.9711540937423706,-0.22618044912815094,-0.07551296055316925
488128,-10.413753509521484,22.926918029785156,122.08830261230469,1.46484375,3.47900390625,0.67138671875,-108.97028350830078,76.18169403076172,290.22967529296875,-0.9706538319587708,-0.22765766084194183,-0.07748012989759445
488368,-10.496501922607422,22.91048240661621,122.0408935546875,1.5869140625,3.35693359375,0.54931640625,-108.95706176757812,76.3302230834961,290.1765441894531,-0.971574068069458,-0.22404395043849945,-0.076473668217659
488548,-10.43809986114502,22.90129280090332,122.05379486083984,1.5869140625,3.173828125,0.67138671875,-109.2197265625,76.25917053222656,289.8771667480469,-0.9713094830513,-0.22458991408348083,-0.07821182161569595
488788,-10.487208366394043,22.886320114135742,122.02421569824219,1.46484375,3.41796875,0.6103515625,-109.04186248779297,76.2465591430664,289.99993896484375,-0.970964789390564,-0.22613148391246796,-0.07805068045854568
489088,-10.3724946975708,22.842727661132812,122.05744171142578,1.46484375,3.23486328125,0.67138671875,-108.7786865234375,76.24283599853516,290.2014465332031,-0.9714259505271912,-0.225554421544075,-0.0738699734210968
489328,-10.359094619750977,22.860721588134766,122.05533599853516,1.40380859375,3.2958984375,0.6103515625,-108.76669311523438,76.2230453491211,290.1724853515625,-0.9714715480804443,-0.22498619556427002,-0.07499539852142334
489508,-10.452483177185059,22.853761672973633,122.00782775878906,1.46484375,3.35693359375,0.732421875,-108.87220764160156,76.25804901123047,290.005615234375,-0.971358060836792,-0.22531871497631073,-0.07546502351760864
489748,-10.423296928405762,22.817829132080078,122.00100708007812,1.52587890625,3.23486328125,0.6103515625,-109.04277038574219,76.26811981201172,289.7460021972656,-0.9713097214698792,-0.2248114049434662,-0.07757070660591125
489928,-10.455492973327637,22.83983039855957,121.98127746582031,1.64794921875,3.41796875,0.732421875,-109.29950714111328,76.34510803222656,289.45343017578125,-0.9717401266098022,-0.22283996641635895,-0.07786839455366135
490168,-10.434818267822266,22.856935501098633,121.97696685791016,1.220703125,3.2958984375,0.79345703125,-109.45759582519531,76.27190399169922,289.2364196777344,-0.9689556956291199,-0.2313353270292282,-0.08722871541976929
490408,-10.413759231567383,22.84275245666504,121.97864532470703,1.28173828125,3.23486328125,0.6103515625,-109.3814926147461,76.27574920654297,289.2725830078125,-0.9722059965133667,-0.22147145867347717,-0.075933076441288
490706,-10.479469299316406,22.843585968017578,121.9430923461914,1.52587890625,3.35693359375,0.732421875,-109.6209716796875,76.32616424560547,288.9843444824219,-0.9713833332061768,-0.22430340945720673,-0.07811740040779114
491003,-10.518285751342773,22.841304779052734,121.91826629638672,1.40380859375,3.47900390625,0.732421875,-109.5822525024414,76.23089599609375,288.973388671875,-0.9705590009689331,-0.22706560790538788,-0.0803518071770668
491237,-10.366007804870605,22.816347122192383,121.96504974365234,1.46484375,3.41796875,0.67138671875,-109.40937805175781,76.28128814697266,289.0731506347656,-0.9715249538421631,-0.22376544773578644,-0.07789909839630127
491597,-10.470574378967285,22.83243179321289,121.91181182861328,1.46484375,3.35693359375,0.732421875,-108.97840881347656,76.2701644897461,289.4237365722656,-0.9716575741767883,-0.22411833703517914,-0.07518422603607178
492024,-10.474203109741211,22.94039535522461,121.89735412597656,0.91552734375,3.60107421875,0.54931640625,-109.07254791259766,76.26718139648438,289.26226806640625,-0.9707204699516296,-0.22899536788463593,-0.0725470706820488
492446,-10.266764640808105,23.086944580078125,122.00316619873047,3.173828125,15.68603515625,7.568359375,-109.32046508789062,76.29789733886719,289.2180480957031,-0.9761586785316467,-0.20133788883686066,-0.08110097795724869
492809,-10.34654426574707,23.390966415405273,121.99860382080078,-0.8544921875,5.06591796875,-2.5634765625,-109.06687927246094,76.32817077636719,289.59808349609375,-0.9710017442703247,-0.22918204963207245,-0.06805352866649628
492989,-10.390233993530273,23.144039154052734,121.50067901611328,-0.48828125,0.06103515625,-11.71875,-108.4207763671875,76.41685485839844,289.7293395996094,-0.9631415009498596,-0.26057103276252747,-0.06679155677556992
493409,-9.993114471435547,22.742412567138672,121.6216049194336,-0.3662109375,0.42724609375,4.150390625,-107.87078094482422,76.24989318847656,290.017822265625,-0.9615108370780945,-0.26896756887435913,-0.05615541338920593
493589,-9.770468711853027,22.39794158935547,121.72029876708984,1.77001953125,-1.0986328125,-0.48828125,-107.32978820800781,76.0129623413086,290.44061279296875,-0.9661930203437805,-0.24909664690494537,-0.06649766117334366
493769,-9.566218376159668,22.222633361816406,121.80758666992188,7.26318359375,-5.18798828125,2.685546875,-107.04478454589844,75.90487670898438,290.6852111816406,-0.9626470804214478,-0.2600651681423187,-0.07534486800432205
494009,-9.174919128417969,22.357769012451172,121.93405151367188,1.8310546875,2.86865234375,0.3662109375,-107.65126037597656,75.68074798583984,289.79052734375,-0.9685264825820923,-0.2345920205116272,-0.08320387452840805
494189,-8.935929298400879,22.553930282592773,122.00276184082031,2.44140625,4.45556640625,0.0,-108.47201538085938,75.74398803710938,288.9090881347656,-0.9697721004486084,-0.22747887670993805,-0.08829143643379211
494369,-8.746445655822754,22.70549964904785,122.05213165283203,2.01416015625,3.60107421875,0.18310546875,-109.11778259277344,75.83685302734375,288.2064514160156,-0.9703261852264404,-0.22433294355869293,-0.0902324914932251
494659,-8.644868850708008,22.916372299194336,122.06529998779297,2.197265625,3.2958984375,0.06103515625,-110.02838897705078,75.94208526611328,287.2205810546875,-0.9716461896896362,-0.21746480464935303,-0.09280574321746826
494848,-8.55260944366455,23.104026794433594,122.07879638671875,2.3193359375,3.35693359375,0.6103515625,-110.82549285888672,76.10467529296875,286.35198974609375,-0.9712857604026794,-0.2206922471523285,-0.08887660503387451
495082,-8.670450210571289,23.1109561920166,122.02290344238281,2.50244140625,3.2958984375,0.79345703125,-111.33392333984375,76.23198699951172,285.79595947265625,-0.9719696640968323,-0.21792720258235931,-0.08821998536586761
495317,-8.949971199035645,23.169330596923828,121.89029693603516,1.953125,3.2958984375,0.48828125,-112.52845764160156,76.37071228027344,284.539306640625,-0.9718883037567139,-0.21646766364574432,-0.09260072559118271
495676,-9.104610443115234,23.220684051513672,121.81783294677734,1.953125,3.23486328125,0.6103515625,-112.87137603759766,76.33708953857422,284.15618896484375,-0.9714793562889099,-0.21848098933696747,-0.09216230362653732
495926,-9.209396362304688,23.140336990356445,121.76353454589844,1.5869140625,3.47900390625,0.9765625,-113.24391174316406,76.29077911376953,283.7132873535156,-0.9710350632667542,-0.21968579292297363,-0.09396342933177948
496098,-9.306004524230957,23.154422760009766,121.71614837646484,1.46484375,3.35693359375,0.79345703125,-113.52963256835938,76.22581481933594,283.3733215332031,-0.9711846709251404,-0.21827733516693115,-0.09568321704864502
496395,-9.487509727478027,23.139001846313477,121.63327026367188,1.46484375,3.2958984375,0.8544921875,-113.54498291015625,76.1482925415039,283.2749328613281,-0.9707353115081787,-0.2201050966978073,-0.0960567370057106
496708,-9.41425895690918,23.02288818359375,121.65513610839844,1.52587890625,3.5400390625,0.79345703125,-113.27384948730469,76.07913970947266,283.4834899902344,-0.9698655009269714,-0.22492064535617828,-0.09365705400705338
496888,-9.353555679321289,23.033828735351562,121.67330169677734,1.46484375,3.35693359375,0.67138671875,-113.37529754638672,76.10758209228516,283.34375,-0.9706383347511292,-0.22197650372982025,-0.09266979992389679
497248,-9.4274263381958,23.04305076599121,121.6330337524414,1.52587890625,3.2958984375,0.79345703125,-113.16887664794922,76.0128173828125,283.466552734375,-0.9698632955551147,-0.224925234913826,-0.09366913139820099
497489,-9.460999488830566,23.01137351989746,121.61244201660156,1.28173828125,3.5400390625,0.732421875,-113.20056915283203,75.93423461914062,283.36822509765625,-0.969895601272583,-0.22479599714279175,-0.09364508837461472
497728,-9.569665908813477,23.06759262084961,121.56487274169922,1.52587890625,3.173828125,0.79345703125,-113.3410873413086,75.91422271728516,283.17645263671875,-0.9697449803352356,-0.22393445670604706,-0.09720166027545929
497909,-9.547325134277344,23.013134002685547,121.56076049804688,1.52587890625,3.11279296875,0.732421875,-113.48258972167969,75.8497314453125,282.9432067871094,-0.9694690108299255,-0.2254301756620407,-0.096493661403656
498148,-9.74786376953125,23.06549835205078,121.47406005859375,1.64794921875,3.47900390625,0.732421875,-113.98213195800781,75.73760223388672,282.4036560058594,-0.9689007997512817,-0.22594919800758362,-0.10088727623224258
498329,-9.77845287322998,23.01801109313965,121.45226287841797,1.5869140625,3.2958984375,0.79345703125,-114.00886535644531,75.81062316894531,282.3117370605469,-0.9696265459060669,-0.22353915870189667,-0.09927099943161011
498508,-9.662721633911133,23.101078033447266,121.49169921875,1.3427734375,3.23486328125,0.8544921875,-114.05094146728516,75.67559814453125,282.2158508300781,-0.968829870223999,-0.22651852667331696,-0.1002897322177887
498928,-9.781168937683105,23.05172348022461,121.43757629394531,1.5869140625,3.47900390625,0.79345703125,-114.2729721069336,75.66496276855469,281.9473571777344,-0.9686750173568726,-0.22695286571979523,-0.1008015125989914
499228,-9.70694351196289,23.066219329833984,121.4609375,1.708984375,3.23486328125,0.8544921875,-114.42526245117188,75.62844848632812,281.75653076171875,-0.9694324135780334,-0.2246522605419159,-0.09865112602710724
499408,-9.897743225097656,23.06035041809082,121.36847686767578,1.5869140625,3.5400390625,0.732421875,-114.61065673828125,75.57847595214844,281.4838562011719,-0.9682243466377258,-0.2270376831293106,-0.10486011952161789
499768,-9.95178508758545,23.015960693359375,121.339599609375,1.52587890625,3.41796875,0.8544921875,-114.78679656982422,75.50214385986328,281.25823974609375,-0.9681793451309204,-0.227356418967247,-0.10458394885063171
499948,-9.84179973602295,23.134395599365234,121.3735580444336,1.3427734375,3.23486328125,0.9765625,-115.11846923828125,75.50679016113281,280.8611145019531,-0.9686476588249207,-0.2244354635477066,-0.1065380871295929
500128,-9.894245147705078,23.165172576904297,121.34902954101562,1.3427734375,3.35693359375,0.8544921875,-115.04310607910156,75.5338363647461,280.8914489746094,-0.968396782875061,-0.22646541893482208,-0.10450410842895508
500368,-9.841496467590332,23.007471084594727,121.35858154296875,1.28173828125,3.35693359375,0.91552734375,-114.70445251464844,75.69320678710938,281.12994384765625,-0.9688102602958679,-0.22636200487613678,-0.10083072632551193
500722,-9.605693817138672,23.11377716064453,121.44669342041016,1.3427734375,3.5400390625,0.732421875,-114.37249755859375,75.73987579345703,281.4028625488281,-0.9697383046150208,-0.226602241396904,-0.090879425406456
500893,-9.629358291625977,23.02552032470703,121.43243408203125,1.46484375,3.662109375,0.67138671875,-114.11296081542969,75.77735900878906,281.61199951171875,-0.9688560962677002,-0.22964857518672943,-0.09262532740831375
501143,-9.422080039978027,22.95273780822754,121.5004653930664,1.3427734375,2.8076171875,0.8544921875,-113.40790557861328,75.81121063232422,282.1964111328125,-0.9690690040588379,-0.230085551738739,-0.08925322443246841
501440,-9.470734596252441,23.104928970336914,121.53070068359375,4.08935546875,10.07080078125,4.8828125,-113.71663665771484,75.8531265258789,282.10247802734375,-0.965060293674469,-0.24484112858772278,-0.09333524852991104
501628,-9.39639949798584,23.296056747436523,121.62850189208984,-3.41796875,13.3056640625,-1.46484375,-113.2657470703125,75.77816009521484,282.67095947265625,-0.9662635326385498,-0.24851590394973755,-0.06763483583927155
501800,-9.4301176071167,23.233274459838867,121.57445526123047,-3.60107421875,8.72802734375,-5.55419921875,-112.93733978271484,75.78128814697266,282.94970703125,-0.9657451510429382,-0.24866707623004913,-0.07416807860136032
502034,-9.485114097595215,22.993297576904297,121.19705963134766,5.126953125,-0.9765625,-2.3193359375,-112.44599151611328,75.83159637451172,283.0283203125,-0.9538534283638,-0.28741663694381714,-0.0869213193655014
502222,-9.380428314208984,22.917917251586914,121.19609069824219,1.3427734375,2.50244140625,-5.37109375,-112.18022155761719,75.7896957397461,283.20526123046875,-0.9627571105957031,-0.25829777121543884,-0.0798809751868248
502456,-9.307063102722168,22.59278678894043,121.13568878173828,-2.197265625,-7.75146484375,-0.48828125,-111.95932006835938,75.64069366455078,283.1905822753906,-0.9623491168022156,-0.25215861201286316,-0.10149022936820984
502706,-9.129289627075195,22.455772399902344,121.2377700805664,3.47900390625,-8.36181640625,1.708984375,-111.63426971435547,75.64915466308594,283.4476623535156,-0.9670987725257874,-0.24327267706394196,-0.07441987097263336
503003,-8.770556449890137,22.53125762939453,121.33346557617188,2.50244140625,1.953125,-1.03759765625,-111.61331939697266,75.68657684326172,283.2279052734375,-0.970443069934845,-0.2274159938097,-0.08076122403144836
503237,-8.647014617919922,22.62515640258789,121.34364318847656,3.173828125,3.0517578125,-0.3662109375,-111.57459259033203,75.72918701171875,283.1737365722656,-0.9691224694252014,-0.231483593583107,-0.0849524587392807
503425,-8.3427152633667,22.875686645507812,121.43136596679688,1.953125,3.35693359375,1.220703125,-111.8682861328125,75.84513854980469,282.7402038574219,-0.9710573554039001,-0.2201383411884308,-0.09266455471515656
503597,-8.286055564880371,22.983810424804688,121.4483871459961,1.708984375,3.173828125,0.67138671875,-112.09103393554688,75.77216339111328,282.476806640625,-0.9674398899078369,-0.23543308675289154,-0.09290578961372375
503847,-8.189122200012207,23.060340881347656,121.4774169921875,1.52587890625,3.2958984375,0.732421875,-112.10398864746094,75.63258361816406,282.4030456542969,-0.9684470295906067,-0.23266640305519104,-0.08931233733892441
504018,-8.21654224395752,23.020858764648438,121.45905303955078,1.46484375,3.41796875,0.48828125,-112.00608825683594,75.537353515625,282.4564514160156,-0.967867374420166,-0.23429815471172333,-0.09130824357271194
504378,-8.297810554504395,23.03803062438965,121.41985321044922,1.40380859375,3.41796875,0.8544921875,-112.12975311279297,75.3852310180664,282.29229736328125,-0.9667448997497559,-0.2365858554840088,-0.09711592644453049
504628,-8.225576400756836,22.9310359954834,121.43877410888672,1.3427734375,3.60107421875,0.54931640625,-112.27625274658203,75.40380096435547,282.1032409667969,-0.9677978754043579,-0.23304152488708496,-0.0951775535941124
504862,-8.337761878967285,22.89773178100586,121.3814926147461,1.64794921875,3.47900390625,0.67138671875,-112.43502044677734,75.39935302734375,281.8718566894531,-0.9670209288597107,-0.2361496537923813,-0.09541399776935577
505159,-8.31342601776123,22.885181427001953,121.38165283203125,1.52587890625,3.23486328125,0.54931640625,-112.8567886352539,75.4903564453125,281.4122314453125,-0.9681183099746704,-0.23082312941551208,-0.09730193018913269
505347,-8.263337135314941,22.86964988708496,121.39139556884766,1.52587890625,3.35693359375,0.732421875,-112.9330062866211,75.40373229980469,281.261962890625,-0.9677178859710693,-0.2321614772081375,-0.09809808433055878
505581,-8.353825569152832,22.873199462890625,121.35315704345703,1.3427734375,3.35693359375,0.91552734375,-112.626220703125,75.39945220947266,281.52362060546875,-0.9675168395042419,-0.23380661010742188,-0.09615371376276016
505815,-8.18681812286377,22.89649772644043,121.40738677978516,1.77001953125,3.60107421875,0.8544921875,-112.52107238769531,75.3035659790039,281.5414733886719,-0.9665663838386536,-0.23710036277770996,-0.09763658791780472
506128,-8.308003425598145,22.862703323364258,121.35713195800781,1.3427734375,3.47900390625,0.9765625,-112.39684295654297,75.34227752685547,281.61480712890625,-0.9672119617462158,-0.2349643111228943,-0.09639867395162582
506425,-8.3869047164917,22.868480682373047,121.31831359863281,1.64794921875,3.173828125,0.79345703125,-112.80284881591797,75.2479019165039,281.1529846191406,-0.9671908617019653,-0.23424993455410004,-0.09833008050918579
506659,-8.396294593811035,22.882036209106445,121.30451202392578,1.220703125,3.173828125,0.732421875,-112.76526641845703,75.32036590576172,281.0874328613281,-0.9672907590866089,-0.2339872270822525,-0.09797318279743195
506847,-8.48006820678711,22.836711883544922,121.26766967773438,1.5869140625,3.47900390625,0.79345703125,-112.98170471191406,75.25862884521484,280.83526611328125,-0.9669991731643677,-0.23465178906917572,-0.09925281256437302
507081,-8.370824813842773,22.822481155395508,121.30171203613281,1.708984375,2.99072265625,0.732421875,-112.9384765625,75.2804183959961,280.79339599609375,-0.9661036729812622,-0.23762506246566772,-0.10088642686605453
507268,-8.369708061218262,22.84941291809082,121.29601287841797,1.46484375,3.2958984375,0.79345703125,-113.03834533691406,75.27860260009766,280.6413269042969,-0.9664852619171143,-0.23777183890342712,-0.0968036949634552
507503,-8.406484603881836,22.7933349609375,121.27658081054688,1.40380859375,3.173828125,0.91552734375,-112.84965515136719,75.28815460205078,280.7556457519531,-0.9671286940574646,-0.23455320298671722,-0.0982184037566185
507675,-8.295120239257812,22.894508361816406,121.31745147705078,1.3427734375,3.47900390625,0.79345703125,-113.1209716796875,75.33380126953125,280.4499816894531,-0.9674640893936157,-0.23323754966259003,-0.0980481430888176
507987,-8.399676322937012,22.885704040527344,121.2696762084961,1.52587890625,3.47900390625,0.79345703125,-113.09922790527344,75.28787994384766,280.401123046875,-0.9668985605239868,-0.2349785566329956,-0.0994599238038063
508284,-8.477656364440918,22.808277130126953,121.23535919189453,1.64794921875,3.2958984375,0.91552734375,-112.93851470947266,75.18426513671875,280.51617431640625,-0.9666064977645874,-0.2361833155155182,-0.09944560378789902
508456,-8.55290412902832,22.889863967895508,121.19898223876953,1.46484375,3.11279296875,0.8544921875,-113.44979095458984,75.15020751953125,279.9384765625,-0.9669174551963806,-0.2339046746492386,-0.10178078711032867
508643,-8.560281753540039,22.924518585205078,121.19295501708984,1.708984375,2.99072265625,0.8544921875,-113.64598846435547,75.144775390625,279.70611572265625,-0.966454029083252,-0.2351931631565094,-0.10320309549570084
508878,-8.631221771240234,22.972196578979492,121.15803527832031,1.8310546875,3.11279296875,0.91552734375,-114.15768432617188,75.07969665527344,279.1239318847656,-0.9661548733711243,-0.23511402308940887,-0.10614196956157684
509128,-8.676414489746094,22.99712371826172,121.13485717773438,1.5869140625,3.2958984375,0.9765625,-114.36225891113281,74.96763610839844,278.8822937011719,-0.965714156627655,-0.23659877479076385,-0.10685106366872787
509425,-8.803585052490234,23.002241134643555,121.0793228149414,1.52587890625,3.23486328125,0.79345703125,-114.2010498046875,75.0211410522461,278.978515625,-0.9659876227378845,-0.23606397211551666,-0.10555414855480194
509722,-8.866944313049316,22.96551513671875,121.05005645751953,1.46484375,3.173828125,0.91552734375,-114.42250061035156,75.05692291259766,278.7082824707031,-0.9661797881126404,-0.23551079630851746,-0.10502993315458298
509956,-8.701929092407227,22.95951271057129,121.10942840576172,1.0986328125,3.47900390625,0.79345703125,-114.45526885986328,75.11707305908203,278.608642578125,-0.9665423631668091,-0.23422639071941376,-0.10456535220146179
510268,-8.690211296081543,22.834550857543945,121.10771179199219,1.52587890625,3.35693359375,0.79345703125,-114.30902862548828,75.08910369873047,278.6803894042969,-0.9663279056549072,-0.23464547097682953,-0.10560242086648941
510503,-8.6414213180542,22.854795455932617,121.11660766601562,1.5869140625,3.2958984375,0.79345703125,-113.79339599609375,75.1833267211914,279.09405517578125,-0.9666311144828796,-0.23532353341579437,-0.10122855752706528
510675,-8.698458671569824,22.915992736816406,121.08648681640625,1.40380859375,3.173828125,0.8544921875,-113.51329803466797,75.14897918701172,279.28387451171875,-0.9672731161117554,-0.23286205530166626,-0.10078747570514679
510862,-8.666605949401855,22.967863082885742,121.0931396484375,1.3427734375,3.5400390625,0.8544921875,-113.81805419921875,75.23645782470703,278.9332275390625,-0.967406153678894,-0.23200075328350067,-0.10149286687374115
511097,-8.677412033081055,22.930015563964844,121.08067321777344,1.46484375,3.173828125,0.79345703125,-113.84683990478516,75.27129364013672,278.832275390625,-0.9674570560455322,-0.23200322687625885,-0.10100089013576508
511284,-8.699661254882812,22.962291717529297,121.06864929199219,1.40380859375,3.35693359375,0.732421875,-113.94189453125,75.22526550292969,278.7001037597656,-0.9671375751495361,-0.2324286699295044,-0.10306250303983688
511643,-8.608555793762207,22.978322982788086,121.09993743896484,1.40380859375,3.5400390625,0.91552734375,-114.03223419189453,75.29839324951172,278.5557861328125,-0.9675599336624146,-0.23139643669128418,-0.10140784084796906
511878,-8.625945091247559,22.913291931152344,121.08734130859375,1.52587890625,3.23486328125,0.91552734375,-113.68771362304688,75.33973693847656,278.8310852050781,-0.9675998091697693,-0.23170745372772217,-0.10031091421842575
512128,-8.507254600524902,22.93071174621582,121.13056945800781,1.220703125,3.5400390625,0.8544921875,-113.76785278320312,75.4134750366211,278.6868591308594,-0.968449592590332,-0.22896061837673187,-0.09839926660060883
512362,-8.495530128479004,22.905075073242188,121.1270523071289,1.46484375,3.35693359375,0.79345703125,-113.44023132324219,75.54434204101562,278.935546875,-0.9683118462562561,-0.22998152673244476,-0.09736880660057068
512534,-8.47270679473877,22.82305335998535,121.13005065917969,1.28173828125,3.41796875,0.79345703125,-113.07492065429688,75.51827239990234,279.2223205566406,-0.9678976535797119,-0.2325437366962433,-0.09538113325834274
512909,-8.449599266052246,22.85852813720703,121.13388061523438,1.64794921875,3.41796875,0.79345703125,-113.00131225585938,75.46786499023438,279.23992919921875,-0.9675731658935547,-0.23238970339298248,-0.09898079931735992
513206,-8.400081634521484,22.91282081604004,121.14249420166016,3.35693359375,4.45556640625,0.67138671875,-113.34040069580078,75.45184326171875,278.8450012207031,-0.9674001932144165,-0.23243431746959686,-0.10055414587259293
513378,-8.534863471984863,22.879915237426758,121.07937622070312,1.40380859375,2.8076171875,0.3662109375,-113.49617004394531,75.43621063232422,278.6568603515625,-0.9672248959541321,-0.23195242881774902,-0.1033155769109726
513565,-8.704411506652832,22.78373908996582,120.99449920654297,1.5869140625,3.23486328125,0.67138671875,-113.34521484375,75.29623413085938,278.70611572265625,-0.9664546251296997,-0.23628702759742737,-0.10066737234592438
513925,-8.773897171020508,22.78423309326172,120.95481872558594,1.46484375,3.41796875,0.732421875,-113.39042663574219,75.2638168334961,278.5830383300781,-0.966292679309845,-0.23899109661579132,-0.09571653604507446
514097,-8.7072172164917,22.775691986083984,120.97798919677734,3.0517578125,4.5166015625,2.13623046875,-113.23057556152344,75.31488037109375,278.78778076171875,-0.974516749382019,-0.2147199958562851,-0.06490426510572433
514347,-8.609007835388184,23.124082565307617,121.02533721923828,0.30517578125,25.5126953125,6.28662109375,-113.41569519042969,75.19038391113281,278.723876953125,-0.9687312245368958,-0.2401733547449112,-0.062262725085020065
514581,-8.717253684997559,23.219573974609375,121.13994598388672,-3.41796875,1.03759765625,20.32470703125,-113.01486206054688,75.01252746582031,279.32525634765625,-0.9506726264953613,-0.2904115915298462,-0.10900702327489853
514768,-8.685396194458008,23.089799880981445,121.7527847290039,-14.34326171875,-0.67138671875,31.31103515625,-113.00492858886719,75.01824188232422,279.830078125,-0.9803847670555115,-0.19383171200752258,-0.03570898249745369
514940,-8.617358207702637,22.847660064697266,122.04523468017578,0.244140625,-0.48828125,1.708984375,-112.93229675292969,75.15088653564453,280.0531921386719,-0.9709774255752563,-0.23338714241981506,-0.05227968469262123
515118,-8.56576156616211,22.687301635742188,122.09721374511719,0.9765625,6.77490234375,5.43212890625,-112.66444396972656,75.31396484375,280.3108825683594,-0.9743027687072754,-0.22161491215229034,-0.04026142135262489
515305,-8.52663803100586,22.550090789794922,122.19010162353516,2.99072265625,-3.84521484375,0.79345703125,-112.44896697998047,75.39012908935547,280.5157775878906,-0.9688819050788879,-0.24138109385967255,-0.054799385368824005
515665,-8.38390827178955,22.210418701171875,122.2957763671875,5.9814453125,-19.8974609375,1.220703125,-112.19587707519531,75.54878997802734,280.57415771484375,-0.9752634763717651,-0.21515649557113647,-0.05068184435367584
515836,-8.283169746398926,22.205577850341797,122.28340148925781,2.74658203125,-0.42724609375,-1.03759765625,-111.91207885742188,75.62992858886719,280.6122131347656,-0.9785172939300537,-0.19453813135623932,-0.06825482100248337
516149,-8.312405586242676,22.36250114440918,122.24540710449219,2.9296875,2.25830078125,-0.48828125,-111.92724609375,75.80381774902344,280.495361328125,-0.9782885909080505,-0.1946747601032257,-0.07108505815267563
516321,-8.531529426574707,22.675315856933594,122.14830017089844,1.64794921875,4.0283203125,1.03759765625,-111.93315887451172,76.21162414550781,280.3089294433594,-0.9734976887702942,-0.21925945580005646,-0.06501849740743637
516508,-8.768457412719727,22.83286476135254,122.04849243164062,1.77001953125,3.47900390625,0.732421875,-111.64591979980469,76.42040252685547,280.5176696777344,-0.9733460545539856,-0.21575579047203064,-0.07776273041963577
516689,-8.952116012573242,22.981578826904297,121.96475982666016,1.46484375,3.5400390625,0.6103515625,-111.3866958618164,76.59257507324219,280.7144775390625,-0.9751317501068115,-0.21117883920669556,-0.06724221259355545
516869,-9.110372543334961,23.10384178161621,121.8902816772461,1.52587890625,3.173828125,0.48828125,-111.05662536621094,76.73152160644531,280.97760009765625,-0.9754376411437988,-0.20879212021827698,-0.07019426673650742
517109,-9.270343780517578,23.154329299926758,121.82356262207031,1.77001953125,3.2958984375,1.03759765625,-110.84037017822266,76.85374450683594,281.1510925292969,-0.9742933511734009,-0.21176138520240784,-0.07687392085790634
517289,-9.429378509521484,23.1961669921875,121.7548599243164,1.46484375,3.35693359375,0.67138671875,-110.53884887695312,76.93965148925781,281.41015625,-0.9744016528129578,-0.21098122000694275,-0.0776420384645462
517469,-9.641690254211426,23.2535400390625,121.66214752197266,1.77001953125,3.47900390625,0.67138671875,-110.64814758300781,77.07408142089844,281.250244140625,-0.9734745025634766,-0.21502400934696198,-0.07817966490983963
517829,-9.835713386535645,23.25611686706543,121.5763931274414,1.64794921875,3.2958984375,0.79345703125,-111.02339172363281,77.10580444335938,280.8349609375,-0.9747623205184937,-0.2084510177373886,-0.07991617172956467
518009,-10.021122932434082,23.223960876464844,121.49583435058594,1.40380859375,3.35693359375,0.67138671875,-111.96395111083984,77.14937591552734,279.8854064941406,-0.9753217101097107,-0.20211198925971985,-0.08887193351984024
518309,-10.12431812286377,23.218250274658203,121.4477767944336,1.3427734375,3.47900390625,0.67138671875,-112.64618682861328,77.2029037475586,279.19342041015625,-0.9751391410827637,-0.20139002799987793,-0.09244328737258911
518489,-9.96352481842041,23.22823143005371,121.48793029785156,1.52587890625,3.60107421875,0.3662109375,-114.19488525390625,77.53882598876953,277.5898132324219,-0.9771067500114441,-0.19262175261974335,-0.09032883495092392
518730,-9.965149879455566,23.126144409179688,121.47893524169922,1.28173828125,3.11279296875,0.6103515625,-114.50470733642578,77.61627197265625,277.2392578125,-0.9771003723144531,-0.19393925368785858,-0.08753538876771927
518910,-9.993762969970703,23.274221420288086,121.46128845214844,1.52587890625,2.86865234375,1.03759765625,-114.47832489013672,77.72552490234375,277.1794738769531,-0.977097749710083,-0.19379563629627228,-0.08788267523050308
519270,-9.994763374328613,23.342479705810547,121.45368194580078,1.64794921875,3.23486328125,0.91552734375,-114.69415283203125,77.75270080566406,276.90301513671875,-0.9773426651954651,-0.19305385649204254,-0.08678458631038666
519510,-10.086676597595215,23.315189361572266,121.41287231445312,1.5869140625,3.0517578125,0.9765625,-114.73193359375,77.63822937011719,276.8238830566406,-0.9762500524520874,-0.19639475643634796,-0.09146009385585785
519690,-9.95298957824707,23.342926025390625,121.46078491210938,1.64794921875,3.2958984375,0.9765625,-114.82321166992188,77.68457794189453,276.6915283203125,-0.9765343070030212,-0.19583259522914886,-0.08961223065853119
519930,-10.1106538772583,23.372867584228516,121.38536834716797,1.708984375,3.173828125,0.91552734375,-114.82923889160156,77.73064422607422,276.5899353027344,-0.9771144986152649,-0.19332388043403625,-0.08873101323843002
520230,-10.118545532226562,23.405078887939453,121.37316131591797,1.5869140625,3.173828125,0.79345703125,-114.62484741210938,77.57460021972656,276.71539306640625,-0.9764630794525146,-0.19634424149990082,-0.08926910907030106
520470,-10.169629096984863,23.39884376525879,121.34712219238281,1.3427734375,3.35693359375,0.8544921875,-114.80265045166016,77.5915756225586,276.5042419433594,-0.9766979217529297,-0.19483694434165955,-0.08999838680028915
520815,-10.210169792175293,23.377405166625977,121.3211441040039,1.52587890625,3.11279296875,0.91552734375,-114.5247573852539,77.59114837646484,276.70977783203125,-0.9763999581336975,-0.1969793289899826,-0.0885569229722023
521065,-10.265735626220703,23.425443649291992,121.2887954711914,1.46484375,3.2958984375,0.732421875,-114.53721618652344,77.53213500976562,276.6322326660156,-0.9763715863227844,-0.19733008742332458,-0.08808738738298416
521300,-10.330543518066406,23.408008575439453,121.2516860961914,1.40380859375,3.23486328125,0.8544921875,-114.75704193115234,77.4114761352539,276.33984375,-0.9756775498390198,-0.1993858963251114,-0.0910966694355011
521659,-10.225430488586426,23.37837028503418,121.28107452392578,1.220703125,3.47900390625,0.79345703125,-115.07967376708984,77.49689483642578,275.9430236816406,-0.9755561351776123,-0.19991786777973175,-0.09123045951128006
521847,-10.318259239196777,23.40973472595215,121.23529052734375,1.40380859375,3.35693359375,0.79345703125,-114.81315612792969,77.46623229980469,276.14459228515625,-0.9756936430931091,-0.19994015991687775,-0.08969836682081223
522081,-10.27818775177002,23.415082931518555,121.24028015136719,1.5869140625,3.2958984375,0.732421875,-114.82958221435547,77.46566009521484,276.06231689453125,-0.9757457971572876,-0.19878296554088593,-0.09168161451816559
522269,-10.235685348510742,23.42978858947754,121.24439239501953,1.52587890625,3.47900390625,0.732421875,-114.69076538085938,77.53441619873047,276.1211242675781,-0.976677656173706,-0.19569416344165802,-0.0883432999253273
522503,-10.252878189086914,23.367258071899414,121.2297134399414,1.3427734375,3.173828125,0.8544921875,-114.65425872802734,77.53416442871094,276.10284423828125,-0.9764608144760132,-0.19615226984024048,-0.08971397578716278
522737,-10.228297233581543,23.369037628173828,121.23051452636719,1.46484375,3.35693359375,0.732421875,-114.61079406738281,77.57563018798828,276.09466552734375,-0.9761841893196106,-0.19815653562545776,-0.0883088931441307
522925,-10.189676284790039,23.38439178466797,121.2385482788086,1.3427734375,3.35693359375,0.8544921875,-114.38482666015625,77.66130065917969,276.2601623535156,-0.9772562384605408,-0.19384880363941193,-0.08598228543996811
523159,-10.143310546875,23.36625862121582,121.24812316894531,1.3427734375,3.41796875,0.8544921875,-114.19916534423828,77.6820297241211,276.37567138671875,-0.9765877723693848,-0.1974462866783142,-0.08538864552974701
523350,-10.080527305603027,23.34835433959961,121.2645492553711,1.40380859375,3.35693359375,0.67138671875,-114.03736877441406,77.78164672851562,276.4782409667969,-0.977489709854126,-0.19324974715709686,-0.08466634899377823
523647,-10.056212425231934,23.310354232788086,121.26872253417969,1.5869140625,3.2958984375,0.91552734375,-113.87183380126953,77.85189056396484,276.5987243652344,-0.9773997664451599,-0.19404610991477966,-0.08387953788042068
523881,-10.04063892364502,23.341569900512695,121.26554107666016,1.46484375,3.41796875,0.732421875,-113.38785552978516,77.8528060913086,277.0001220703125,-0.9774025678634644,-0.19493140280246735,-0.08176853507757187
524116,-9.964404106140137,23.382272720336914,121.29036712646484,1.46484375,3.5400390625,0.79345703125,-113.2379379272461,77.90930938720703,277.1041564941406,-0.9774187803268433,-0.1952683925628662,-0.08076357841491699
524366,-10.051093101501465,23.34161376953125,121.24368286132812,1.64794921875,3.2958984375,0.8544921875,-113.13890075683594,77.87953186035156,277.1181640625,-0.9775654673576355,-0.1939338594675064,-0.0821915864944458
524537,-10.1111478805542,23.39525604248047,121.21138763427734,1.52587890625,3.0517578125,0.732421875,-113.322509765625,77.85124969482422,276.8879699707031,-0.9774823784828186,-0.1936578005552292,-0.08381490409374237
524789,-10.113985061645508,23.39657974243164,121.20098876953125,1.5869140625,3.11279296875,0.91552734375,-113.80286407470703,77.78421783447266,276.3553771972656,-0.9773613214492798,-0.1938459277153015,-0.08478517085313797
525029,-10.199043273925781,23.391986846923828,121.15958404541016,1.5869140625,3.2958984375,0.8544921875,-114.07818603515625,77.72311401367188,276.0342712402344,-0.9765765070915222,-0.19663015007972717,-0.08737789839506149
525209,-10.213676452636719,23.47083854675293,121.14476776123047,1.46484375,3.2958984375,0.79345703125,-114.17008972167969,77.67692565917969,275.89215087890625,-0.9767814874649048,-0.19593080878257751,-0.08665479719638824
525389,-10.142733573913574,23.529949188232422,121.16776275634766,1.28173828125,3.41796875,0.91552734375,-114.36750030517578,77.74085998535156,275.6563415527344,-0.9779514670372009,-0.1898552030324936,-0.0869821235537529
525570,-10.189823150634766,23.60731315612793,121.13921356201172,1.8310546875,3.35693359375,1.15966796875,-115.20186614990234,77.91926574707031,274.7815246582031,-0.9789446592330933,-0.1835150271654129,-0.08938345313072205
525749,-10.248699188232422,23.575634002685547,121.11534881591797,2.3193359375,5.06591796875,2.3193359375,-115.70906066894531,77.94092559814453,274.25830078125,-0.970855176448822,-0.2100750207901001,-0.1153632327914238
525989,-10.338006019592285,23.49114990234375,121.09180450439453,-1.708984375,3.662109375,0.30517578125,-115.92858123779297,77.72799682617188,274.0910339355469,-0.9803816080093384,-0.15911509096622467,-0.11633700132369995
526229,-10.160553932189941,23.451942443847656,121.16983795166016,10.8642578125,0.67138671875,5.06591796875,-116.0167236328125,77.8262939453125,274.0985412597656,-0.9926673769950867,-0.08535484969615936,-0.08559327572584152
526409,-10.267797470092773,23.475181579589844,121.14325714111328,0.18310546875,2.9296875,1.77001953125,-116.3299789428711,77.7555160522461,273.9672546386719,-0.9765933156013489,-0.05285866931080818,-0.20849809050559998
526589,-10.453893661499023,23.54480743408203,121.07876586914062,-0.6103515625,5.9814453125,0.06103515625,-118.96188354492188,77.96511840820312,271.1080627441406,-0.9761229157447815,-0.1549883931875229,-0.15219251811504364
526816,-10.334016799926758,23.463485717773438,121.10147094726562,-0.732421875,3.5400390625,-0.67138671875,-119.87581634521484,78.08665466308594,270.052001953125,-0.9890806674957275,-0.12346945703029633,-0.08046595007181168
527003,-10.094822883605957,23.44511604309082,121.17554473876953,1.28173828125,3.173828125,0.244140625,-120.37443542480469,78.24893951416016,269.4429626464844,-0.9914159178733826,-0.11621344089508057,-0.05990755185484886
527175,-9.913216590881348,23.437990188598633,121.23947143554688,1.0986328125,3.84521484375,0.48828125,-120.6583251953125,78.3824234008789,269.11334228515625,-0.9920079708099365,-0.1144808828830719,-0.05304919555783272
527363,-9.63126277923584,23.3939208984375,121.33796691894531,1.708984375,3.5400390625,0.67138671875,-121.01726531982422,78.61946868896484,268.67681884765625,-0.9936525821685791,-0.09710312634706497,-0.05679389834403992
527597,-9.457468032836914,23.356834411621094,121.39921569824219,1.77001953125,3.23486328125,0.91552734375,-121.25782775878906,78.79187774658203,268.39776611328125,-0.9933122992515564,-0.09770676493644714,-0.06151464954018593
527785,-9.229583740234375,23.312658309936523,121.48269653320312,1.15966796875,3.35693359375,0.79345703125,-121.6858901977539,79.02583312988281,267.9190979003906,-0.9931787252426147,-0.09909158200025558,-0.06145583465695381
528019,-9.012248039245605,23.259889602661133,121.56066131591797,1.220703125,3.41796875,0.6103515625,-122.11544799804688,79.24473571777344,267.4471740722656,-0.993503212928772,-0.0971723198890686,-0.05923682078719139
528207,-8.872495651245117,23.201217651367188,121.60946655273438,1.15966796875,3.72314453125,0.54931640625,-122.3807601928711,79.40103149414062,267.14556884765625,-0.9933590888977051,-0.09994783252477646,-0.056993063539266586
528382,-8.694184303283691,23.115468978881836,121.67105102539062,1.40380859375,3.23486328125,0.732421875,-122.67536163330078,79.60017395019531,266.8015441894531,-0.9938895106315613,-0.0968097597360611,-0.053023435175418854
528630,-8.503114700317383,23.03460693359375,121.73860931396484,1.40380859375,3.35693359375,0.67138671875,-122.93318939208984,79.80474090576172,266.4894714355469,-0.9935039281845093,-0.09976959228515625,-0.054735537618398666
528810,-8.441902160644531,22.93939781188965,121.75521850585938,1.3427734375,3.11279296875,0.6103515625,-123.1124267578125,79.99250793457031,266.2633972167969,-0.9944509267807007,-0.08857166022062302,-0.05676747113466263
528990,-8.303618431091309,22.889015197753906,121.80204010009766,1.708984375,3.47900390625,0.6103515625,-123.28382110595703,80.1524658203125,266.0560302734375,-0.9936709403991699,-0.09865981340408325,-0.05370546132326126
529170,-8.247427940368652,22.897172927856445,121.81620788574219,0.9765625,4.08935546875,0.79345703125,-123.45874786376953,80.41207885742188,265.80059814453125,-0.9936162233352661,-0.09477865695953369,-0.06118622049689293
529350,-8.246286392211914,22.94538688659668,121.81217193603516,1.89208984375,3.5400390625,1.0986328125,-123.33944702148438,80.5405044555664,265.8857727050781,-0.9956234097480774,-0.06257174909114838,-0.06941740959882736
529530,-8.266475677490234,22.889314651489258,121.79298400878906,3.72314453125,2.62451171875,1.52587890625,-123.7724838256836,80.78927612304688,265.4104919433594,-0.992210865020752,-0.07749383896589279,-0.09753119200468063
529770,-8.281949996948242,22.84173011779785,121.78104400634766,2.5634765625,3.173828125,1.0986328125,-124.1321029663086,80.90782928466797,265.0732116699219,-0.990983784198761,-0.05770980939269066,-0.12091579288244247
529950,-8.404084205627441,22.830577850341797,121.72663879394531,4.7607421875,3.2958984375,2.197265625,-124.59037017822266,81.02873992919922,264.63873291015625,-0.9886472225189209,-0.02930654212832451,-0.14737004041671753
530250,-8.565742492675781,22.885589599609375,121.66452026367188,0.48828125,3.72314453125,1.40380859375,-125.49251556396484,81.1532211303711,263.79693603515625,-0.9806512594223022,-0.05417500436306,-0.1881176084280014
530430,-8.657506942749023,22.909955978393555,121.63601684570312,2.62451171875,3.662109375,1.89208984375,-126.83617401123047,81.3343276977539,262.6754150390625,-0.9748527407646179,-0.062347330152988434,-0.21395105123519897
530597,-8.832571983337402,22.876598358154297,121.56234741210938,3.5400390625,3.2958984375,1.40380859375,-129.46649169921875,81.4260025024414,259.9671936035156,-0.9641666412353516,-0.12870748341083527,-0.23198534548282623
530784,-8.982169151306152,22.88739585876465,121.5016098022461,1.0986328125,3.84521484375,0.79345703125,-130.716552734375,81.31922149658203,258.6419677734375,-0.9641056656837463,-0.10833045840263367,-0.24241450428962708
531144,-9.231447219848633,22.879291534423828,121.4057388305664,-3.41796875,2.5634765625,-0.3662109375,-131.95779418945312,80.93334197998047,257.2939453125,-0.9558178782463074,-0.16492816805839539,-0.24333283305168152
531378,-9.396530151367188,22.65213394165039,121.46298217773438,-34.7900390625,-21.66748046875,3.60107421875,-130.1812286376953,80.4852294921875,259.18414306640625,-0.9750831127166748,-0.07886159420013428,-0.207349494099617
531566,-9.195793151855469,22.71731185913086,121.70894622802734,10.07080078125,14.7705078125,34.912109375,-130.61680603027344,80.47624206542969,258.8489074707031,-0.9901220798492432,-0.14004115760326385,-0.0068464563228189945
531737,-9.41991901397705,23.159948348999023,126.15560913085938,-51.45263671875,-8.11767578125,205.4443359375,-140.5752716064453,79.74774932861328,252.7463836669922,-0.8459030985832214,0.07474995404481888,-0.5280722975730896
531925,-8.440855026245117,23.233999252319336,127.39299011230469,14.5263671875,3.72314453125,6.40869140625,-140.72210693359375,80.5510482788086,253.39341735839844,-0.9713161587715149,-0.005891865584999323,-0.23771874606609344
532097,-8.393783569335938,23.29315185546875,127.40385437011719,12.02392578125,6.40869140625,7.75146484375,-142.34364318847656,80.96612548828125,251.8540802001953,-0.9521834850311279,-0.1287359893321991,-0.277080774307251
532284,-8.52149772644043,23.296916961669922,127.3555679321289,-2.38037109375,2.3193359375,4.2724609375,-142.52999877929688,81.04893493652344,251.84231567382812,-0.952259361743927,-0.08188141137361526,-0.294104665517807
532456,-8.891674041748047,23.395496368408203,127.54249572753906,-28.076171875,5.06591796875,35.82763671875,-143.388916015625,81.11949157714844,251.30953979492188,-0.9900906682014465,-0.04621356725692749,-0.13260816037654877
532644,-8.973093032836914,23.67350196838379,129.20567321777344,17.02880859375,12.39013671875,-12.451171875,-144.5386199951172,80.99754333496094,251.38131713867188,-0.9748091101646423,-0.0675119161605835,-0.21257783472537994
532823,-8.859969139099121,23.7437801361084,129.23974609375,20.56884765625,16.357421875,4.5166015625,-142.37562561035156,80.91273498535156,253.69100952148438,-0.9619181752204895,0.0,-0.27333760261535645
533004,-9.055338859558105,23.58059310913086,129.20993041992188,-4.82177734375,-7.26318359375,-4.94384765625,-140.954345703125,80.66407012939453,255.212158203125,-0.9250913262367249,-0.022900661453604698,-0.37905365228652954
