timestamp,Roll1,Pitch1,Yaw1,gx,gy,gz,Roll2,Pitch2,Yaw2,ax,ay,az,target_angle_deg
140163,-11.463080406188965,22.693437576293945,137.93666076660156,6.40869140625,-3.60107421875,-2.685546875,-142.96417236328125,77.30858612060547,347.5673522949219,-0.9680810570716858,-0.2504918873310089,0.0085325706750154,0.0
140288,-11.503692626953123,22.716598510742188,137.92254638671875,-1.28173828125,7.50732421875,0.91552734375,-142.74578857421875,77.30876922607422,347.7527160644531,-0.9305016398429872,-0.3655542135238647,-0.0231689289212226,0.0
140413,-11.491252899169922,22.68319320678711,137.91783142089844,4.8828125,-0.67138671875,1.28173828125,-142.45074462890625,77.30816650390625,348.0024719238281,-0.9491785168647766,-0.3140426874160766,-0.02091228030622,0.0
140522,-11.526042938232422,22.63999938964844,137.8925018310547,-2.0751953125,5.43212890625,-1.0986328125,-141.9502410888672,77.29950714111328,348.4561462402344,-0.9321451187133788,-0.362084686756134,-0.0002378224598942,0.0
140655,-11.277113914489746,22.613740921020508,137.8810577392578,14.0380859375,1.0986328125,4.21142578125,-141.3906707763672,77.28235626220703,349.0264892578125,-0.9409021735191344,-0.3339338600635528,-0.056489884853363,0.0
140775,-11.46712875366211,22.779951095581055,137.78318786621094,-24.90234375,21.30126953125,-9.58251953125,-140.91197204589844,77.22372436523438,349.417724609375,-0.9556175470352172,-0.2867580354213714,-0.0675652399659156,0.0
140955,-11.471217155456545,22.704084396362305,137.7261962890625,6.8359375,-9.033203125,-1.5869140625,-140.61767578125,77.20684051513672,349.5749816894531,-0.9369698762893676,-0.3380657732486725,-0.0883115455508232,0.0
141075,-11.65668487548828,22.481769561767575,137.75384521484375,-14.5263671875,-4.0283203125,4.7607421875,-140.22206115722656,77.17857360839844,350.1155090332031,-0.9473650455474854,-0.320145696401596,-0.002495567779988,0.0
141196,-11.634576797485352,22.484619140625,137.9056854248047,3.0517578125,2.44140625,17.08984375,-139.8893585205078,77.15459442138672,350.58221435546875,-0.9365748763084412,-0.3498590886592865,-0.0206423923373222,0.0
141315,-11.681519508361816,22.64390563964844,138.53726196289062,2.197265625,3.41796875,54.5654296875,-139.49057006835938,77.13228607177734,351.6072692871094,-0.9344610571861268,-0.3548600971698761,-0.0292739402502775,0.0
141435,-11.497177124023438,22.65176773071289,139.01329040527344,-6.7138671875,1.40380859375,24.4140625,-139.2685546875,77.152587890625,352.1672668457031,-0.9672252535820008,-0.250806987285614,0.0396393835544586,0.0
141555,-11.476316452026367,22.65144920349121,139.05816650390625,5.43212890625,0.8544921875,2.3193359375,-138.99156188964844,77.20863342285156,352.462646484375,-0.9692882895469666,-0.2458558827638626,0.0059198713861405,0.0
141735,-11.557866096496582,22.64422607421875,139.04884338378906,1.220703125,2.01416015625,5.92041015625,-138.76124572753906,77.23239135742188,352.7102355957031,-0.9670082330703736,-0.2547358572483063,-0.002168990438804,0.0
141855,-11.41793441772461,22.634355545043945,139.1170196533203,2.9296875,3.173828125,2.13623046875,-138.56509399414062,77.261474609375,352.8757629394531,-0.9643433690071106,-0.2631007432937622,0.0286343712359666,0.0
141975,-11.434232711791992,22.53714370727539,139.11172485351562,2.25830078125,0.91552734375,0.48828125,-138.36598205566406,77.28874969482422,352.98974609375,-0.960731029510498,-0.2774085402488708,-0.0063592786900699,0.0
142096,-11.406898498535156,22.461889266967773,139.0607147216797,9.6435546875,5.4931640625,-0.48828125,-137.91299438476562,77.3219223022461,353.3106689453125,-0.9605194330215454,-0.2780640125274658,0.0091089941561222,0.0
142215,-11.349331855773926,22.44344139099121,139.04803466796875,0.48828125,6.04248046875,-1.953125,-137.68992614746094,77.33531951904297,353.4013366699219,-0.9565263390541076,-0.2909344434738159,-0.0203618183732032,0.0
142395,-11.481671333312988,22.45368194580078,138.7594451904297,-11.29150390625,6.89697265625,-28.99169921875,-137.51559448242188,77.35238647460938,353.3161315917969,-0.9633854031562804,-0.2675671875476837,0.0172161199152469,0.0
142515,-11.383172988891602,22.452600479125977,138.2288055419922,17.51708984375,27.64892578125,-61.03515625,-137.14889526367188,77.35929870605469,353.1394348144531,-0.9428565502166748,-0.3320424258708954,0.0277379024773836,0.0
142691,-11.26876163482666,22.460927963256836,138.136474609375,27.52685546875,3.5400390625,6.53076171875,-136.8813934326172,77.3398666381836,353.1880798339844,-0.9243664145469666,-0.3713136911392212,-0.087594948709011,0.0
142863,-11.330700874328612,22.327909469604492,138.2008819580078,-13.0615234375,-6.77490234375,-0.1220703125,-136.59591674804688,77.32585144042969,353.45751953125,-0.9497496485710144,-0.3121622204780578,-0.0230293497443199,0.0
143113,-11.226696014404297,22.263961791992188,138.22947692871094,0.67138671875,2.8076171875,0.1220703125,-136.26605224609375,77.31391906738281,353.6697998046875,-0.9474976062774658,-0.3159525692462921,-0.0492175370454788,0.0
143223,-10.955023765563965,22.289958953857425,138.22415161132812,18.5546875,8.056640625,-6.2255859375,-135.9485321044922,77.32123565673828,353.7240905761719,-0.9509040713310242,-0.3092459142208099,-0.0121864369139075,0.0
143348,-10.987431526184082,22.273557662963867,137.89138793945312,1.8310546875,0.3662109375,3.60107421875,-135.65524291992188,77.2930679321289,353.7729797363281,-0.9486311674118042,-0.3075476586818695,-0.0742521584033966,0.0
143473,-10.858799934387209,22.171039581298828,137.93922424316406,0.1220703125,2.685546875,-0.06103515625,-135.1260223388672,77.24907684326172,354.1650390625,-0.9354965686798096,-0.3500529527664184,-0.0480534769594669,0.0
143582,-10.791172981262209,22.12856674194336,137.9658660888672,-1.220703125,1.0986328125,0.42724609375,-134.85195922851562,77.22335815429688,354.41229248046875,-0.94110906124115,-0.3365817964076996,-0.0320382677018642,0.0
143707,-10.70604133605957,22.083194732666016,138.005126953125,1.0986328125,3.84521484375,0.8544921875,-134.59837341308594,77.20182800292969,354.6467590332031,-0.938533365726471,-0.3436782360076904,-0.03225689381361,0.0
143828,-10.704458236694336,22.03830909729004,138.03543090820312,0.9765625,2.99072265625,1.28173828125,-134.2226104736328,77.1757583618164,355.01165771484375,-0.9272647500038148,-0.3740418553352356,-0.0165176894515752,0.0
143953,-10.673197746276855,21.944948196411133,138.0636749267578,-0.8544921875,0.42724609375,1.64794921875,-133.9543914794922,77.14395904541016,355.3240966796875,-0.9329879879951476,-0.3581093847751617,-0.0359299108386039,0.0
144063,-10.698473930358888,21.91262435913086,138.12554931640625,2.62451171875,1.0986328125,5.2490234375,-133.6282196044922,77.10711669921875,355.7081298828125,-0.9333251118659972,-0.3581224381923675,-0.0255459062755107,0.0
144195,-10.866303443908691,21.90906143188477,138.3516845703125,-27.34375,-1.89208984375,30.517578125,-133.20928955078125,77.03094482421875,356.4503479003906,-0.93929123878479,-0.2948018312454223,0.1755674183368683,0.0
144304,-10.873851776123049,22.017698287963867,139.84146118164062,-43.88427734375,-20.69091796875,131.591796875,-133.4542694091797,76.81077575683594,357.5000305175781,-0.9498053789138794,-0.2584351599216461,0.1762977242469787,0.0
144491,-10.690796852111816,21.91704559326172,140.93328857421875,-26.0009765625,-37.41455078125,80.26123046875,-133.79563903808594,76.65937805175781,357.95574951171875,-0.9648652076721193,-0.2618845701217651,-0.0212513953447341,0.0
144601,-10.710556030273438,21.886865615844727,141.37185668945312,-4.0283203125,-9.033203125,27.099609375,-133.8665008544922,76.62458801269531,358.1903381347656,-0.9885061383247375,-0.138870432972908,-0.0597540363669395,0.0
144736,-10.68283748626709,22.2185115814209,141.3353271484375,3.7841796875,17.02880859375,-0.8544921875,-133.661376953125,76.74605560302734,358.3006591796875,-0.9753102660179138,-0.1731431186199188,0.137081429362297,0.0
144855,-10.579994201660156,22.446496963500977,141.34474182128906,2.38037109375,1.708984375,3.23486328125,-133.505615234375,76.8496322631836,358.3804626464844,-0.9740614295005798,-0.1534065157175064,0.1663458198308944,0.0
144976,-10.57658863067627,22.560232162475582,141.41058349609375,-3.5400390625,1.77001953125,7.62939453125,-133.46095275878906,76.89556884765625,358.50299072265625,-0.9873257875442504,-0.1509311497211456,0.0490681529045105,0.0
145096,-10.611482620239258,22.719242095947266,141.36622619628906,-3.72314453125,6.8359375,-5.31005859375,-133.29330444335938,76.97000122070312,358.6224670410156,-0.987722396850586,-0.1183158084750175,0.1020090654492378,0.0
145336,-10.499478340148926,22.925601959228516,141.37823486328125,4.57763671875,-0.732421875,5.126953125,-133.1835479736328,77.05401611328125,358.6965026855469,-0.9721631407737732,-0.1495364904403686,0.1803820580244064,0.0
145456,-10.418428421020508,23.005510330200195,141.48483276367188,0.18310546875,-3.0517578125,10.3759765625,-133.1194610595703,77.08716583251953,358.82513427734375,-0.9931025505065918,-0.1035866513848304,0.0549285151064395,0.0
145576,-10.463497161865234,23.18299102783203,141.42640686035156,-1.52587890625,12.39013671875,-5.4931640625,-132.98501586914062,77.1875,358.8533020019531,-0.9874809980392456,-0.1454316675662994,0.061081301420927,0.0
145696,-10.484679222106934,23.51762008666992,140.9193878173828,12.75634765625,3.90625,-13.0615234375,-132.53094482421875,77.4556884765625,358.62127685546875,-0.9751805663108826,-0.2197176963090896,0.0273327399045228,0.0
145816,-10.475312232971191,23.607690811157227,140.6043243408203,21.91162109375,5.06591796875,-34.85107421875,-132.16677856445312,77.54601287841797,358.5859069824219,-0.9794257283210754,-0.1920779794454574,0.0618972517549991,0.0
145936,-10.345117568969728,23.851261138916016,140.16171264648438,22.705078125,33.0810546875,-35.5224609375,-131.7678680419922,77.67204284667969,358.4638671875,-0.973374605178833,-0.2149259448051452,0.0796780958771705,0.0
146056,-10.433416366577148,23.847179412841797,139.65443420410156,14.7705078125,6.53076171875,-26.0009765625,-131.4036407470703,77.78873443603516,358.336181640625,-0.9538394212722778,-0.299597293138504,0.0207771733403205,0.0
146175,-10.48444652557373,23.92497444152832,139.57142639160156,-3.84521484375,0.30517578125,2.99072265625,-131.3001708984375,77.80812072753906,358.50146484375,-0.9385433197021484,-0.2480912506580352,0.2399735152721405,0.0
146296,-10.38966178894043,23.85997009277344,140.2314453125,-33.8134765625,-23.0712890625,78.61328125,-131.49378967285156,77.70172119140625,359.0186767578125,-0.9626699090003968,-0.2606162428855896,0.0731156766414642,0.0
146415,-10.358086585998535,23.85341453552246,140.83004760742188,-24.658203125,-8.1787109375,41.56494140625,-131.5913543701172,77.64732360839844,359.4164733886719,-0.98507422208786,-0.1719712167978286,-0.0073952637612819,0.0
146536,-10.293066024780272,24.083820343017575,141.27659606933594,-16.05224609375,2.13623046875,33.14208984375,-131.679443359375,77.66634368896484,359.6824035644531,-0.9839227199554444,-0.1622592359781265,0.0746199637651443,0.0
146644,-10.309612274169922,24.22759246826172,141.30755615234375,-2.01416015625,6.77490234375,-5.2490234375,-131.50816345214844,77.72434997558594,359.796875,-0.9923912882804872,-0.1144542247056961,0.0453848838806152,0.0
146769,-10.249482154846191,24.389249801635746,141.01760864257812,23.3154296875,17.15087890625,-37.2314453125,-131.12371826171875,77.84083557128906,359.7256164550781,-0.9759972095489502,-0.1866031140089035,0.1122880205512046,0.0
146894,-10.410369873046877,24.51429748535156,140.2870330810547,20.20263671875,21.42333984375,-76.35498046875,-130.6083526611328,77.99608612060547,359.6910400390625,-0.9806081652641296,-0.1871937364339828,0.0580191127955913,0.0
147004,-10.467631340026855,24.606189727783203,139.58140563964844,7.568359375,0.6103515625,-4.2724609375,-130.27459716796875,78.16304016113281,359.5859375,-0.9233657717704772,-0.2573097944259643,0.2849337458610534,0.0
147129,-10.213168144226074,24.6396541595459,140.11622619628906,7.01904296875,-3.7841796875,47.4853515625,-130.39364624023438,78.10679626464844,359.80438232421875,-0.9581865668296814,-0.2809190154075622,-0.054434135556221,0.0
147254,-10.23090934753418,24.66461944580078,140.39889526367188,-10.498046875,4.638671875,24.4140625,-130.46009826660156,78.10297393798828,359.96630859375,-0.9682668447494508,-0.207681268453598,0.139024406671524,0.0
147425,-9.890829086303713,24.60837745666504,141.30523681640625,-4.57763671875,-15.93017578125,47.30224609375,-130.73687744140625,78.06425476074219,0.193410187959671,-0.9801764488220216,-0.1764800399541854,0.0900506973266601,0.0
147550,-9.795365333557127,24.58207893371582,141.6236114501953,-1.220703125,-7.50732421875,18.5546875,-130.7340545654297,78.07087707519531,0.3471713960170746,-0.9788745045661926,-0.1775301247835159,0.1014282181859016,0.0
147675,-9.762165069580078,24.623796463012695,141.6826934814453,-0.48828125,0.732421875,3.60107421875,-130.63165283203125,78.1131820678711,0.4487773180007934,-0.9810754656791688,-0.1357711553573608,0.138047993183136,0.0
147785,-9.779903411865234,24.736248016357425,141.6584930419922,2.01416015625,5.37109375,-0.42724609375,-130.4276580810547,78.20647430419922,0.5665980577468872,-0.9779892563819884,-0.1764666587114334,0.1113392114639282,0.0
147910,-9.56324291229248,24.875221252441406,141.5782470703125,13.671875,11.41357421875,-13.427734375,-130.1062469482422,78.34895324707031,0.5796847343444824,-0.9811071753501892,-0.173257291316986,0.0860853344202041,0.0
148035,-9.46875286102295,24.92591667175293,141.30813598632812,13.12255859375,10.009765625,-27.83203125,-129.743408203125,78.44526672363281,0.6379052400588989,-0.9666327238082886,-0.2138382792472839,0.1410472095012664,0.0
148144,-9.342476844787598,24.9970703125,141.19631958007812,10.7421875,1.28173828125,-7.26318359375,-129.5755157470703,78.5135498046875,0.6373178362846375,-0.9716408252716064,-0.1940882503986358,0.1350700706243515,0.0
148269,-9.381599426269531,25.035905838012695,141.14381408691406,5.4931640625,-1.3427734375,-0.8544921875,-129.42002868652344,78.55743408203125,0.7184741497039795,-0.973945140838623,-0.2060891538858413,0.0946474596858024,0.0
148394,-9.387906074523926,25.069061279296875,141.09317016601562,6.4697265625,-0.6103515625,-6.65283203125,-129.0587158203125,78.60694885253906,0.989700973033905,-0.9879258871078492,-0.1549186408519745,0.0016616685315966,0.0
148504,-9.251382827758787,25.244722366333008,140.7259063720703,29.60205078125,20.6298828125,-43.8232421875,-128.4628448486328,78.71161651611328,1.06158185005188,-0.9784379005432128,-0.2054131627082824,-0.0215579699724912,0.0
148636,-9.203423500061035,25.396991729736328,140.1493682861328,31.06689453125,26.611328125,-49.9267578125,-127.98456573486328,78.85285949707031,0.9578996300697328,-0.9628312587738036,-0.270082950592041,-0.0033640223555266,0.0
148755,-9.209739685058594,25.529550552368164,139.0630645751953,22.52197265625,19.4091796875,-53.03955078125,-127.35289764404295,79.07192993164062,0.5782366991043091,-0.933710515499115,-0.3393149673938751,0.1142371669411659,0.0
148875,-9.328702926635742,25.49911880493164,138.96142578125,-6.8359375,0.67138671875,7.01904296875,-127.21582794189452,79.07151794433594,0.8362812399864197,-0.9520707726478576,-0.2991491854190826,0.0638045445084571,0.0
148996,-9.598189353942873,25.473220825195312,139.64071655273438,-63.5986328125,-8.7890625,71.6552734375,-127.15856170654295,78.97643280029297,1.6558903455734253,-0.9479284882545472,-0.3086278736591339,0.0786149650812149,0.0
149116,-9.558507919311523,25.36812973022461,140.74322509765625,-45.34912109375,-26.85546875,96.49658203125,-127.174560546875,78.85801696777344,2.650338649749756,-0.9489777088165284,-0.2788233458995819,0.1473049968481063,0.0
149235,-9.339432716369627,25.1328125,142.04446411132812,-6.16455078125,-27.28271484375,70.98388671875,-127.34125518798828,78.71568298339844,3.313645601272583,-0.9795353412628174,-0.2011781185865402,0.0061495495028793,0.0
149356,-9.141969680786133,25.183116912841797,142.5558624267578,-8.60595703125,-10.92529296875,31.3720703125,-127.34445190429688,78.73934936523438,3.532881021499634,-0.9830225706100464,-0.1351132094860077,0.1241414248943328,0.0
149476,-8.931319236755371,25.188209533691406,143.1338348388672,-1.3427734375,-15.5029296875,50.6591796875,-127.35367584228516,78.75872802734375,3.76335883140564,-0.9850724339485168,-0.1018499508500099,0.1387765854597091,0.0
149596,-8.672747611999512,25.33732795715332,143.486328125,18.73779296875,3.662109375,39.61181640625,-127.3043212890625,78.79464721679688,3.9078855514526367,-0.9850110411643982,-0.1184016391634941,0.1254365891218185,0.0
149716,-8.676874160766602,25.53813934326172,143.5123291015625,6.04248046875,6.9580078125,-2.197265625,-127.1227569580078,78.87733459472656,4.002319812774658,-0.9818192720413208,-0.1657680869102478,0.0924759656190872,0.0
149836,-8.655102729797363,25.67212677001953,143.47251892089844,10.92529296875,6.7138671875,3.23486328125,-126.93376922607422,78.96825408935547,4.125481605529785,-0.9809277057647704,-0.1284080147743225,0.1459182053804397,0.0
149956,-8.681745529174805,25.77207946777344,143.51742553710938,1.8310546875,0.6103515625,10.3759765625,-126.7997589111328,79.02848815917969,4.262877941131592,-0.974437177181244,-0.1441949903964996,0.1722787916660308,0.0
150075,-8.657241821289062,25.814043045043945,143.67713928222656,10.25390625,1.46484375,20.751953125,-126.73238372802734,79.08916473388672,4.411243438720703,-0.9818816781044006,-0.1287115216255188,0.1390743851661682,0.0
150196,-8.580655097961426,26.05752944946289,143.81578063964844,2.197265625,7.2021484375,1.708984375,-126.80950164794922,79.22904968261719,4.315934658050537,-0.99098402261734,-0.0922886356711387,0.0971268340945243,0.0
150376,-8.694121360778809,26.186038970947266,143.65896606445312,8.11767578125,14.83154296875,-15.9912109375,-126.73113250732422,79.33277130126953,4.250542640686035,-0.993830382823944,-0.0839448943734169,0.072486899793148,0.0
150496,-8.841524124145508,26.456411361694336,142.98426818847656,39.6728515625,55.419921875,-72.44873046875,-126.24803161621094,79.48249816894531,4.0833258628845215,-0.9744805693626404,-0.2090079635381698,-0.081874169409275,0.0
150613,-8.908173561096191,27.426177978515625,141.178955078125,32.958984375,71.59423828125,-114.68505859375,-125.2867202758789,79.79243469238281,3.5590133666992188,-0.9427239894866944,-0.3328376114368438,0.0221496913582086,0.0
150722,-8.582881927490234,27.69580841064453,141.00274658203125,-2.38037109375,-32.89794921875,88.37890625,-124.60360717773438,79.94208526611328,3.904456853866577,-0.8937329053878784,-0.3956079185009002,0.2115088701248169,0.0
150847,-8.392194747924805,27.20260238647461,142.287841796875,-44.61669921875,-65.24658203125,94.54345703125,-124.8914031982422,79.87152099609375,4.526987552642822,-0.9533156156539916,-0.2918542921543121,0.0775273218750953,0.0
150962,-8.778867721557617,26.65117835998535,142.8877716064453,-54.26025390625,-44.86083984375,35.58349609375,-125.20010375976562,79.7125015258789,4.7702107429504395,-0.9374743700027466,-0.3474939167499542,0.0197399910539388,0.0
151150,-9.194076538085938,26.441173553466797,143.2646942138672,-17.822265625,-11.71875,16.54052734375,-125.45257568359376,79.7125244140625,4.841613292694092,-0.9869229197502136,-0.1610189229249954,0.0074863014742732,0.0
151275,-9.232038497924805,26.540300369262695,143.1620330810547,21.240234375,12.26806640625,-11.962890625,-125.2186279296875,79.78750610351562,4.897757530212402,-0.9797632694244384,-0.1981954276561737,0.0279716365039348,0.0
151447,-9.216209411621094,26.816415786743164,142.65293884277344,47.79052734375,43.212890625,-47.18017578125,-124.61113739013672,79.87645721435547,4.885804653167725,-0.9785582423210144,-0.1963516473770141,-0.0622078888118267,0.0
151572,-8.915779113769531,28.109638214111328,140.68942260742188,33.63037109375,37.41455078125,-27.03857421875,-123.29095458984376,80.02125549316406,4.3290486335754395,-0.8525558710098267,-0.5051660537719727,0.1339989751577377,0.0
151681,-9.21217441558838,27.656089782714844,141.44992065429688,-75.927734375,-75.0732421875,87.46337890625,-123.54923248291016,79.87815856933594,5.017449855804443,-0.914112627506256,-0.3973351716995239,0.0807636454701423,0.0
151869,-9.7175874710083,27.01239013671875,142.4309844970703,-37.90283203125,-25.7568359375,41.93115234375,-124.2209014892578,79.7472152709961,5.236384868621826,-0.9838997721672058,-0.1783135831356048,-0.0120653770864009,0.0
151994,-9.8731050491333,27.340763092041016,142.00807189941406,33.5693359375,44.3115234375,-65.4296875,-124.24319458007812,79.92926788330078,4.784649848937988,-0.9920283555984496,-0.1128955483436584,-0.0559856295585632,0.0
152166,-9.935809135437012,27.696678161621097,140.91217041015625,40.71044921875,34.423828125,-85.38818359375,-123.15514373779295,80.00910186767578,4.990525245666504,-0.9694226980209352,-0.2453462034463882,-0.0050045745447278,0.0
152291,-10.172329902648926,28.029613494873047,138.88034057617188,65.49072265625,38.330078125,-111.63330078125,-121.73544311523438,80.02129364013672,4.83829402923584,-0.8511787056922913,-0.52348393201828,-0.0382027588784694,0.0
152416,-10.360684394836426,28.133161544799805,138.16270446777344,21.54541015625,11.16943359375,-18.49365234375,-121.48037719726562,80.02362060546875,4.691636085510254,-0.8749989867210388,-0.4824697375297546,-0.0399986617267131,0.0
152525,-10.887332916259766,28.344669342041016,137.68841552734375,-33.935546875,12.3291015625,23.92578125,-121.42840576171876,79.8631591796875,4.59740686416626,-0.9396429657936096,-0.3349625468254089,-0.0697938352823257,0.0
152655,-11.05795669555664,28.333999633789062,137.58224487304688,-6.65283203125,-2.3193359375,-8.544921875,-121.46713256835938,79.69512176513672,4.562791347503662,-0.944016933441162,-0.28822723031044,-0.1604901552200317,0.0
152776,-11.123649597167969,28.33795738220215,137.59974670410156,-1.708984375,13.24462890625,1.220703125,-121.3235855102539,79.63716888427734,4.6532368659973145,-0.9117910861968994,-0.4071440398693084,-0.0535806603729724,0.0
152956,-11.159744262695312,28.23870086669922,137.5909881591797,0.54931640625,1.89208984375,-0.91552734375,-120.9736328125,79.49006652832031,5.043609619140625,-0.924395740032196,-0.3699697852134704,-0.0928155407309532,0.0
153135,-11.087763786315918,28.139326095581055,137.53851318359375,14.83154296875,1.15966796875,-8.7890625,-120.5357894897461,79.38668823242188,5.4234089851379395,-0.9377083778381348,-0.3383956551551819,-0.0786854401230812,0.0
153256,-10.617291450500488,28.25979804992676,138.01263427734375,28.4423828125,18.06640625,78.79638671875,-120.25433349609376,79.36473846435547,6.00360631942749,-0.9551719427108764,-0.2722859382629394,-0.1162196099758148,0.0
153376,-11.11593532562256,27.97683334350586,137.84176635742188,-5.67626953125,-0.67138671875,-9.8876953125,-119.38534545898438,79.1811294555664,6.640835762023926,-0.9335923194885254,-0.3568942844867706,-0.0321216322481632,0.0
153556,-11.721087455749512,28.14986228942871,136.7711944580078,23.37646484375,10.498046875,-59.9365234375,-118.56957244873048,79.0086669921875,6.977290630340576,-0.8891464471817017,-0.4271028637886047,-0.1643218547105789,0.0
153676,-11.46851634979248,27.931312561035156,136.96083068847656,6.2255859375,-8.056640625,11.65771484375,-118.16429901123048,78.87841033935547,7.457821846008301,-0.9753337502479552,-0.2176205813884735,-0.0369499139487743,0.0
153796,-11.25802993774414,27.808366775512695,137.07212829589844,11.04736328125,2.44140625,3.5400390625,-118.32283782958984,78.78191375732422,7.209831237792969,-0.9478347301483154,-0.2844686210155487,-0.1438297927379608,0.0
153916,-11.221857070922852,27.704368591308594,137.0769500732422,2.99072265625,3.0517578125,2.5634765625,-118.82935333251952,78.68311309814453,6.577697277069092,-0.9627010226249696,-0.2306433916091919,-0.1414581090211868,0.0
154036,-11.24767780303955,27.63165283203125,137.06085205078125,1.46484375,2.685546875,0.54931640625,-119.2587661743164,78.62220001220703,6.109938621520996,-0.9640728235244752,-0.2424556910991668,-0.1085300669074058,0.0
154156,-11.302946090698242,27.572294235229492,137.05108642578125,-3.60107421875,3.47900390625,1.77001953125,-119.81369018554688,78.58671569824219,5.568741798400879,-0.961580455303192,-0.2606594264507293,-0.0861381366848945,0.0
154276,-11.81542682647705,27.600078582763672,137.02728271484375,-56.94580078125,16.9677734375,12.14599609375,-120.40664672851562,78.52745056152344,5.231603622436523,-0.9567727446556092,-0.2874403297901153,-0.0443168133497238,0.0
154395,-11.64404296875,27.551908493041992,137.22088623046875,23.681640625,-8.85009765625,11.5966796875,-120.63182830810548,78.57130432128906,4.9999918937683105,-0.9248619675636292,-0.3795081377029419,-0.0245742108672857,-10.0
154576,-11.493410110473633,27.451295852661133,137.25843811035156,9.1552734375,3.173828125,0.42724609375,-120.75260925292967,78.53848266601562,4.752315521240234,-0.9257892370224,-0.3723955750465393,-0.0650845095515251,-10.0
154754,-11.564682006835938,27.40912437438965,137.39016723632812,-10.009765625,-5.7373046875,26.85546875,-120.74241638183594,78.44353485107422,4.875641345977783,-0.9436494708061218,-0.3309041559696197,-0.0053041107021272,-10.0
154863,-11.20477294921875,27.40180015563965,137.8598175048828,27.89306640625,3.11279296875,4.0283203125,-121.18094635009766,78.35694885253906,4.492549896240234,-0.8542885184288025,-0.4560876190662384,-0.2493493407964706,-10.0
155041,-11.393632888793944,27.257978439331055,137.69332885742188,1.220703125,3.41796875,-0.18310546875,-120.86907958984376,78.31095886230469,4.76234245300293,-0.9426611661911012,-0.3298840522766113,-0.0506603419780731,-10.0
155166,-11.48879623413086,27.153444290161133,137.6185302734375,1.64794921875,3.60107421875,-4.638671875,-120.5516128540039,78.19390106201172,5.042899131774902,-0.9329163432121276,-0.3583829402923584,-0.0350514277815818,-10.0
155291,-11.559402465820312,27.128154754638672,137.4945831298828,-1.3427734375,3.35693359375,-2.5634765625,-120.26751708984376,78.13277435302734,5.229185581207275,-0.947744071483612,-0.3181397318840027,-0.0238396190106868,-10.0
155416,-11.592787742614746,27.054527282714844,137.48257446289062,6.28662109375,3.173828125,4.94384765625,-119.91055297851562,78.03926086425781,5.584779262542725,-0.9218671321868896,-0.3873599171638489,-0.0106431161984801,-10.0
155526,-11.352360725402832,27.1190128326416,137.64207458496094,44.921875,17.27294921875,30.3955078125,-119.68611907958984,77.97576904296875,5.859448432922363,-0.9409112334251404,-0.336429089307785,0.0387503765523433,-10.0
155713,-11.164851188659668,26.971511840820312,138.54627990722656,-55.7861328125,-28.9306640625,19.59228515625,-119.43610382080078,77.79705047607422,6.579678058624268,-0.9473121166229248,-0.3170336484909057,0.045709554105997,-10.0
155885,-11.515871047973633,26.73496437072754,138.4545440673828,-12.20703125,-4.94384765625,-3.90625,-119.04109954833984,77.77366638183594,7.01795768737793,-0.962755799293518,-0.2665835916996002,0.0451068058609962,-10.0
156073,-11.45901584625244,26.668231964111328,138.47079467773438,11.65771484375,2.685546875,5.4931640625,-118.7161636352539,77.77224731445312,7.159602165222168,-0.9634302854537964,-0.2679555714130401,0.0013307048939168,-10.0
156245,-10.729928016662598,26.95981216430664,138.5639190673828,64.63623046875,37.841796875,9.58251953125,-118.28860473632812,77.82493591308594,6.85587739944458,-0.8856817483901978,-0.4612567126750946,-0.0530100986361503,-10.0
156370,-10.413801193237305,27.10949325561523,138.63685607910156,34.66796875,0.8544921875,20.81298828125,-118.16749572753906,77.81549835205078,6.773601055145264,-0.9546085000038148,-0.2976929545402527,-0.0100750243291258,-10.0
156495,-11.160167694091797,26.681373596191406,139.21864318847656,-139.95361328125,-75.74462890625,68.66455078125,-118.63555145263672,77.61198425292969,7.345287799835205,-0.9095001816749572,-0.3737428486347198,0.1820047050714492,-10.0
156604,-11.449712753295898,25.94089126586914,140.53668212890625,-8.72802734375,2.50244140625,1.3427734375,-119.3911361694336,77.29144287109375,7.747189521789551,-0.9847972989082336,-0.1736971288919448,-0.0019256888190284,-10.0
156738,-11.622416496276855,26.10371208190918,140.42494201660156,1.5869140625,15.07568359375,-0.42724609375,-119.06671142578124,77.338134765625,8.038060188293457,-0.9558362364768982,-0.2456979751586914,0.1612751483917236,-10.0
156855,-11.698442459106444,26.227182388305664,140.38792419433594,6.89697265625,10.986328125,3.90625,-118.85968780517578,77.40097045898438,8.189334869384766,-0.972067892551422,-0.2285411208868026,0.0534129180014133,-10.0
156976,-11.919866561889648,26.310888290405273,140.28805541992188,-4.57763671875,5.55419921875,5.859375,-118.5636978149414,77.45793914794922,8.527812004089355,-0.9587287902832032,-0.2537145912647247,0.1283284276723861,-10.0
157096,-12.045280456542969,26.31500816345215,140.32948303222656,-12.75634765625,0.30517578125,12.75634765625,-118.49618530273438,77.48152160644531,8.872955322265625,-0.9710355401039124,-0.2259085178375244,0.0778169259428978,-10.0
157276,-12.076950073242188,26.277862548828125,140.45068359375,0.54931640625,5.06591796875,9.521484375,-118.34595489501952,77.54979705810547,9.080005645751951,-0.9790154695510864,-0.1700498759746551,0.1123017221689224,-10.0
157396,-12.325971603393556,26.33642578125,140.33860778808594,-19.04296875,9.46044921875,-6.9580078125,-117.91642761230467,77.62091827392578,9.450105667114258,-0.9674900770187378,-0.240095779299736,0.0794791653752327,-10.0
157576,-12.343528747558594,26.373205184936523,139.53134155273438,38.2080078125,14.95361328125,-80.4443359375,-116.76006317138672,77.79088592529297,10.101555824279783,-0.9747534990310668,-0.1716779917478561,0.1427663266658783,-10.0
157696,-12.615155220031738,26.56977272033691,139.68344116210938,-16.17431640625,5.18798828125,37.109375,-116.2733154296875,77.72837829589844,11.205273628234863,-0.9696215987205504,-0.1666348427534103,0.1790720820426941,-10.0
157876,-12.525362014770508,26.624187469482425,140.17942810058594,6.16455078125,1.40380859375,20.3857421875,-116.2547378540039,77.64164733886719,11.712675094604492,-0.9183580875396729,-0.1458728164434433,-0.3678853213787079,-10.0
157996,-12.632906913757324,26.571517944335938,140.06597900390625,5.0048828125,5.79833984375,5.55419921875,-115.14453125,77.9303970336914,12.919596672058104,-0.9757119417190552,-0.1753605753183365,-0.1312815099954605,-10.0
158175,-12.58754825592041,26.53274726867676,140.094482421875,5.67626953125,4.5166015625,6.89697265625,-114.7596664428711,78.04106140136719,13.298248291015623,-0.9765329957008362,-0.175688087940216,-0.1245677396655082,-10.0
158296,-12.572211265563965,26.441402435302734,140.0997314453125,4.57763671875,2.25830078125,1.03759765625,-114.71510314941406,78.27317810058594,13.394882202148438,-0.9807510375976562,-0.1718078702688217,-0.092787817120552,-10.0
158416,-12.5835599899292,26.349777221679688,140.0933837890625,4.5166015625,2.44140625,3.23486328125,-115.48238372802734,78.37932586669922,12.526328086853027,-0.9674028158187866,-0.2173343300819397,-0.1299909949302673,-10.0
158536,-12.710265159606934,26.27303695678711,140.02691650390625,-0.30517578125,3.41796875,-0.3662109375,-116.51953125,78.26876068115234,11.485570907592772,-0.9746835827827454,-0.1869579553604126,-0.1226321458816528,-10.0
158716,-12.846009254455566,26.22820281982422,139.9684295654297,-5.4931640625,3.7841796875,-1.46484375,-117.0764617919922,78.1524887084961,10.95989227294922,-0.9830699563026428,-0.172160804271698,-0.0627216026186943,-10.0
158896,-13.002124786376951,26.13942527770996,140.03294372558594,-7.87353515625,-0.42724609375,3.11279296875,-117.55670928955078,78.11161041259766,10.644323348999023,-0.9928765296936036,-0.1104291677474975,-0.0447386018931865,-10.0
159016,-13.038058280944824,26.049253463745117,140.06051635742188,-3.96728515625,0.9765625,0.9765625,-118.10848236083984,78.18240356445312,10.13776969909668,-0.9934014081954956,-0.0711503475904464,-0.0899517387151718,-10.0
159136,-12.928736686706545,25.959585189819336,140.04583740234375,8.30078125,2.50244140625,-0.67138671875,-118.34398651123048,78.33522033691406,9.632909774780272,-0.9871256947517396,-0.1597989052534103,-0.0068756202235817,-10.0
159316,-12.870635032653809,25.797521591186523,140.01747131347656,3.35693359375,2.50244140625,-0.42724609375,-118.41291809082033,78.45550537109375,9.29985523223877,-0.986669659614563,-0.1627359539270401,-0.0002412690228084,-10.0
159496,-12.83961582183838,25.732004165649418,140.01727294921875,5.126953125,2.8076171875,1.5869140625,-118.44416809082033,78.52703857421875,9.20040798187256,-0.9888519048690796,-0.1473983079195022,-0.0211083013564348,-10.0
159616,-12.867657661437988,25.66301155090332,139.9895782470703,0.9765625,4.08935546875,-0.30517578125,-118.42559051513672,78.59752655029297,9.171557426452637,-0.9881585240364076,-0.1534274369478225,0.0016689853509888,-10.0
159736,-12.84914779663086,25.510799407958984,139.9686737060547,4.8828125,1.89208984375,1.220703125,-118.41463470458984,78.73889923095703,9.018041610717772,-0.9910488724708556,-0.1317688971757888,0.0214287247508764,-10.0
159856,-12.91925811767578,25.43427848815918,139.9279327392578,-1.3427734375,5.18798828125,0.732421875,-118.24250030517578,78.8326187133789,9.12806224822998,-0.9843250513076782,-0.171411857008934,0.0414997115731239,-10.0
160096,-12.894366264343262,25.36715507507324,139.9497833251953,3.41796875,1.52587890625,3.35693359375,-118.07311248779295,78.85930633544922,9.36190128326416,-0.984332799911499,-0.1753036230802536,0.0189064648002386,-10.0
160276,-12.85305118560791,25.241640090942383,139.96902465820312,4.69970703125,0.06103515625,1.64794921875,-117.67987060546876,78.91752624511719,10.099246978759766,-0.9872344136238098,-0.1465241312980651,0.062441274523735,-10.0
160517,-12.91307258605957,25.11868476867676,140.09152221679688,-1.708984375,-12.26806640625,16.66259765625,-117.62930297851562,78.9425277709961,10.45434856414795,-0.9914321303367616,-0.1207287907600402,0.0498688779771328,-10.0
160636,-12.827552795410156,25.106977462768555,140.09327697753906,15.31982421875,11.04736328125,-12.75634765625,-117.08727264404295,79.12358856201172,10.870388984680176,-0.9797784686088562,-0.1978982537984848,-0.029502622783184,-10.0
160756,-12.845338821411133,25.245908737182617,139.69210815429688,8.7890625,5.92041015625,-8.11767578125,-116.28298950195312,79.43541717529297,11.319952011108398,-0.9933096170425416,-0.11394664645195,-0.0187691077589988,-10.0
160875,-13.047380447387695,25.245311737060547,139.6456298828125,10.7421875,3.662109375,5.859375,-115.23302459716795,79.52349090576172,12.22439193725586,-0.9892835021018982,-0.1070277467370033,-0.0993140339851379,-10.0
160996,-12.976962089538574,25.198545455932617,139.65460205078125,14.95361328125,2.8076171875,5.67626953125,-114.82566833496094,79.62054443359375,12.568033218383787,-0.991454780101776,-0.0930420979857444,-0.0914359465241432,-10.0
161176,-13.09141445159912,25.15928077697754,139.63229370117188,-0.42724609375,5.7373046875,2.197265625,-115.80799102783205,79.74915313720703,11.350687980651855,-0.967785894870758,-0.2049185186624527,-0.1462832987308502,-10.0
161355,-13.177047729492188,25.112924575805664,139.59359741210938,-1.8310546875,3.662109375,-1.3427734375,-115.7831039428711,79.59911346435547,11.368925094604492,-0.9503658413887024,-0.2554708123207092,-0.1775936186313629,-10.0
161536,-13.222363471984863,25.064788818359375,139.53817749023438,4.45556640625,4.57763671875,-0.79345703125,-116.1971206665039,79.54949951171875,10.965998649597168,-0.9927666783332824,-0.043003212660551,-0.1120942458510398,-10.0
161716,-13.371899604797363,24.971113204956055,139.44650268554688,2.25830078125,2.13623046875,-0.732421875,-117.2740478515625,79.6552963256836,9.458712577819824,-0.9962459206581116,-0.073249876499176,-0.046137910336256,-10.0
161896,-13.491402626037598,24.868940353393555,139.3564910888672,1.708984375,2.50244140625,-1.46484375,-117.88397216796876,79.73320007324219,8.691572189331055,-0.9989699721336364,-0.0437064468860626,-0.0121943401172757,-10.0
162016,-13.5401611328125,24.778528213500977,139.30300903320312,3.96728515625,3.72314453125,0.91552734375,-118.29242706298828,79.8879623413086,8.33572006225586,-0.9996477961540222,-0.011723592877388,0.0238097719848155,-10.0
162135,-13.659560203552246,24.69713973999023,139.23171997070312,1.77001953125,2.8076171875,0.0,-118.95044708251952,80.1435546875,7.534565925598144,-0.9960395097732544,-0.0862502381205558,-0.0215927176177501,-10.0
162256,-13.762481689453123,24.607194900512695,139.16421508789062,1.3427734375,2.8076171875,-0.9765625,-119.24542236328124,80.27651977539062,7.111995697021484,-0.9982179403305054,-0.0590789392590522,0.008405540138483,-10.0
162496,-13.871553421020508,24.531225204467773,139.09881591796875,1.52587890625,2.86865234375,-0.06103515625,-119.35040283203124,80.40460205078125,6.942825794219971,-0.997528314590454,-0.0702653899788856,0.000360335339792,-10.0
162613,-13.954888343811035,24.48984146118164,139.0525360107422,1.708984375,3.35693359375,0.48828125,-119.3830337524414,80.48702239990234,6.877938747406006,-0.9981986880302428,-0.0599925071001052,0.0004789820814039,-10.0
162723,-14.050909042358398,24.482892990112305,138.9962921142578,2.5634765625,3.11279296875,-0.06103515625,-119.3978271484375,80.57347869873047,6.833597183227539,-0.998331606388092,-0.0567220374941825,-0.0107985474169254,-10.0
162853,-14.240126609802246,24.365070343017575,138.8910675048828,1.64794921875,3.47900390625,0.732421875,-119.38671112060548,80.82152557373047,6.846287727355957,-0.998429536819458,-0.0556344799697399,-0.0065804226323962,-10.0
162962,-14.322869300842283,24.324647903442383,138.84872436523438,1.5869140625,3.60107421875,0.79345703125,-119.44965362548828,80.90470886230469,6.727128028869629,-0.9975425601005554,-0.0673755556344986,-0.0192158445715904,-10.0
163087,-14.409964561462402,24.281145095825195,138.80203247070312,1.46484375,3.2958984375,0.54931640625,-119.55380249023438,81.00157928466797,6.610345840454102,-0.9991053342819214,-0.0411361157894134,-0.0098057016730308,-10.0
163212,-14.48729419708252,24.23506546020508,138.76052856445312,1.64794921875,3.35693359375,0.48828125,-119.74859619140624,81.11895751953125,6.3782148361206055,-0.998956561088562,-0.0456522069871425,-0.0013180427486076,-10.0
163384,-14.620542526245115,24.189544677734375,138.68582153320312,1.46484375,3.11279296875,0.244140625,-119.9301300048828,81.27971649169922,6.151793956756592,-0.9985232353210448,-0.0542872361838817,-0.0020508512388914,-10.0
163509,-14.699291229248049,24.146005630493164,138.6447296142578,1.708984375,3.2958984375,0.732421875,-120.04459381103516,81.37725067138672,6.018209457397461,-0.9988522529602052,-0.0466194823384285,-0.0109974155202507,-10.0
163634,-14.778133392333984,24.097396850585938,138.60250854492188,1.220703125,3.5400390625,0.6103515625,-120.21168518066406,81.48119354248047,5.8262810707092285,-0.9985547661781312,-0.0534832999110221,-0.0052763791754841,-10.0
163806,-14.946267127990724,24.009605407714844,138.51107788085938,1.52587890625,3.0517578125,0.42724609375,-120.52814483642578,81.67821502685547,5.460114479064941,-0.9987966418266296,-0.0490007512271404,-0.0020467145368456,-10.0
163931,-15.022321701049805,23.960636138916016,138.46963500976562,1.3427734375,3.35693359375,0.48828125,-120.67406463623048,81.77550506591797,5.28862190246582,-0.999122142791748,-0.0418901517987251,-0.000360087287845,-10.0
164056,-15.090189933776855,23.905691146850582,138.43064880371094,1.5869140625,3.11279296875,0.1220703125,-120.76864624023438,81.87442779541016,5.163383960723877,-0.9992713332176208,-0.0381337217986583,0.001558925723657,-10.0
164171,-15.229408264160156,23.805137634277344,138.2898712158203,1.15966796875,3.47900390625,0.30517578125,-120.94426727294922,82.02452087402344,4.9604315757751465,-0.999441146850586,-0.033146571367979,0.0043234657496213,-10.0
164343,-15.322029113769531,23.719451904296875,138.237060546875,1.46484375,3.35693359375,0.3662109375,-121.1046905517578,82.17032623291016,4.7684760093688965,-0.9991539120674132,-0.0407205075025558,0.0057657351717352,-10.0
164775,-15.387141227722168,23.663637161254883,138.2008514404297,1.0986328125,3.47900390625,0.18310546875,-121.22867584228516,82.26708221435547,4.627254962921143,-0.9993981719017028,-0.0345242284238338,0.0033682172652333,-10.0
164888,-15.463311195373535,23.615230560302734,138.16021728515625,1.3427734375,3.11279296875,0.42724609375,-121.34888458251952,82.3660888671875,4.486757755279541,-0.9991403818130492,-0.0411163941025733,0.0052744066342711,-10.0
165013,-15.591623306274414,23.504173278808594,138.0904083251953,1.77001953125,2.74658203125,0.42724609375,-121.63444519042967,82.56629180908203,4.158744812011719,-0.9993730187416076,-0.0353749766945838,-0.0014389820862561,-10.0
165185,-15.817723274230955,23.260963439941406,137.961181640625,1.3427734375,3.35693359375,0.06103515625,-122.13870239257812,82.94842529296875,3.5727829933166504,-0.9994332194328308,-0.0316230654716491,0.0115430206060409,-10.0
165310,-15.877857208251951,23.198894500732425,137.92503356933594,1.3427734375,3.173828125,-0.06103515625,-122.27156066894533,83.03759002685547,3.4148688316345215,-0.999496579170227,-0.031129103153944,0.0061296690255403,-10.0
165435,-15.919512748718262,23.13334846496582,137.89833068847656,1.40380859375,3.35693359375,0.54931640625,-122.32395935058594,83.13501739501953,3.3643529415130615,-0.9985134601593018,-0.0536743588745594,-0.0094934236258268,-10.0
165613,-15.993210792541504,23.091630935668945,137.8456573486328,1.89208984375,3.47900390625,1.03759765625,-122.42674255371094,83.357666015625,3.3702950477600098,-0.9990026950836182,-0.0439972132444381,-0.0076149026863276,-10.0
165722,-15.999589920043944,23.029767990112305,137.84605407714844,1.52587890625,3.0517578125,2.74658203125,-122.45391082763672,83.45542907714844,3.335843563079834,-0.998588800430298,-0.0527327246963977,-0.0063088811002671,-10.0
165847,-15.972042083740234,22.959104537963867,137.8428192138672,3.23486328125,4.5166015625,-1.03759765625,-122.16072082519533,83.53412628173828,3.609597682952881,-0.999730348587036,0.0168849602341651,0.0159469060599803,-10.0
166097,-16.29489517211914,23.16553497314453,136.95068359375,-23.74267578125,17.333984375,-39.85595703125,-122.13416290283205,83.57447052001953,3.5268430709838867,-0.962544858455658,-0.1879933327436447,0.1953609585762024,-10.0
166206,-16.1043643951416,23.056961059570312,137.53416442871094,-7.38525390625,-12.6953125,17.578125,-124.49181365966795,83.71617889404297,1.3540232181549072,-0.9844335913658142,0.1093024760484695,-0.1376357674598693,-10.0
166330,-16.117706298828125,23.06548500061035,137.52732849121094,-9.33837890625,5.0048828125,-7.568359375,-125.70864868164062,83.8437728881836,359.955078125,-0.9998220205307008,-0.0076623889617621,0.0172403752803802,-10.0
166455,-15.710816383361816,23.138547897338867,137.61444091796875,4.39453125,3.7841796875,2.0751953125,-125.8609390258789,84.0458984375,359.6256103515625,-0.9994160532951356,-0.0340257547795772,0.0031371263321489,-10.0
166564,-15.612025260925291,23.10287857055664,137.64425659179688,2.685546875,3.96728515625,1.28173828125,-125.6266860961914,84.12030029296875,359.8591613769531,-0.9994108080863952,-0.0310965161770582,0.014527715742588,-10.0
166691,-15.518832206726074,23.071231842041016,137.66671752929688,1.77001953125,3.173828125,0.1220703125,-125.6454849243164,84.20633697509766,359.80621337890625,-0.9996711611747742,-0.012042780406773,0.0226404257118701,-10.0
166816,-15.451493263244627,23.018875122070312,137.68017578125,0.67138671875,2.44140625,-0.67138671875,-125.74051666259766,84.28601837158203,359.6134338378906,-0.9991093277931212,-0.0415289513766765,0.0074848691001534,-10.0
166931,-15.287699699401855,23.009784698486328,137.7245635986328,0.54931640625,4.08935546875,-0.06103515625,-125.90882873535156,84.41716766357422,359.375,-0.998818576335907,-0.0485736690461635,0.0014392198063433,-10.0
167056,-15.178948402404783,22.99502944946289,137.758056640625,1.3427734375,3.5400390625,0.48828125,-125.75394439697266,84.48381042480469,359.51666259765625,-0.998445451259613,-0.0542855821549892,0.0126385502517223,-10.0
167166,-15.047567367553713,23.00059700012207,137.79949951171875,2.25830078125,2.62451171875,0.732421875,-125.74651336669922,84.56758117675781,359.504638671875,-0.9997316002845764,-0.0212453454732894,0.0092423260211944,-20.0
167291,-14.948152542114258,22.970544815063477,137.82823181152344,1.40380859375,3.35693359375,0.48828125,-125.76889038085938,84.64704895019531,359.45208740234375,-0.9992002248764038,-0.0284555647522211,0.0280938409268856,-20.0
167415,-14.748950004577637,22.93529510498047,137.86680603027344,2.8076171875,5.06591796875,-3.47900390625,-126.212646484375,84.80431365966797,358.7964172363281,-0.9981071949005128,-0.0569204539060592,-0.0232856404036283,-20.0
167525,-15.050707817077637,23.00054931640625,136.9626007080078,8.60595703125,23.62060546875,-80.38330078125,-126.6870346069336,84.89742279052734,357.9433898925781,-0.9930757284164428,-0.0999423041939735,0.0617426484823226,-20.0
167642,-15.100210189819336,22.904325485229492,136.28948974609375,23.49853515625,5.92041015625,-66.83349609375,-127.62425994873048,84.93534851074219,356.4125671386719,-0.9906933903694152,-0.136112242937088,-0.0004738459247164,-20.0
167767,-14.933505058288574,22.790882110595703,136.01454162597656,17.9443359375,4.33349609375,-32.77587890625,-127.65496826171876,84.92633819580078,355.9302062988281,-0.9937462210655212,-0.1071456223726272,0.0314372330904006,-20.0
167892,-14.72232437133789,22.704870223999023,134.26524353027344,70.556640625,35.0341796875,-150.45166015625,-128.55532836914062,85.1334457397461,352.9350891113281,-0.9585411548614502,-0.2399158477783203,-0.1537506431341171,-20.0
168002,-14.798502922058104,22.747873306274418,132.57696533203125,43.51806640625,34.72900390625,-138.12255859375,-128.62844848632812,85.37920379638672,351.4612121582031,-0.9815128445625304,-0.1591020226478576,-0.1063911467790603,-20.0
168189,-14.569464683532717,22.619932174682617,131.31948852539062,59.02099609375,19.71435546875,-100.5859375,-129.26211547851562,85.6601791381836,349.4584655761719,-0.9471962451934814,-0.3203769624233246,-0.0133340246975421,-20.0
168304,-14.546747207641602,22.600610733032227,130.6065216064453,26.30615234375,13.5498046875,-51.08642578125,-131.25306701660156,85.80712127685547,346.7182312011719,-0.936940848827362,-0.3184588849544525,-0.1439640820026397,-20.0
168429,-14.420489311218262,22.801284790039062,130.48545837402344,2.685546875,6.4697265625,9.8876953125,-132.12156677246094,85.71577453613281,345.85302734375,-0.9113680720329284,-0.3138446807861328,-0.2662888765335083,-20.0
168554,-14.387042045593262,22.998762130737305,130.98345947265625,-19.34814453125,-4.150390625,43.5791015625,-131.6354217529297,85.4717788696289,346.780517578125,-0.9290968775749208,-0.3473750650882721,-0.1269232481718063,-20.0
168856,-14.47360134124756,23.192121505737305,131.99111938476562,-51.94091796875,-18.12744140625,111.81640625,-129.71514892578125,85.16632843017578,349.65203857421875,-0.9315138459205629,-0.3595481216907501,-0.0548363737761974,-20.0
168976,-14.389270782470703,23.531522750854492,134.6223602294922,-72.93701171875,-21.484375,165.52734375,-127.46186065673828,84.59292602539062,354.16680908203125,-0.9658884406089784,-0.2589478492736816,0.0023615853860974,-20.0
169156,-14.242431640625,23.628541946411133,136.3264617919922,-37.78076171875,-32.1044921875,123.47412109375,-126.79422760009766,84.29776000976562,356.22552490234375,-0.9569119811058044,-0.2735406458377838,0.097441516816616,-20.0
169276,-14.078144073486328,23.584880828857425,138.66986083984375,-5.18798828125,5.55419921875,19.47021484375,-129.58265686035156,84.12146759033203,355.2759704589844,-0.9987343549728394,-0.0225946512073278,-0.0449354313313961,-20.0
169397,-14.030269622802734,23.883283615112305,138.5760498046875,7.01904296875,26.4892578125,-6.7138671875,-129.4550018310547,84.24156188964844,355.10321044921875,-0.996209979057312,-0.0670222267508506,0.0554424710571765,-20.0
169576,-13.720956802368164,24.11615943908691,137.70494079589844,46.81396484375,30.57861328125,-78.7353515625,-128.59002685546875,84.43003845214844,354.83074951171875,-0.9870126843452454,-0.1597822904586792,0.0166007578372955,-20.0
169696,-13.827188491821287,24.237529754638672,135.98110961914062,37.90283203125,34.97314453125,-114.92919921875,-128.7785186767578,84.658447265625,353.0054626464844,-0.968685269355774,-0.1691885888576507,-0.1817255020141601,-20.0
169816,-13.66890811920166,24.256927490234375,133.8558349609375,99.30419921875,49.8046875,-208.19091796875,-129.6769561767578,85.0302734375,350.0288391113281,-0.8876160383224487,-0.4514927566051483,-0.0910612419247627,-20.0
169936,-13.544462203979492,24.097469329833984,130.87857055664062,79.52880859375,23.13232421875,-164.61181640625,-133.17788696289062,85.5064697265625,343.71636962890625,-0.8873483538627625,-0.4197269678115845,-0.1908982098102569,-20.0
170056,-13.624879837036133,23.932435989379883,129.70407104492188,34.5458984375,2.01416015625,-82.21435546875,-134.03041076660156,85.57379150390625,342.07745361328125,-0.9258297681808472,-0.3614433705806732,-0.1104443743824958,-20.0
170177,-13.732646942138672,24.134788513183594,129.86705017089844,-15.31982421875,-0.54931640625,28.99169921875,-134.08985900878906,85.37754821777344,342.4478759765625,-0.8872280716896057,-0.4130096435546875,-0.2055465579032898,-20.0
170297,-13.92121124267578,24.500865936279297,131.0702667236328,-55.84716796875,2.0751953125,122.13134765625,-132.44290161132812,85.0412826538086,345.3214111328125,-0.9362991452217102,-0.3088398575782776,-0.1672178357839584,-20.0
170417,-13.571232795715332,24.811052322387695,132.6536102294922,-24.23095703125,-7.4462890625,142.333984375,-131.1986083984375,84.69444274902344,347.81939697265625,-0.8464646935462952,-0.4949834644794464,-0.196185827255249,-20.0
170597,-13.479499816894531,24.753671646118164,133.95359802246094,-40.283203125,-33.14208984375,115.05126953125,-130.083251953125,84.384033203125,350.0148010253906,-0.9265300035476683,-0.3758826851844787,-0.0159507412463426,-20.0
170709,-13.501944541931152,24.56303977966309,135.99099731445312,-52.67333984375,-44.49462890625,97.59521484375,-128.4687957763672,83.89998626708984,353.4973449707031,-0.9517180919647216,-0.3042064607143402,-0.0411250926554203,-20.0
170834,-13.564569473266602,24.410375595092773,137.26698303222656,-66.40625,-50.23193359375,100.9521484375,-128.1974639892578,83.67041778564453,355.0660095214844,-0.9748868942260742,-0.2202799618244171,0.0327459536492824,-20.0
170944,-13.826200485229492,24.36526870727539,138.50576782226562,-32.65380859375,-15.380859375,45.2880859375,-128.08135986328125,83.53240203857422,356.484130859375,-0.997713029384613,-0.06572275608778,-0.0157881472259759,-20.0
171131,-13.963315963745115,24.653345108032227,138.5602264404297,-0.9765625,17.4560546875,-7.8125,-128.35589599609375,83.69876098632812,356.2509765625,-0.9966737627983092,-0.026637427508831,0.0770195350050926,-20.0
171256,-13.910323143005373,24.896175384521484,138.24671936035156,25.32958984375,22.15576171875,-34.5458984375,-127.84241485595705,83.84830474853516,356.2802429199219,-0.9971359968185424,-0.063373327255249,0.0412745103240013,-20.0
171366,-13.67906093597412,25.134145736694336,137.4355010986328,51.513671875,34.97314453125,-75.01220703125,-127.11613464355467,84.0390853881836,355.9925231933594,-0.9902175664901732,-0.1368227452039718,0.0273645482957363,-20.0
171491,-13.561131477355955,25.438093185424805,135.31805419921875,59.02099609375,28.86962890625,-113.525390625,-126.78144073486328,84.39317321777344,354.07855224609375,-0.9634842872619628,-0.2674725651741028,0.0125112049281597,-20.0
171616,-13.357807159423828,25.491355895996097,134.15089416503906,63.90380859375,24.169921875,-106.38427734375,-127.35075378417967,84.59829711914062,352.2350158691406,-0.9508876204490662,-0.3084909617900848,-0.0254147816449403,-20.0
171725,-13.205238342285156,25.570890426635746,132.91574096679688,86.73095703125,40.71044921875,-118.408203125,-128.5267791748047,84.76055908203125,349.7516174316406,-0.8163146376609802,-0.4654933214187622,-0.3419742584228515,-20.0
171850,-13.432851791381836,25.57598114013672,130.7352752685547,42.724609375,17.76123046875,-105.5908203125,-129.57814025878906,84.96499633789062,347.0497741699219,-0.9174334406852722,-0.3709417581558227,-0.1439374983310699,-20.0
171975,-13.423460960388184,25.59304428100586,130.2942657470703,20.81298828125,4.7607421875,-27.7099609375,-130.14930725097656,84.92364501953125,346.01983642578125,-0.889629602432251,-0.3470378220081329,-0.2968565821647644,-20.0
172084,-13.502032279968262,25.680831909179688,130.17205810546875,-2.62451171875,3.2958984375,1.28173828125,-130.2666778564453,84.7977523803711,345.9157409667969,-0.9347405433654784,-0.3106494843959808,-0.172502115368843,-20.0
172209,-13.519750595092772,25.905460357666016,130.4661102294922,-9.33837890625,8.23974609375,40.95458984375,-130.4378662109375,84.61402130126953,346.257568359375,-0.8556089997291565,-0.4135785102844238,-0.3112650513648987,-20.0
172450,-13.681966781616213,26.17075538635254,131.37936401367188,-56.7626953125,3.41796875,99.18212890625,-129.66357421875,84.3376693725586,348.1632995605469,-0.8916770219802856,-0.4496771991252899,-0.0519870705902576,-20.0
172575,-13.517146110534668,26.641115188598633,135.02174377441406,-74.89013671875,-33.75244140625,241.455078125,-128.71311950683594,83.62643432617188,352.6919250488281,-0.8787029981613159,-0.4179256558418274,-0.2306930124759674,-20.0
172697,-13.466398239135742,26.81343460083008,136.11692810058594,-26.7333984375,21.42333984375,48.03466796875,-129.2782745361328,83.44416809082031,352.79248046875,-0.823255181312561,-0.1719494313001632,-0.5410029888153076,-20.0
172817,-13.291939735412598,27.744110107421875,136.40634155273438,5.9814453125,3.96728515625,75.1953125,-127.69561004638672,83.30736541748047,355.0065002441406,-0.9811096787452698,-0.1647023409605026,0.1014736890792846,-20.0
172997,-12.783211708068848,27.69683074951172,137.41307067871094,-6.9580078125,-17.02880859375,80.2001953125,-126.80254364013672,83.24622344970703,356.53729248046875,-0.9927510023117064,-0.1121478229761123,0.0432248748838901,-20.0
173177,-12.5587797164917,27.617897033691406,137.8369598388672,-6.591796875,-0.1220703125,8.85009765625,-126.65760803222656,83.27838897705078,356.8297424316406,-0.998059332370758,0.0600889101624488,0.0163348503410816,-20.0
173357,-12.81216812133789,27.66895294189453,137.2304229736328,11.04736328125,24.10888671875,-49.86572265625,-126.78733825683594,83.38520812988281,356.1893615722656,-0.9976098537445068,-0.0690487027168273,-0.0026372766587883,-20.0
173477,-14.091469764709473,27.69680404663086,133.8153533935547,20.93505859375,56.82373046875,-194.03076171875,-127.9840316772461,83.66156768798828,352.28192138671875,-0.9800037145614624,-0.194883719086647,-0.0401650592684745,-20.0
173597,-15.085837364196776,27.49431037902832,130.9821319580078,21.78955078125,34.7900390625,-164.306640625,-129.77806091308594,83.68601989746094,348.086669921875,-0.9514898657798768,-0.2805707156658172,-0.1262818276882171,-20.0
173777,-15.596596717834473,27.222686767578125,129.3238983154297,17.51708984375,4.39453125,-30.21240234375,-130.6349334716797,83.6302490234375,346.0712890625,-0.8800461292266846,-0.4403610229492187,-0.1777666062116623,-20.0
173897,-15.008010864257812,27.17833137512207,130.5867156982422,-9.8876953125,-19.287109375,100.64697265625,-129.88192749023438,83.47478485107422,347.8601989746094,-0.9108105301856996,-0.4077265858650207,-0.0646771416068077,-20.0
174017,-14.750688552856444,27.155620574951172,131.7803955078125,-34.0576171875,-15.68603515625,100.40283203125,-128.59637451171875,83.34447479248047,350.2242126464844,-0.9531338810920716,-0.3010083138942718,0.0304908286780118,-20.0
174197,-14.019872665405272,27.04177474975586,133.96669006347656,-21.30126953125,-27.03857421875,120.4833984375,-126.71221923828124,83.12659454345703,353.7253112792969,-0.9770176410675048,-0.2116790860891342,0.0250672604888677,-20.0
174317,-13.18492603302002,26.952770233154297,135.80911254882812,1.220703125,-20.1416015625,97.900390625,-125.22449493408205,83.05005645751953,356.4386901855469,-0.9798722863197328,-0.1993207186460495,-0.0110329594463109,-20.0
174437,-12.745994567871094,26.83418846130371,136.78822326660156,-6.65283203125,-20.44677734375,84.9609375,-124.60008239746094,83.05671691894531,357.75885009765625,-0.9944232702255248,-0.0884594991803169,0.057421077042818,-20.0
174613,-12.390562057495115,26.780105590820312,137.7908477783203,-3.90625,-12.8173828125,49.9267578125,-123.8562240600586,83.09087371826172,359.2720642089844,-0.9963395595550536,-0.0661555901169776,0.0541383326053619,-20.0
174722,-12.386552810668944,26.595476150512695,137.80743408203125,-6.8359375,0.18310546875,-25.32958984375,-123.75875091552734,83.21837615966797,359.27154541015625,-0.995771586894989,-0.074462778866291,0.0537990555167198,-20.0
174847,-12.502400398254396,26.537803649902344,137.29588317871094,8.544921875,14.58740234375,-50.96435546875,-123.77059936523438,83.32726287841797,358.7574462890625,-0.991101861000061,-0.1331020146608352,0.0009795916266739,-20.0
174972,-12.629210472106934,26.43621063232422,136.27059936523438,27.34375,20.8740234375,-51.08642578125,-123.92383575439452,83.46382141113281,357.63427734375,-0.9770318865776062,-0.2126636058092117,0.0135233467444777,-20.0
175087,-12.63396167755127,26.298763275146484,135.85659790039062,10.009765625,0.0,-8.056640625,-123.3927230834961,83.43132019042969,357.7391052246094,-0.975125253200531,-0.2212357521057129,0.0136237824335694,-20.0
175275,-12.65223503112793,26.1715145111084,135.70211791992188,0.30517578125,7.26318359375,-17.2119140625,-123.1082763671875,83.4428482055664,357.8809814453125,-0.98288094997406,-0.1625593602657318,0.0867142528295517,-20.0
175384,-12.759472846984863,26.092626571655273,135.44911193847656,-0.1220703125,4.0283203125,-24.10888671875,-122.92981719970705,83.45404815673828,357.88128662109375,-0.9852313995361328,-0.1610866487026214,0.0580535642802715,-20.0
175572,-12.765936851501465,26.023136138916016,135.2932586669922,7.6904296875,7.26318359375,-13.36669921875,-122.59345245361328,83.45835876464844,358.0793151855469,-0.9799283146858216,-0.1974179595708847,0.0276910308748483,-20.0
175744,-12.822799682617188,25.87839698791504,135.09823608398438,6.591796875,0.1220703125,7.6904296875,-121.8359603881836,83.44384002685547,358.70977783203125,-0.9869561791419984,-0.1569888293743133,0.0356631241738796,-20.0
175931,-12.809035301208496,25.82594871520996,135.1104736328125,-3.60107421875,12.63427734375,-2.01416015625,-121.36227416992188,83.44676971435547,359.1678161621094,-0.9715918302536012,-0.2217464745044708,0.0826912149786949,-20.0
176103,-12.796635627746582,25.82954788208008,135.0593719482422,1.15966796875,8.7890625,-3.5400390625,-120.62753295898438,83.42994689941406,359.8407287597656,-0.971495509147644,-0.2337653785943985,0.0393722467124462,-20.0
176291,-12.662814140319824,25.494110107421875,135.1647491455078,-8.30078125,-18.24951171875,12.20703125,-120.03213500976562,83.42237091064453,0.39700448513031,-0.9842020869255066,-0.1764751523733139,-0.0142414383590221,-20.0
176415,-12.631108283996582,25.498376846313477,135.0909423828125,6.591796875,2.3193359375,-8.48388671875,-120.0277862548828,83.47502136230469,0.2962455153465271,-0.985436201095581,-0.1699112653732299,-0.0067571364343166,-20.0
176657,-12.552836418151855,25.35297203063965,135.00579833984375,9.033203125,-5.06591796875,-3.84521484375,-119.82298278808594,83.48304748535156,0.3424312472343445,-0.9479072093963624,-0.3154029548168182,-0.0446416512131691,-20.0
176777,-12.646141052246094,25.2899112701416,135.1889190673828,2.5634765625,-8.7890625,21.6064453125,-118.76285552978516,83.39446258544922,1.6057976484298706,-0.964506208896637,-0.2594430148601532,0.0491652339696884,-20.0
176897,-12.535898208618164,25.093412399291992,135.361328125,-13.00048828125,-6.28662109375,-0.67138671875,-118.21210479736328,83.38636779785156,2.1839048862457275,-0.9770153760910034,-0.1970845907926559,0.0812324807047844,-20.0
177077,-12.609817504882812,24.974031448364254,135.18927001953125,0.18310546875,-13.61083984375,-11.90185546875,-116.85407257080078,83.32676696777344,3.304137945175171,-0.9845740795135498,-0.1687180995941162,0.0463457778096199,-20.0
177557,-12.553035736083984,24.918855667114254,135.314208984375,-4.39453125,19.83642578125,-2.8076171875,-115.869873046875,83.22187042236328,4.382938861846924,-0.98255854845047,-0.1859131455421447,0.003883630502969,-30.0
177676,-12.54877758026123,24.848905563354492,135.1452178955078,19.1650390625,8.4228515625,-9.8876953125,-115.449951171875,83.17903900146484,4.636175155639648,-0.9365151524543762,-0.3506215810775757,0.001943451934494,-30.0
177797,-12.44960117340088,24.940324783325195,135.0223846435547,-2.685546875,7.62939453125,-8.97216796875,-114.7523193359375,83.12234497070312,5.246889591217041,-0.970448076725006,-0.2413082867860794,-0.000948166125454,-30.0
177977,-12.601930618286133,24.56934928894043,135.2715606689453,8.1787109375,0.0,9.58251953125,-112.89678955078124,82.89723205566406,7.259254455566406,-0.9852033853530884,-0.1657430082559585,0.0436292327940464,-30.0
178097,-12.500564575195312,24.569854736328125,135.2108154296875,10.3759765625,17.27294921875,-11.474609375,-112.5702133178711,82.9279556274414,7.439981460571289,-0.987492024898529,-0.1539009362459182,0.0342651791870594,-30.0
178216,-12.474794387817385,24.570709228515625,134.94705200195312,2.0751953125,16.6015625,-35.5224609375,-112.29907989501952,82.95794677734375,7.347856044769287,-0.9875645637512208,-0.154528334736824,0.0289365425705909,-30.0
178397,-12.5025634765625,24.406978607177734,134.1616973876953,9.09423828125,11.23046875,-41.6259765625,-112.22238159179688,82.95207214355469,6.602969169616699,-0.9808992743492126,-0.1945156753063202,-0.000361777463695,-30.0
178518,-12.532288551330566,24.393997192382812,133.62799072265625,19.775390625,21.17919921875,-45.47119140625,-112.30247497558594,82.96675109863281,6.017690181732178,-0.9624398946762084,-0.2710779011249542,0.0150399887934327,-30.0
178629,-12.44249439239502,24.36894416809082,133.08396911621094,27.83203125,21.8505859375,-56.884765625,-112.36135864257812,82.97386932373047,5.363029956817627,-0.968112587928772,-0.2503595352172851,-0.0088390298187732,-30.0
178749,-12.417716026306152,24.309337615966797,131.6370391845703,33.8134765625,19.287109375,-78.2470703125,-113.12776947021484,82.95841979980469,3.1264028549194336,-0.9676870107650756,-0.243534967303276,-0.0653648823499679,-30.0
178874,-12.583710670471191,24.27773094177246,130.5592498779297,36.7431640625,23.0712890625,-85.02197265625,-113.6986846923828,82.96363067626953,1.6299492120742798,-0.9328183531761168,-0.3419976830482483,-0.113523244857788,-30.0
178984,-12.661110877990724,24.219139099121097,129.78790283203125,26.0009765625,17.39501953125,-59.5703125,-114.40762329101562,82.94219970703125,0.227383553981781,-0.913949489593506,-0.3649719059467315,-0.1774591207504272,-30.0
179109,-12.760753631591797,24.172353744506836,129.27853393554688,14.2822265625,12.87841796875,-44.7998046875,-114.91618347167967,82.88660430908203,359.2642822265625,-0.9473618865013124,-0.2882375717163086,-0.139371633529663,-30.0
179225,-13.162272453308104,24.00981330871582,127.95735931396484,20.93505859375,3.7841796875,-49.62158203125,-115.96495056152344,82.8373794555664,357.22601318359375,-0.9006683230400085,-0.3461410403251648,-0.2626461982727051,-30.0
179412,-13.19663143157959,23.916038513183594,127.64675903320312,7.26318359375,9.21630859375,-23.74267578125,-116.52191162109376,82.78085327148438,356.3612365722656,-0.928022027015686,-0.3040651082992553,-0.21521957218647,-30.0
179709,-13.228150367736816,23.81769371032715,127.34488677978516,10.1318359375,4.638671875,-21.66748046875,-117.10885620117188,82.71611022949219,355.4906921386719,-0.9156648516654968,-0.3225380480289459,-0.2398481965065002,-30.0
179895,-13.401440620422363,23.783349990844727,127.14105987548828,-0.54931640625,6.9580078125,-2.62451171875,-117.54794311523438,82.6248550415039,355.0365295410156,-0.905823051929474,-0.3574564158916473,-0.2273973673582077,-30.0
180004,-13.38194465637207,23.813953399658203,128.37039184570312,-34.72900390625,-9.70458984375,93.505859375,-117.83057403564452,82.35093688964844,356.0458984375,-0.9033851623535156,-0.346912145614624,-0.2520855665206909,-30.0
180197,-13.13916015625,23.94944190979004,131.4107208251953,-40.58837890625,-10.92529296875,95.703125,-116.62337493896484,81.83338165283203,359.9503173828125,-0.9682849049568176,-0.2454705238342285,-0.0465672016143798,-30.0
180369,-12.811600685119627,24.0661563873291,133.79153442382812,-32.89794921875,-10.6201171875,118.22509765625,-115.6114730834961,81.43023681640625,3.038088321685791,-0.9841753244400024,-0.1702713072299957,-0.0490591935813427,-30.0
180494,-12.576969146728516,24.153045654296875,134.9005126953125,-27.16064453125,-6.591796875,100.52490234375,-114.91899871826172,81.29820251464844,4.701457977294922,-0.9795661568641664,-0.1979472786188125,-0.0355957821011543,-30.0
180613,-12.170578002929688,24.285972595214844,136.42662048339844,-11.962890625,-0.30517578125,60.1806640625,-114.3434600830078,81.22501373291016,6.5177693367004395,-0.995006501674652,-0.0965116694569587,0.0254483520984649,-30.0
180722,-11.990537643432615,24.261335372924805,136.6142120361328,6.16455078125,1.708984375,-10.43701171875,-114.1864242553711,81.35175323486328,6.702648639678955,-0.9959073066711426,-0.0839735493063926,-0.033422902226448,-30.0
180902,-11.862174034118652,24.22030258178711,136.5070037841797,13.24462890625,6.591796875,-14.46533203125,-114.2529296875,81.48682403564453,6.418376445770264,-0.9947613477706908,-0.0946312099695205,-0.038663949817419,-30.0
181090,-11.77976417541504,24.17658233642578,136.30758666992188,11.16943359375,8.48388671875,-19.1650390625,-114.1244888305664,81.60155487060547,6.255776882171631,-0.992703378200531,-0.1181331425905227,-0.0241800025105476,-30.0
181215,-11.709498405456545,24.05171775817871,135.86521911621094,14.5263671875,7.4462890625,-31.06689453125,-113.70738220214844,81.71795654296875,6.095800399780273,-0.9905044436454772,-0.1353697329759597,-0.0240000486373901,-30.0
181324,-11.687626838684082,23.923376083374023,135.33648681640625,12.6953125,2.13623046875,-31.8603515625,-113.52767944335938,81.7233657836914,5.70425271987915,-0.9862194061279296,-0.1386114656925201,-0.0903217792510986,-30.0
181512,-11.756117820739746,23.656505584716797,134.8930206298828,7.6904296875,2.25830078125,-8.7890625,-113.41250610351562,81.6572494506836,5.345026016235352,-0.9435321092605592,-0.331242561340332,0.0050315326079726,-30.0
181636,-11.567776679992676,23.679777145385746,134.7894744873047,15.7470703125,14.2822265625,-8.1787109375,-113.60308837890624,81.80619049072266,4.962958812713623,-0.9689909815788268,-0.247028961777687,0.0057619656436145,-30.0
181746,-11.412665367126465,23.74748992919922,134.63768005371094,21.30126953125,19.10400390625,-7.26318359375,-113.91495513916016,81.92601013183594,4.469381809234619,-0.9355123043060304,-0.3532869219779968,-0.0022479742765426,-30.0
181871,-11.213064193725586,23.8475341796875,134.62643432617188,16.05224609375,9.27734375,-1.220703125,-114.58625793457033,82.0882568359375,3.750572681427002,-0.963286519050598,-0.2666767239570617,-0.0310261007398366,-30.0
181986,-11.144927024841309,23.58283233642578,134.62240600585938,4.69970703125,2.685546875,-7.99560546875,-115.2519302368164,82.15149688720703,3.0273239612579346,-0.9081077575683594,-0.4187303185462951,-0.0022900209296494,-30.0
182174,-11.049667358398438,23.604137420654297,134.63711547851562,8.30078125,10.1318359375,-6.103515625,-115.3224868774414,82.1163101196289,2.9305949211120605,-0.9747369289398192,-0.2056287378072738,-0.0872051566839218,-30.0
182346,-10.96395778656006,23.591262817382812,134.80433654785156,-8.30078125,-10.009765625,12.20703125,-114.9313507080078,81.95999908447266,3.452885866165161,-0.9629797339439392,-0.0883540883660316,-0.2546833157539367,-30.0
182657,-10.721220016479492,23.1285457611084,134.79107666015625,14.70947265625,-4.21142578125,-0.6103515625,-113.04622650146484,81.68463897705078,5.372838497161865,-0.9386337995529176,-0.2927488982677459,-0.1823862344026565,-30.0
182777,-10.693288803100586,22.85511016845703,134.87744140625,0.18310546875,-12.5732421875,0.54931640625,-111.58062744140624,81.48027801513672,6.801440715789795,-0.9607100486755372,-0.2063158452510833,-0.1856605112552642,-30.0
182957,-10.963279724121094,22.542694091796875,134.83827209472656,-7.080078125,-16.2353515625,-2.5634765625,-111.24526977539062,81.33870697021484,6.874100208282471,-0.9540083408355712,-0.1818926334381103,-0.2382925301790237,-30.0
183077,-11.437307357788086,22.430274963378903,134.6515350341797,0.54931640625,0.06103515625,-1.953125,-112.39525604248048,80.9383316040039,5.475591659545898,-0.9699907898902892,-0.0419359169900417,-0.239498034119606,-30.0
183197,-11.549423217773438,22.43206024169922,134.5951385498047,1.220703125,-1.89208984375,-1.15966796875,-113.14148712158205,80.85408782958984,4.663236141204834,-0.9709869027137756,0.0054362416267395,-0.2390710860490799,-30.0
183377,-11.181267738342283,22.917795181274418,134.22991943359375,-0.91552734375,51.513671875,-73.05908203125,-115.10224151611328,81.05897521972656,2.209586381912231,-0.8171728253364563,0.5342039465904236,-0.2164595574140548,-30.0
183497,-11.533742904663086,23.03231430053711,133.56874084472656,-9.58251953125,3.0517578125,-41.19873046875,-114.7711944580078,80.90270233154297,2.133361577987671,-0.9585299491882324,0.2341876178979873,-0.1624091118574142,-30.0
183617,-11.552193641662598,22.817176818847656,133.436279296875,32.958984375,-24.5361328125,20.44677734375,-114.23855590820312,80.54954528808594,2.5389108657836914,-0.9319985508918762,-0.2797434031963348,-0.230482667684555,-30.0
183797,-11.576411247253418,22.968605041503903,134.1312713623047,-4.08935546875,17.15087890625,12.5732421875,-116.01666259765624,80.9869384765625,0.939949870109558,-0.9897544384002686,0.0642391294240951,-0.1275130659341812,-30.0
183917,-11.741619110107422,22.985803604125977,134.0988311767578,6.4697265625,8.544921875,4.08935546875,-117.49717712402344,81.26924896240234,359.4197692871094,-0.9731720685958862,0.0371591858565807,-0.227057859301567,-30.0
184097,-11.941126823425291,23.08050537109375,134.04067993164062,2.0751953125,26.79443359375,5.2490234375,-119.56446838378906,81.54927062988281,357.2507629394531,-0.9727268815040588,-0.1020999029278755,-0.2082739323377609,-30.0
184217,-12.127795219421388,22.984617233276367,133.97792053222656,0.42724609375,-5.06591796875,-0.42724609375,-121.42256927490234,81.67304992675781,355.445556640625,-0.9695278406143188,-0.1040702313184738,-0.2217772454023361,-30.0
184337,-12.263785362243652,22.90389633178711,133.92755126953125,-8.7890625,1.15966796875,0.06103515625,-123.87081146240234,81.72639465332031,353.0809020996094,-0.9621546268463136,-0.1743485927581787,-0.2094302028417587,-30.0
184517,-12.592495918273926,23.027711868286133,133.81532287597656,-5.37109375,41.80908203125,5.9814453125,-126.47940826416016,81.77142333984375,350.6427001953125,-0.9846788644790648,-0.1451456993818283,-0.0966446250677108,-30.0
184635,-12.538015365600586,23.466657638549805,133.80026245117188,-7.9345703125,36.43798828125,26.91650390625,-127.9057159423828,81.79727935791016,349.3368225097656,-0.9490835666656494,-0.2561890780925751,-0.1833234876394271,-30.0
184806,-12.329995155334473,23.085664749145508,134.6681671142578,-13.18359375,-26.18408203125,73.1201171875,-127.19719696044922,81.58946990966797,350.6499328613281,-0.9540674090385436,-0.2994121611118316,-0.0103756682947278,-30.0
184931,-12.205085754394531,23.05398178100586,135.2672576904297,-8.60595703125,-2.25830078125,14.95361328125,-126.4295883178711,81.36509704589844,351.9811096191406,-0.9367778301239014,-0.3251614272594452,-0.1292959302663803,-30.0
185048,-11.78109073638916,23.154333114624023,135.31842041015625,48.4619140625,5.7373046875,15.2587890625,-126.28736877441406,81.42027282714844,352.0707702636719,-0.9488999843597412,-0.3100682199001312,0.0587077736854553,-30.0
185235,-11.238533020019531,23.032894134521484,135.34457397460938,11.53564453125,-1.64794921875,2.74658203125,-125.3485107421875,81.3116683959961,352.768310546875,-0.9711841344833374,-0.1854295134544372,-0.1497242152690887,-30.0
185345,-11.245322227478027,23.01875114440918,135.32852172851562,7.26318359375,3.2958984375,2.74658203125,-125.41010284423828,81.21174621582031,352.6270751953125,-0.9505682587623596,-0.267724871635437,-0.1573004424571991,-30.0
185470,-11.384974479675291,22.98088836669922,135.27505493164062,-2.38037109375,2.5634765625,2.197265625,-125.6523666381836,81.08412170410156,352.3373718261719,-0.9622666835784912,-0.22014120221138,-0.1599398106336593,-30.0
185595,-12.24343204498291,22.907962799072266,135.0980987548828,-68.05419921875,-1.40380859375,-10.43701171875,-126.31869506835938,80.74838256835938,351.72052001953125,-0.9673016667366028,-0.2310044914484024,-0.104710966348648,-30.0
185773,-12.465089797973633,22.82895278930664,135.11854553222656,-16.78466796875,-1.953125,9.33837890625,-126.63636779785156,80.71826934814453,351.4419860839844,-0.974414885044098,-0.2018698155879974,-0.0988139063119888,-30.0
185882,-12.628819465637209,22.761850357055664,135.19754028320312,-13.7939453125,-4.69970703125,8.11767578125,-127.38816833496094,80.72187042236328,350.8201904296875,-0.9605161547660828,-0.2577393352985382,-0.104781299829483,-30.0
186123,-12.414819717407228,22.91326141357422,135.2779541015625,9.1552734375,-1.708984375,6.4697265625,-127.69283294677734,80.74092864990234,350.6044006347656,-0.9797256588935852,-0.1784466207027435,-0.0910734236240387,-30.0
186310,-12.347725868225098,22.897619247436523,135.25367736816406,2.5634765625,0.3662109375,3.90625,-127.64828491210938,80.71248626708984,350.59051513671875,-0.962196409702301,-0.2570753693580627,-0.0899462774395942,-30.0
186435,-12.375961303710938,22.86217880249023,135.20611572265625,2.86865234375,11.5966796875,-2.8076171875,-127.5540008544922,80.65505981445312,350.62310791015625,-0.9394094347953796,-0.3389251232147217,-0.0513776950538158,-30.0
186617,-12.509779930114746,22.671648025512695,135.1328887939453,2.685546875,3.47900390625,2.3193359375,-127.0478286743164,80.50000762939453,351.0269775390625,-0.9705039858818054,-0.2311063110828399,-0.0686430856585502,-30.0
186797,-12.516180038452148,22.481977462768555,135.2315216064453,-2.8076171875,2.9296875,2.74658203125,-126.66449737548828,80.40955352783203,351.42926025390625,-0.9629489183425904,-0.2681045234203338,-0.0291443709284067,-30.0
186917,-12.578192710876465,22.407787322998047,135.20913696289062,0.30517578125,4.5166015625,0.18310546875,-126.37108612060548,80.35443115234375,351.7020263671875,-0.9609953761100768,-0.2719526886940002,-0.0502950847148895,-30.0
187037,-12.68089771270752,22.2153263092041,135.24038696289062,-4.94384765625,-8.4228515625,7.2021484375,-125.61394500732422,80.20210266113281,352.4809265136719,-0.9529762268066406,-0.2924026846885681,-0.0796045064926147,-30.0
187158,-12.692492485046388,22.04992294311523,135.5602569580078,-0.67138671875,-9.521484375,34.48486328125,-125.0467529296875,80.08769226074219,353.3090515136719,-0.97869473695755,-0.2008965909481048,-0.0423933342099189,-30.0
187277,-12.55276870727539,21.975364685058594,135.9441375732422,-5.4931640625,7.32421875,25.81787109375,-124.97078704833984,80.05809783935547,353.5667724609375,-0.9484439492225648,-0.3140232264995575,0.0429361499845981,-30.0
187457,-12.576336860656738,22.177207946777344,135.4990234375,11.90185546875,38.39111328125,-35.70556640625,-126.122314453125,80.28163146972656,351.91912841796875,-0.9397098422050476,-0.3301461637020111,0.0891558676958084,-30.0
187697,-12.73340129852295,22.196489334106445,135.35008239746094,1.52587890625,12.75634765625,-7.14111328125,-126.77188873291016,80.31729125976562,351.1678161621094,-0.9521511793136596,-0.3012115657329559,-0.0517669729888439,0.0
187877,-12.82107162475586,22.127546310424805,135.27145385742188,-1.953125,1.28173828125,-8.30078125,-126.98368072509766,80.27055358886719,350.8580322265625,-0.9188870191574096,-0.3938254415988922,-0.0234141163527965,0.0
188117,-12.688234329223633,22.11617088317871,135.12872314453125,8.1787109375,6.9580078125,-0.6103515625,-127.38409423828124,80.28853607177734,350.21099853515625,-0.943822741508484,-0.3284488618373871,-0.0363333746790885,0.0
188237,-12.74150562286377,21.905454635620117,135.09494018554688,-8.1787109375,-9.70458984375,4.33349609375,-127.17010498046876,80.22553253173828,350.3102111816406,-0.9020891785621644,-0.4300565719604492,0.0358663350343704,0.0
188537,-12.937294960021973,21.964332580566406,135.0575714111328,-26.18408203125,34.36279296875,-4.57763671875,-127.05616760253906,80.1249008178711,350.4725036621094,-0.9290605783462524,-0.3697391450405121,0.0118116084486246,0.0
188644,-12.67940902709961,22.058374404907227,135.03887939453125,6.28662109375,20.3857421875,10.8642578125,-125.88002014160156,80.02153778076172,351.5216979980469,-0.8510028719902039,-0.4921931326389313,0.1831391900777816,0.0
188769,-12.582480430603027,22.090869903564453,134.95399475097656,16.11328125,13.0615234375,-10.009765625,-125.50988006591795,79.96900177001953,351.86956787109375,-0.888175368309021,-0.4537777304649353,-0.0723208263516426,0.0
188894,-12.29682159423828,21.308452606201172,134.9209442138672,12.6953125,5.43212890625,-1.03759765625,-124.20327758789062,79.76716613769531,352.9939270019531,-0.9099186658859252,-0.4108497202396393,-0.0570124499499797,0.0
189003,-12.431845664978027,21.195037841796875,134.8970947265625,-1.77001953125,-8.30078125,0.79345703125,-123.92559814453124,79.69989013671875,353.243408203125,-0.9159639477729796,-0.4012520015239715,0.0026413954328745,0.0
189128,-12.747977256774902,21.023717880249023,134.83261108398438,-32.16552734375,-10.7421875,-8.6669921875,-123.74353790283205,79.62574768066406,353.3873291015625,-0.903989851474762,-0.4201829731464386,-0.0790479034185409,0.0
189256,-13.29558563232422,20.78438377380371,134.69268798828125,-8.30078125,-2.62451171875,-1.220703125,-123.44157409667967,79.54706573486328,353.6835632324219,-0.9194442629814148,-0.3898281157016754,-0.0515386238694191,0.0
189432,-13.481831550598145,20.7960205078125,134.6348876953125,-6.65283203125,2.685546875,-0.48828125,-123.27529907226562,79.48436737060547,353.8157653808594,-0.9263845682144164,-0.3765713274478912,-0.0023878968786448,0.0
189557,-13.627100944519045,20.83310890197754,134.6121368408203,-13.73291015625,6.89697265625,-0.9765625,-123.1809310913086,79.39918518066406,353.8948669433594,-0.9198293089866638,-0.3922818899154663,-0.0053819161839783,0.0
189666,-13.632427215576172,20.880645751953125,134.65367126464844,-12.451171875,6.4697265625,2.86865234375,-123.02396392822266,79.31108093261719,354.0833435058594,-0.9166465401649476,-0.3990687131881714,-0.0224303733557462,0.0
189854,-13.422654151916504,20.89090919494629,134.74664306640625,5.79833984375,2.86865234375,1.03759765625,-122.61558532714844,79.23407745361328,354.3782043457031,-0.9249861240386964,-0.3799007534980774,0.0087127722799777,0.0
189963,-13.261028289794922,20.868133544921875,134.787841796875,5.37109375,2.685546875,0.67138671875,-122.46876525878906,79.2147445678711,354.43267822265625,-0.9149442315101624,-0.4034587740898132,0.0099074197933077,0.0
190156,-13.12175750732422,20.82116317749023,134.8276824951172,2.3193359375,0.48828125,0.54931640625,-122.23751831054688,79.17044830322266,354.6376953125,-0.9181225299835204,-0.3962862193584442,-0.0028561167418956,0.0
190328,-12.882328987121582,20.790769577026367,134.89913940429688,2.62451171875,1.15966796875,0.30517578125,-121.6534423828125,79.07733917236328,355.1727600097656,-0.923186182975769,-0.3843532204627991,-0.0001191054325317,0.0
190453,-12.746638298034668,20.80898666381836,134.94053649902344,1.64794921875,3.11279296875,0.732421875,-121.37423706054688,79.03030395507812,355.411376953125,-0.9246870875358582,-0.3807113766670227,0.0035803578794002,0.0
190572,-12.55221176147461,20.806440353393555,134.99920654296875,1.953125,2.99072265625,0.54931640625,-120.9641571044922,78.96361541748047,355.7632141113281,-0.9216039180755616,-0.3881315290927887,-0.0004765273770317,0.0
190697,-12.310690879821776,20.79204368591309,135.07244873046875,1.708984375,3.72314453125,0.67138671875,-120.3790512084961,78.86155700683594,356.27197265625,-0.9191609621047974,-0.3938749730587005,-0.0023871210869401,0.0
190818,-12.21315574645996,20.75351333618164,135.10113525390625,1.52587890625,3.0517578125,0.54931640625,-120.07150268554688,78.8026351928711,356.54547119140625,-0.92050039768219,-0.3907031416893005,-0.0054827160201966,0.0
190937,-12.088757514953612,20.741512298583984,135.13894653320312,1.77001953125,2.13623046875,0.42724609375,-119.73985290527344,78.73744201660156,356.83892822265625,-0.9239360094070436,-0.3823224604129791,-0.0131054753437638,0.0
191118,-11.947035789489746,20.7194881439209,135.17454528808594,1.8310546875,3.96728515625,0.48828125,-119.16400146484376,78.63624572753906,357.34161376953125,-0.925853431224823,-0.3777262270450592,-0.0108741177245974,0.0
191298,-11.81977653503418,20.69639015197754,135.2130889892578,3.0517578125,1.77001953125,0.732421875,-118.74797821044922,78.57449340820312,357.72491455078125,-0.9305478930473328,-0.3654108643531799,-0.0235672146081924,0.0
191418,-11.741045951843262,20.791807174682617,135.23745727539062,1.5869140625,2.9296875,0.91552734375,-118.26622772216795,78.50054168701172,358.17449951171875,-0.9319197535514832,-0.3616138696670532,-0.0275877732783556,0.0
191537,-11.588751792907717,20.7842960357666,135.28001403808594,4.45556640625,-1.03759765625,0.8544921875,-117.04573059082033,78.31561279296875,359.421875,-0.9325639605522156,-0.3541822731494903,-0.0698522850871086,0.0
191658,-11.506264686584473,20.77294158935547,135.24293518066406,22.39990234375,-2.74658203125,2.685546875,-115.9050064086914,78.23387908935547,0.7137203216552734,-0.9608901739120485,-0.2679238319396972,-0.0700492262840271,0.0
191777,-11.56918239593506,20.83312225341797,135.2183837890625,0.91552734375,2.685546875,1.52587890625,-115.4065399169922,78.1094970703125,1.2108761072158811,-0.9452216029167176,-0.3147939443588257,-0.0863763913512229,0.0
191898,-11.683759689331056,20.984649658203125,135.1818084716797,2.685546875,4.69970703125,1.89208984375,-115.55532836914062,78.02085876464844,0.9851520657539368,-0.9449917674064636,-0.2994900643825531,-0.1315152049064636,0.0
192078,-11.79994297027588,21.088491439819336,135.1162109375,-0.244140625,6.40869140625,-1.220703125,-116.0741729736328,78.02450561523438,0.4770679473876953,-0.938317060470581,-0.3301044106483459,-0.102919116616249,0.0
192198,-12.030754089355469,21.20194435119629,135.05101013183594,-14.83154296875,8.48388671875,-1.03759765625,-116.59580993652344,77.994140625,359.92193603515625,-0.9305189847946168,-0.3616765737533569,-0.0576585829257965,0.0
192318,-11.966060638427734,21.294960021972656,135.08995056152344,-2.38037109375,9.033203125,2.44140625,-116.97491455078124,78.0103759765625,359.4322814941406,-0.9214300513267516,-0.3844083547592163,-0.0565412081778049,0.0
192438,-11.836248397827148,21.25522232055664,135.15037536621094,4.0283203125,-2.01416015625,-0.67138671875,-117.32625579833984,78.00537872314453,358.9598693847656,-0.8995876908302307,-0.4327476620674133,-0.0589192546904087,0.0
192558,-11.905474662780762,21.27126693725586,135.10894775390625,-1.64794921875,4.82177734375,1.77001953125,-117.25115203857422,77.92096710205078,359.29736328125,-0.8946701884269714,-0.4415888786315918,-0.0675617009401321,0.0
192678,-11.914339065551758,21.41379165649414,135.1953125,2.86865234375,20.6298828125,16.66259765625,-117.14595794677734,77.81571197509766,359.6015625,-0.9030033946037292,-0.4233440458774566,-0.0732445046305656,0.0
192798,-11.685447692871094,21.519451141357425,135.625732421875,13.0615234375,15.93017578125,42.29736328125,-117.15323638916016,77.80784606933594,359.8041076660156,-0.9225378632545472,-0.3835166394710541,0.0428819321095943,0.0
192918,-11.44246768951416,21.621597290039062,136.27374267578125,-1.15966796875,-5.18798828125,63.720703125,-116.91925811767578,77.69464111328125,0.4667953550815582,-0.90291029214859,-0.4290734529495239,0.0254750996828079,0.0
193038,-11.158042907714844,21.46592903137207,136.7300262451172,6.77490234375,-10.19287109375,12.451171875,-116.76880645751952,77.67498779296875,0.7662308216094971,-0.9377424120903016,-0.340002954006195,0.0709726437926292,0.0
193157,-11.243247032165527,21.479564666748047,136.69215393066406,6.04248046875,8.6669921875,17.4560546875,-116.55010223388672,77.62759399414062,1.041487455368042,-0.92327082157135,-0.3836654722690582,0.0192802809178829,0.0
193398,-11.203163146972656,21.67336654663086,137.3001708984375,-10.68115234375,7.62939453125,61.1572265625,-116.26842498779295,77.56990814208984,1.6525025367736816,-0.9477664232254028,-0.3043670058250427,0.0953912809491157,0.0
193518,-11.175048828125,21.735485076904297,137.3323974609375,10.7421875,12.6953125,5.92041015625,-116.00240325927734,77.54938507080078,1.949014663696289,-0.9215064644813538,-0.3838803470134735,0.0588350184261798,0.0
193638,-11.122048377990724,21.662567138671875,137.42465209960938,5.126953125,-3.11279296875,12.02392578125,-115.78946685791016,77.52921295166016,2.2112529277801514,-0.9283152222633362,-0.3685798048973083,0.0487826205790042,0.0
193818,-10.919833183288574,21.212141036987305,138.43763732910156,-0.732421875,-15.380859375,24.10888671875,-115.1810302734375,77.43025207519531,3.4839768409729004,-0.9398645758628844,-0.3088550567626953,0.1458185315132141,0.0
193936,-10.606341361999512,21.0253849029541,139.09356689453125,-10.92529296875,-2.86865234375,31.8603515625,-114.93182373046876,77.39600372314453,4.022865295410156,-0.9610408544540404,-0.2160955965518951,0.1723461747169494,0.0
194057,-10.431870460510254,21.022741317749023,139.33047485351562,22.3388671875,-2.50244140625,27.34375,-114.62776184082033,77.39991760253906,4.395670413970947,-0.9615445733070374,-0.2639181315898895,0.0760218575596809,0.0
194178,-10.074740409851074,20.81846618652344,139.918701171875,23.193359375,-22.4609375,36.7431640625,-114.08624267578124,77.38542938232422,5.075287818908691,-0.9561731815338136,-0.2653654515743255,0.1237498670816421,0.0
194298,-9.88499641418457,20.784839630126953,140.1536407470703,17.27294921875,0.8544921875,17.822265625,-113.8066864013672,77.39710235595703,5.378411769866943,-0.9545295238494872,-0.2869539558887481,0.0808136612176895,0.0
194418,-9.963907241821287,20.745635986328125,140.10501098632812,5.4931640625,2.44140625,-0.42724609375,-113.5726089477539,77.40859985351562,5.536721706390381,-0.9505712985992432,-0.2872005105018616,0.118025965988636,0.0
194538,-10.094407081604004,20.750404357910156,139.96815490722656,2.685546875,7.62939453125,-1.708984375,-113.33047485351562,77.42250061035156,5.689253807067871,-0.9507548809051514,-0.2925862967967987,0.102266676723957,0.0
194651,-10.245783805847168,20.803218841552734,139.84141540527344,2.5634765625,6.591796875,-2.9296875,-112.96316528320312,77.43803405761719,5.949155807495117,-0.950092315673828,-0.3001990616321563,0.0848830416798591,0.0
194776,-10.493911743164062,20.92568588256836,139.55059814453125,1.5869140625,11.65771484375,-12.14599609375,-112.75,77.46624755859375,6.044764995574951,-0.95311176776886,-0.2877634465694427,0.0936487019062042,0.0
194885,-10.864277839660645,21.06502342224121,139.11671447753906,-11.77978515625,24.47509765625,-36.92626953125,-112.57001495361328,77.48933410644531,5.959510803222656,-0.9398864507675172,-0.3357253968715668,0.0624661482870578,0.0
195010,-11.173986434936523,21.168060302734375,138.6835479736328,-7.8125,20.3857421875,-25.2685546875,-112.47249603271484,77.51287841796875,5.804656505584717,-0.9462096691131592,-0.3064834475517273,0.1037072464823722,0.0
195135,-11.544536590576172,21.377290725708008,138.03317260742188,1.15966796875,25.69580078125,-31.6162109375,-112.3218994140625,77.54593658447266,5.405882835388184,-0.9361379742622375,-0.3433197140693664,0.0760085955262184,0.0
195245,-11.824349403381348,21.58160400390625,137.44775390625,-0.8544921875,35.82763671875,-45.47119140625,-112.26643371582033,77.55901336669922,5.036041736602783,-0.9169897437095642,-0.3985913395881653,0.015958160161972,0.0
195432,-12.39614200592041,21.761035919189453,136.6160430908203,-23.62060546875,40.771484375,-71.533203125,-112.20000457763672,77.56869506835938,4.659220218658447,-0.9300642609596252,-0.3615171909332275,0.065466858446598,0.0
195604,-12.876970291137695,21.855892181396484,135.8238067626953,0.1220703125,28.99169921875,-49.25537109375,-112.1529541015625,77.56718444824219,4.237893104553223,-0.8962380290031433,-0.4432851374149322,0.0159935932606458,0.0
195729,-13.74670696258545,21.79414749145508,134.909912109375,-58.4716796875,13.73291015625,-55.48095703125,-112.13228607177734,77.4811782836914,3.6931445598602295,-0.8950079083442688,-0.4460391402244568,-0.003173786913976,0.0
195854,-15.279391288757324,21.503314971923828,133.6369171142578,-65.4296875,-6.591796875,-65.4296875,-112.18816375732422,77.34197235107422,3.0437300205230713,-0.9084218740463256,-0.4175251424312591,-0.0210316032171249,0.0
196088,-15.479736328125,21.24595642089844,133.1808319091797,0.42724609375,-4.2724609375,-20.32470703125,-112.1439971923828,77.18683624267578,2.6237144470214844,-0.8969208002090454,-0.4414635002613067,-0.0253563430160284,0.0
196213,-15.218120574951172,20.91150665283203,132.88955688476562,20.56884765625,-11.8408203125,-35.82763671875,-112.07174682617188,77.08260345458984,2.1084177494049072,-0.9228073358535768,-0.382582813501358,-0.0453539863228797,0.0
196323,-15.063430786132812,20.658279418945312,132.32427978515625,28.6865234375,-7.50732421875,-66.2841796875,-112.00889587402344,77.00674438476562,1.4594677686691284,-0.8988089561462402,-0.4340886175632477,-0.0609058961272239,0.0
196697,-14.66545295715332,20.214946746826172,131.5461883544922,10.80322265625,-1.64794921875,-22.52197265625,-112.12103271484376,76.79962921142578,0.3754073977470398,-0.8642494082450867,-0.4900249242782593,-0.1137916520237922,0.0
196817,-14.520756721496582,20.176504135131836,131.567138671875,1.8310546875,5.18798828125,6.8359375,-112.16578674316406,76.70677947998047,0.2791290581226349,-0.8620739579200745,-0.4883009195327759,-0.1356125324964523,0.0
196937,-14.380468368530272,20.258514404296875,131.76779174804688,-4.0283203125,12.75634765625,24.5361328125,-112.17738342285156,76.61402130126953,0.4140936136245727,-0.8836949467658997,-0.4486071467399597,-0.1335476189851761,0.0
197057,-13.797492027282717,21.023162841796875,133.71713256835938,-11.77978515625,9.765625,56.33544921875,-111.98919677734376,76.25406646728516,2.1760365962982178,-0.8945589065551758,-0.4457464516162872,-0.0327824093401432,0.0
197177,-13.570907592773438,21.23006820678711,134.4287109375,-18.798828125,7.32421875,64.697265625,-111.89866638183594,76.15879821777344,2.8239755630493164,-0.9074432849884032,-0.4200173020362854,0.0114942016080021,0.0
197297,-13.390499114990234,21.36271858215332,134.95166015625,-11.5966796875,4.08935546875,39.306640625,-111.69564819335938,76.10652923583984,3.39980149269104,-0.9239665865898132,-0.3776553571224212,0.060515571385622,0.0
197417,-13.091917991638184,21.43827438354492,135.3988494873047,13.3056640625,9.6435546875,17.27294921875,-111.3013687133789,76.05534362792969,4.072725296020508,-0.93512624502182,-0.3457530736923218,0.0774196460843086,0.0
197537,-12.89623737335205,21.42866897583008,135.44439697265625,6.34765625,2.99072265625,-1.03759765625,-110.9599151611328,76.03857421875,4.332422733306885,-0.9367899894714355,-0.348740667104721,0.0283625088632106,0.0
197657,-12.72622013092041,21.413818359375,135.44064331054688,10.92529296875,5.0048828125,2.01416015625,-110.57254791259766,75.96524047851562,4.638620376586914,-0.9171448945999146,-0.3973215818405151,0.0313188321888446,10.0
197777,-12.53342628479004,21.30459213256836,135.8093719482422,-13.671875,-18.98193359375,37.9638671875,-110.3397216796875,75.90162658691406,4.994842052459717,-0.9363332986831664,-0.3503986001014709,0.0223790202289819,10.0
198077,-11.999608039855955,21.35013771057129,136.0604248046875,22.216796875,21.54541015625,16.17431640625,-110.06826782226562,75.99533081054688,5.2214131355285645,-0.850732684135437,-0.5179464221000671,0.0893613025546073,10.0
198197,-11.689569473266602,21.34755516052246,136.0944061279297,30.6396484375,9.765625,1.5869140625,-109.91011810302734,76.0146255493164,5.404421329498291,-0.9245821237564088,-0.3805930614471435,0.0172304213047027,10.0
198317,-11.639617919921877,21.25824928283691,136.15916442871094,-6.40869140625,-0.244140625,13.12255859375,-109.66046142578124,75.95996856689453,5.670607089996338,-0.9379044771194458,-0.3459296524524688,0.0258425567299127,10.0
198437,-11.308640480041504,21.111026763916016,136.35604858398438,0.8544921875,-0.244140625,6.16455078125,-108.89037322998048,75.8674545288086,6.4194416999816895,-0.937573492527008,-0.3477117419242859,0.0072514242492616,10.0
198557,-11.19948673248291,21.07533073425293,136.39962768554688,3.23486328125,4.33349609375,-0.732421875,-108.68081665039062,75.86376190185547,6.5793776512146,-0.9227294921875,-0.3835173547267914,0.0385323539376258,10.0
198675,-11.122429847717283,21.089828491210938,136.3577423095703,4.39453125,9.70458984375,-3.11279296875,-108.46853637695312,75.85150909423828,6.726363182067871,-0.9157801866531372,-0.3976107537746429,0.05702930316329,10.0
198785,-11.031588554382324,20.918367385864254,136.06790161132812,13.12255859375,4.21142578125,-14.46533203125,-108.13831329345705,75.83712005615234,6.720147609710693,-0.9171146154403688,-0.3979953825473785,-0.022368649020791,10.0
198972,-11.027617454528809,20.87763023376465,135.87828063964844,9.8876953125,10.43701171875,-11.5966796875,-107.97168731689452,75.81688690185547,6.707102298736572,-0.8997741341590881,-0.4362324476242065,-0.0103751290589571,10.0
199144,-10.973663330078123,20.81948471069336,135.85882568359375,7.080078125,2.44140625,2.38037109375,-107.86042785644533,75.7695541381836,6.731800079345703,-0.9055075645446776,-0.4239866733551025,-0.0170692820101976,10.0
199332,-10.93110179901123,20.74528694152832,135.86492919921875,2.685546875,3.2958984375,-1.77001953125,-107.71559143066406,75.72205352783203,6.804910659790039,-0.905037522315979,-0.4253292977809906,-0.0014373279409483,10.0
199457,-10.889491081237791,20.58176612854004,135.78858947753906,5.2490234375,2.86865234375,-0.3662109375,-107.43267822265624,75.58255004882812,6.967059135437012,-0.9097406268119812,-0.4144773483276367,-0.0240919459611177,10.0
199628,-10.869791030883787,20.49304962158203,135.76174926757812,3.7841796875,4.0283203125,1.3427734375,-107.23284149169922,75.48123931884766,7.105152130126953,-0.9046298265457152,-0.4259328544139862,-0.0150413503870368,10.0
199816,-10.845590591430664,20.341894149780273,135.76895141601562,2.50244140625,2.0751953125,-0.8544921875,-107.01943969726562,75.34136199951172,7.278474807739258,-0.9116390347480774,-0.4102912545204162,-0.0239873602986335,10.0
199925,-10.857304573059082,20.267230987548828,135.74095153808594,1.40380859375,5.18798828125,-1.46484375,-106.89559173583984,75.28131866455078,7.343361377716064,-0.9108065962791444,-0.4127334654331207,-0.0090710651129484,10.0
200056,-10.855117797851562,20.16451072692871,135.75233459472656,0.91552734375,1.220703125,5.2490234375,-106.76228332519533,75.16558837890625,7.467370510101318,-0.9041193723678588,-0.4265459775924682,-0.0250345729291439,10.0
200228,-10.256949424743652,19.940385818481445,136.3178253173828,65.91796875,-16.17431640625,40.4052734375,-106.44841003417967,74.98336791992188,7.947956085205078,-0.9264782667160034,-0.3753689527511596,0.0271293185651302,10.0
200353,-9.935093879699709,19.95020294189453,136.55935668945312,17.39501953125,10.25390625,20.1416015625,-106.33235168457033,74.87571716308594,8.079683303833008,-0.8894657492637634,-0.4556235373020172,-0.0354691259562969,10.0
200478,-9.619880676269531,19.872987747192383,136.9112091064453,34.912109375,-12.14599609375,38.39111328125,-106.17124938964844,74.7997817993164,8.35304069519043,-0.9256244897842408,-0.377043604850769,0.0325183495879173,10.0
200717,-9.275956153869627,19.67136573791504,137.25791931152344,28.62548828125,-8.85009765625,26.91650390625,-105.8880844116211,74.67403411865234,8.656929969787598,-0.9295328855514526,-0.3687353730201721,0.0016701052663847,10.0
200837,-9.08155918121338,19.59773063659668,137.54295349121094,20.56884765625,-12.6953125,34.66796875,-105.75833892822266,74.60955810546875,8.791908264160156,-0.9244884848594666,-0.3807708323001861,0.0182924047112464,10.0
200957,-8.999088287353516,19.47654151916504,137.77291870117188,5.859375,-4.638671875,13.48876953125,-105.62281799316406,74.5470962524414,8.952950477600098,-0.9140805006027222,-0.4053925573825836,0.0106650711968541,10.0
201077,-9.035266876220703,19.182233810424805,138.22254943847656,1.77001953125,-10.31494140625,13.12255859375,-105.21975708007812,74.36698150634766,9.580439567565918,-0.9288570880889891,-0.3702989518642425,0.0101664764806628,10.0
201197,-9.098443984985352,19.123449325561523,138.2814178466797,1.8310546875,0.42724609375,2.38037109375,-105.00099182128906,74.33496856689453,9.808786392211914,-0.9386873245239258,-0.3408357799053192,0.051934577524662,10.0
201377,-9.165505409240724,19.08456039428711,138.30596923828125,1.15966796875,-2.25830078125,5.18798828125,-104.8116455078125,74.30961608886719,9.988515853881836,-0.9333897829055786,-0.3572291433811188,0.0342155173420906,10.0
201497,-9.274840354919434,19.04336929321289,138.3765106201172,1.220703125,-0.67138671875,6.16455078125,-104.55413818359376,74.26893615722656,10.32880973815918,-0.9375503063201904,-0.3464262187480926,0.0314389541745185,10.0
201617,-9.373587608337402,19.03316307067871,138.3399658203125,3.2958984375,3.662109375,-0.06103515625,-104.32302856445312,74.25218963623047,10.527213096618652,-0.9357037544250488,-0.350620299577713,0.0390373989939689,10.0
201737,-9.511151313781738,19.026330947875977,138.29843139648438,1.52587890625,1.28173828125,2.5634765625,-104.00757598876952,74.21131896972656,10.802251815795898,-0.9400877356529236,-0.3400698602199554,0.0242395289242267,10.0
201857,-9.6126070022583,19.038684844970703,138.25180053710938,1.77001953125,3.60107421875,-1.03759765625,-103.8006591796875,74.1958236694336,10.953922271728516,-0.9360140562057496,-0.3509301245212555,0.0269391182810068,10.0
201977,-9.752626419067385,19.081846237182617,138.17185974121094,2.197265625,4.94384765625,0.42724609375,-103.5095443725586,74.17047119140625,11.17155933380127,-0.9345628023147584,-0.3541060984134674,0.0346577018499374,10.0
202097,-9.844720840454102,19.102210998535156,138.12176513671875,3.41796875,5.06591796875,-0.30517578125,-103.33321380615234,74.14115905761719,11.311373710632324,-0.9300633668899536,-0.3665221631526947,0.0253718625754117,10.0
202217,-9.945631980895996,19.09867286682129,138.0901336669922,1.52587890625,2.44140625,1.953125,-103.1521987915039,74.11563873291016,11.45860481262207,-0.9360089302062988,-0.3507044315338135,0.0298929791897535,10.0
202397,-10.050421714782717,19.114986419677734,138.0477752685547,1.52587890625,4.5166015625,0.67138671875,-102.98030090332033,74.08959197998047,11.591206550598145,-0.932948648929596,-0.3590836822986603,0.0258024204522371,10.0
202517,-10.207775115966797,19.117490768432617,137.98390197753906,1.220703125,2.38037109375,0.1220703125,-102.718994140625,74.04167175292969,11.797969818115234,-0.9314334392547609,-0.3625096380710602,0.0319123230874538,10.0
202628,-10.35299301147461,19.141437530517575,137.9107666015625,-4.21142578125,8.4228515625,-4.8828125,-102.55329895019533,74.0083236694336,11.945215225219728,-0.9334772825241088,-0.3579185307025909,0.0226832944899797,10.0
202753,-10.848987579345703,19.292409896850582,137.5484161376953,-15.31982421875,14.95361328125,-16.29638671875,-102.28204345703124,73.96617889404297,12.178739547729492,-0.9343342781066896,-0.3547924160957336,0.0337897539138793,10.0
202863,-11.236480712890623,19.368070602416992,137.22755432128906,-5.9814453125,9.033203125,-13.24462890625,-102.06551361083984,73.95562744140625,12.260920524597168,-0.9239393472671508,-0.3824762403964996,0.0069280518218874,10.0
202988,-11.396888732910156,19.40711975097656,137.10877990722656,-2.685546875,8.544921875,-5.0048828125,-101.93865966796876,73.93983459472656,12.30549430847168,-0.9234549403190612,-0.381327748298645,0.0426635220646858,10.0
203113,-11.624476432800291,19.4815731048584,136.89599609375,-6.34765625,14.16015625,-14.892578125,-101.7846221923828,73.9185791015625,12.321544647216797,-0.9309449195861816,-0.3637816607952118,0.0316958278417587,10.0
203222,-12.019652366638184,19.603351593017575,136.51846313476562,-27.7099609375,30.6396484375,-39.306640625,-101.65773010253906,73.88711547851562,12.249281883239746,-0.9169912934303284,-0.3966245949268341,0.0426115654408931,10.0
203347,-12.507396697998049,19.68003845214844,136.10891723632812,-14.22119140625,15.68603515625,-20.08056640625,-101.49996948242188,73.84190368652344,12.239773750305176,-0.9202195405960084,-0.3913412392139435,0.0069306236691772,10.0
203472,-12.723875999450684,19.633481979370117,135.99484252929688,-9.521484375,5.7373046875,-7.99560546875,-101.43150329589844,73.80562591552734,12.229474067687988,-0.9182337522506714,-0.3937330842018127,0.0426752790808677,10.0
203644,-13.352313995361328,19.599454879760746,135.60325622558594,-48.583984375,19.71435546875,-37.90283203125,-101.33883666992188,73.75148010253906,12.13611888885498,-0.9078102707862854,-0.4177754521369934,0.0366636216640472,10.0
203769,-14.226536750793455,19.41915512084961,135.02859497070312,-25.87890625,5.92041015625,-24.7802734375,-101.1762466430664,73.69189453125,12.035032272338867,-0.9168212413787842,-0.3988540470600128,0.0188263934105634,10.0
203894,-14.315743446350098,19.38359260559082,134.8788299560547,4.69970703125,6.04248046875,-1.46484375,-101.06982421875,73.62279510498047,12.084304809570312,-0.9113812446594238,-0.4113557636737823,0.0130608147010207,10.0
204003,-14.00492000579834,19.160707473754883,135.1494903564453,1.77001953125,-9.82666015625,11.16943359375,-100.9644546508789,73.54193115234375,12.195022583007812,-0.9102237820625304,-0.4140786528587341,0.0056193880736827,10.0
204128,-14.0829496383667,19.11185646057129,135.05618286132812,-6.4697265625,5.43212890625,-1.64794921875,-100.8252410888672,73.48123168945312,12.26209545135498,-0.9229037761688232,-0.3850061595439911,0.004347622860223,10.0
204253,-14.143123626708984,19.065095901489254,135.0335235595703,-17.88330078125,10.7421875,-9.58251953125,-100.64640045166016,73.39689636230469,12.425719261169434,-0.9255028963088988,-0.3765367567539215,0.0407974831759929,10.0
204363,-14.206910133361816,19.03826904296875,134.95558166503906,-8.97216796875,2.99072265625,-5.92041015625,-100.48632049560548,73.33817291259766,12.52085018157959,-0.927184522151947,-0.3730177283287048,0.0344472303986549,10.0
204488,-14.139846801757812,19.00808334350586,134.78692626953125,8.056640625,7.38525390625,-23.01025390625,-100.21867370605467,73.32588195800781,12.541626930236816,-0.9331115484237672,-0.3571182489395141,0.0420635417103767,10.0
204737,-13.99593448638916,18.87535858154297,134.24465942382812,13.7939453125,7.87353515625,-40.6494140625,-99.81021118164062,73.32028198242188,12.34528636932373,-0.9159725308418274,-0.4008272886276245,-0.0182194225490093,10.0
204977,-13.895914077758787,18.77488136291504,133.94747924804688,11.65771484375,7.4462890625,-26.42822265625,-99.7235107421875,73.29766082763672,12.090124130249023,-0.9137610793113708,-0.4025181531906128,-0.0549532994627952,10.0
205097,-14.02235984802246,18.66419982910156,133.2524871826172,3.60107421875,14.34326171875,-65.5517578125,-99.46394348144533,73.27957153320312,11.76174259185791,-0.9035174250602722,-0.4269797205924988,-0.0366658456623554,10.0
205217,-13.785454750061035,18.249923706054688,132.00010681152344,23.3154296875,-0.79345703125,-41.93115234375,-99.3852996826172,73.24153137207031,10.53758144378662,-0.8794981837272644,-0.4531036019325256,-0.1455344557762146,10.0
205337,-13.677706718444824,18.014711380004883,131.4381866455078,11.90185546875,9.70458984375,3.173828125,-99.64669036865234,73.16309356689453,9.759745597839355,-0.8513394594192505,-0.4816834926605224,-0.2078513205051422,10.0
205457,-13.680330276489258,18.07455062866211,131.91445922851562,-15.07568359375,1.77001953125,57.9833984375,-100.0546875,73.04621124267578,9.814579010009766,-0.8788592219352722,-0.4472322463989258,-0.1661013215780258,10.0
205577,-13.39777946472168,18.24429702758789,133.74545288085938,-6.28662109375,-19.34814453125,136.16943359375,-100.88128662109376,72.75532531738281,10.622699737548828,-0.909964084625244,-0.4133367836475372,-0.0334360562264919,10.0
205757,-13.169978141784668,18.331588745117188,135.02561950683594,-19.4091796875,-18.73779296875,111.75537109375,-101.13925170898438,72.5793685913086,11.362777709960938,-0.9339741468429564,-0.3524223566055298,0.0590829290449619,10.0
205937,-12.770301818847656,18.083009719848633,135.763916015625,-0.79345703125,-28.50341796875,35.82763671875,-101.07376861572266,72.5250473022461,11.78496551513672,-0.948841154575348,-0.3054320514202118,0.080073058605194,10.0
206117,-12.668607711791992,17.948766708374023,135.80047607421875,1.8310546875,-10.68115234375,-1.5869140625,-100.87630462646484,72.53837585449219,11.94898509979248,-0.9347030520439148,-0.3544275760650635,0.0266683846712112,10.0
206237,-12.664447784423828,17.843992233276367,135.4937286376953,6.4697265625,2.8076171875,-9.765625,-100.3720932006836,72.52162170410156,12.099085807800291,-0.9203684329986572,-0.3909372091293335,0.0094858892261981,10.0
206417,-12.610078811645508,17.721324920654297,135.47439575195312,-1.77001953125,-5.4931640625,-5.4931640625,-100.09876251220705,72.46946716308594,12.270127296447754,-0.9294655919075012,-0.3664873242378235,0.0421993918716907,10.0
206537,-12.239534378051758,17.35494041442871,135.6157989501953,8.97216796875,-26.30615234375,1.03759765625,-99.78475952148438,72.42105865478516,12.435541152954102,-0.9318293929100036,-0.3626085817813873,-0.014461669139564,10.0
206643,-12.13596534729004,17.34977149963379,135.65438842773438,3.7841796875,-6.16455078125,0.0,-99.60519409179688,72.38130950927734,12.584247589111328,-0.9301523566246032,-0.36685910820961,0.0152016729116439,10.0
206768,-12.024657249450684,17.49578857421875,135.65919494628906,1.03759765625,2.3193359375,-0.244140625,-99.35344696044922,72.30946350097656,12.783607482910156,-0.9348859786987304,-0.3548082709312439,0.0099645247682929,10.0
206893,-11.98195743560791,17.777145385742188,135.6701202392578,-2.197265625,10.80322265625,1.46484375,-99.17356872558594,72.24622344970703,12.897958755493164,-0.9224814176559448,-0.3860384225845337,0.0015517933061346,10.0
207003,-11.911324501037598,17.945903778076172,135.69113159179688,0.54931640625,7.080078125,1.52587890625,-99.07689666748048,72.20541381835938,12.95628833770752,-0.9149532914161682,-0.4035325944423675,0.0046699619852006,10.0
207128,-11.814491271972656,18.04185485839844,135.71839904785156,2.3193359375,-1.3427734375,0.1220703125,-98.99169158935548,72.1600570678711,13.016639709472656,-0.9262520670890808,-0.3768830299377441,0.004033372271806,10.0
207315,-11.731599807739258,18.193403244018555,135.7371826171875,2.8076171875,8.4228515625,1.64794921875,-98.900146484375,72.12895202636719,13.10383415222168,-0.9299681186676024,-0.3668332993984222,0.0243447143584489,10.0
207425,-11.599242210388184,18.823503494262695,135.68655395507812,-9.1552734375,35.2783203125,-1.8310546875,-98.74278259277344,71.98036193847656,13.17996311187744,-0.9220783114433287,-0.3775530457496643,-0.0850019082427024,10.0
207550,-11.539124488830566,18.77701759338379,135.58253479003906,11.16943359375,-15.2587890625,-15.80810546875,-98.60240936279295,72.12080383300781,13.13966464996338,-0.9650851488113404,-0.2615123689174652,-0.0148955136537551,30.0
207737,-11.469512939453123,18.6888427734375,135.6741180419922,-2.13623046875,-7.080078125,0.9765625,-98.1244659423828,71.94588470458984,13.63242244720459,-0.9462773203849792,-0.3228316605091095,-0.0184124521911144,30.0
207848,-11.366943359375,18.46007919311523,135.75770568847656,-0.79345703125,-0.91552734375,2.5634765625,-97.66104125976562,71.67269134521484,14.111942291259766,-0.9312319159507751,-0.3642332851886749,-0.0118850022554397,30.0
208083,-11.313956260681152,18.438495635986328,135.75384521484375,6.4697265625,-3.41796875,1.46484375,-97.30745697021484,71.5790023803711,14.443848609924316,-0.93717360496521,-0.3483289182186126,-0.0193043909966945,30.0
208208,-11.273170471191406,18.331960678100582,135.80117797851562,6.8359375,7.14111328125,-0.1220703125,-97.19612884521484,71.50094604492188,14.508981704711914,-0.9442622065544128,-0.3281174004077911,-0.0266073383390903,30.0
208333,-11.216752052307127,18.477556228637695,135.75621032714844,4.69970703125,17.15087890625,-2.62451171875,-97.3275146484375,71.69805908203125,14.343567848205566,-0.962486982345581,-0.2658897638320923,-0.0540505163371562,30.0
208458,-11.282563209533691,18.555158615112305,135.75303649902344,-12.75634765625,-5.126953125,-5.7373046875,-98.07481384277344,71.78630065917969,13.62104320526123,-0.9507858157157898,-0.3020586669445038,-0.0690419822931289,30.0
208567,-11.218985557556152,18.596696853637695,135.75474548339844,1.8310546875,9.27734375,-1.03759765625,-98.18927764892578,71.89458465576172,13.436655044555664,-0.9650343656539916,-0.2564677298069,-0.0541564412415027,30.0
208697,-11.164810180664062,18.776948928833008,135.75071716308594,-5.37109375,8.72802734375,-4.39453125,-98.80728912353516,71.93999481201172,12.801215171813965,-0.9709993004798888,-0.2115048021078109,-0.1114720329642295,30.0
208817,-11.145146369934082,18.847957611083984,135.7810821533203,2.86865234375,0.67138671875,1.708984375,-99.1183624267578,72.05864715576172,12.473816871643066,-0.963575839996338,-0.2588603496551513,-0.0671787112951278,30.0
208997,-11.081095695495604,18.948440551757812,135.7603759765625,12.63427734375,5.31005859375,8.36181640625,-99.13990020751952,72.12762451171875,12.391704559326172,-0.9693988561630248,-0.2393606901168823,-0.0545197203755378,30.0
209117,-11.184765815734863,19.13256072998047,135.7404327392578,-4.33349609375,4.69970703125,4.39453125,-99.3489227294922,72.11515045166016,12.16951847076416,-0.9366474151611328,-0.3461233973503113,-0.0537608787417411,30.0
209237,-11.010052680969238,19.31303024291992,135.74229431152344,12.39013671875,0.18310546875,-0.8544921875,-99.5803451538086,72.22107696533203,11.880096435546877,-0.9472552537918092,-0.3120993971824646,-0.072811409831047,30.0
209357,-10.902681350708008,19.40699577331543,135.75279235839844,13.427734375,0.18310546875,2.74658203125,-99.7412567138672,72.0871810913086,11.808666229248049,-0.9506062865257264,-0.3057852983474731,-0.0533194541931152,30.0
209477,-10.941468238830566,19.49593734741211,135.73419189453125,1.953125,2.86865234375,0.54931640625,-99.9748764038086,72.0403060913086,11.583255767822266,-0.9435157179832458,-0.3206743597984314,-0.0833438858389854,30.0
209657,-10.964001655578612,19.623424530029297,135.71533203125,4.5166015625,3.5400390625,1.15966796875,-100.267333984375,72.08438110351562,11.28051471710205,-0.9513221383094788,-0.3013431131839752,-0.064641423523426,30.0
209777,-11.032709121704102,19.774076461791992,135.680908203125,4.5166015625,3.60107421875,0.9765625,-100.5721664428711,72.00779724121094,10.928773880004885,-0.9459192156791688,-0.3180935382843017,-0.0636664927005767,30.0
210017,-11.08551025390625,19.874977111816406,135.6555938720703,0.3662109375,2.197265625,-0.3662109375,-100.81370544433594,71.96037292480469,10.666316986083984,-0.9465785026550292,-0.3147325813770294,-0.070231556892395,30.0
210137,-11.167773246765137,20.04073143005371,135.6165771484375,1.77001953125,2.99072265625,0.6103515625,-101.23342895507812,71.91499328613281,10.239771842956545,-0.9479216933250428,-0.3087735772132873,-0.0781234353780746,30.0
210257,-11.242807388305664,20.216609954833984,135.58502197265625,1.40380859375,3.5400390625,1.28173828125,-101.68548583984376,71.87388610839844,9.794252395629885,-0.9455922842025756,-0.3129531741142273,-0.0889686346054077,30.0
210377,-11.384419441223145,20.417491912841797,135.52659606933594,1.0986328125,3.84521484375,0.6103515625,-102.20728302001952,71.76412200927734,9.259748458862305,-0.9441603422164916,-0.3199567794799804,-0.0786700323224067,30.0
210497,-11.503841400146484,20.556386947631836,135.4822540283203,2.01416015625,3.47900390625,1.3427734375,-102.66706848144533,71.73031616210938,8.771445274353027,-0.944595217704773,-0.3185069561004638,-0.0793298482894897,30.0
210675,-11.57115364074707,20.66363525390625,135.454345703125,0.3662109375,3.173828125,0.48828125,-103.02935791015624,71.7416763305664,8.404062271118164,-0.9503395557403564,-0.3015397191047668,-0.0769964829087257,30.0
210784,-11.648590087890623,20.76535415649414,135.42311096191406,2.44140625,3.7841796875,1.0986328125,-103.09662628173828,71.65301513671875,8.306185722351074,-0.948008954524994,-0.3099626898765564,-0.0721259340643882,30.0
210909,-11.71852684020996,20.86847496032715,135.39410400390625,0.1220703125,2.5634765625,0.1220703125,-103.17345428466795,71.6490249633789,8.2045259475708,-0.9502313137054444,-0.3042077422142029,-0.0672170147299766,30.0
211034,-11.872162818908691,21.074235916137695,135.337890625,1.8310546875,3.2958984375,1.220703125,-103.17135620117188,71.572265625,8.175209999084473,-0.9514398574829102,-0.2998259961605072,-0.0697603076696395,30.0
211206,-11.971653938293455,21.129892349243164,135.32415771484375,-1.0986328125,3.96728515625,3.84521484375,-103.11190795898438,71.56814575195312,8.228963851928711,-0.9479368329048156,-0.3105227351188659,-0.0706499442458152,30.0
211331,-12.006017684936523,21.190994262695312,135.34063720703125,5.06591796875,3.11279296875,6.9580078125,-103.13201141357422,71.51773834228516,8.211423873901367,-0.9455150961875916,-0.3162890374660492,-0.077216662466526,30.0
211565,-12.052284240722656,21.262929916381836,135.38211059570312,1.52587890625,7.568359375,9.27734375,-102.9765625,71.52214050292969,8.369597434997559,-0.9477208256721495,-0.312038391828537,-0.0667628124356269,30.0
211690,-12.041937828063965,21.281295776367188,135.6132049560547,5.859375,3.47900390625,11.29150390625,-102.9702377319336,71.64689636230469,8.528918266296387,-0.9610381126403807,-0.2715529501438141,-0.0516205057501792,30.0
211815,-12.051709175109863,21.325578689575195,135.6703338623047,5.55419921875,6.103515625,11.474609375,-102.8791961669922,71.69578552246094,8.632655143737793,-0.94938987493515,-0.3082014620304107,-0.0605866163969039,30.0
211987,-12.309675216674805,21.23401641845703,135.95541381835938,-8.6669921875,-3.96728515625,11.65771484375,-102.8525390625,71.90497589111328,8.868419647216797,-0.9622529745101928,-0.2700551450252533,-0.0337568931281566,30.0
212112,-12.413708686828612,21.197399139404297,135.9697723388672,-0.30517578125,1.220703125,5.126953125,-102.7794418334961,71.98297882080078,8.981267929077148,-0.9600881338119508,-0.2781797051429748,-0.0291007794439792,30.0
212237,-12.487271308898926,21.212203979492188,136.00076293945312,0.06103515625,3.2958984375,8.6669921875,-102.6769027709961,72.04688262939453,9.115959167480469,-0.9614244699478148,-0.2728949785232544,-0.0345163606107234,30.0
212472,-12.69867706298828,21.100664138793945,136.11170959472656,-5.92041015625,-1.953125,4.0283203125,-102.53575897216795,72.20648193359375,9.385068893432615,-0.966986894607544,-0.2537815570831299,-0.023049222305417,30.0
212597,-12.79931354522705,21.09369468688965,136.1514129638672,-1.8310546875,2.62451171875,11.77978515625,-102.5047607421875,72.29442596435547,9.474449157714844,-0.9637332558631896,-0.2663958668708801,-0.0158540364354848,30.0
212768,-12.910370826721191,21.044069290161133,136.21450805664062,-4.57763671875,-0.244140625,10.55908203125,-102.43701171875,72.38877868652344,9.600165367126465,-0.9656707048416138,-0.2579113245010376,-0.0310116205364465,30.0
213005,-13.06973934173584,21.112024307250977,136.4720916748047,-1.77001953125,0.48828125,16.11328125,-102.3125228881836,72.60054016113281,9.966331481933594,-0.9672629237174988,-0.2533566057682037,-0.014584275893867,30.0
213130,-13.106493949890137,21.0402774810791,136.50685119628906,-1.77001953125,-1.46484375,-0.91552734375,-102.24795532226562,72.71177673339844,10.038021087646484,-0.9739010334014891,-0.2254499644041061,-0.026251021772623,30.0
213255,-13.25584888458252,21.03744888305664,136.43588256835938,6.103515625,7.38525390625,1.15966796875,-102.0450439453125,72.8579330444336,10.186017990112305,-0.966156005859375,-0.257946103811264,-0.002524169627577,30.0
213365,-13.297938346862791,20.934324264526367,136.3837127685547,1.708984375,1.03759765625,-0.91552734375,-101.78703308105467,73.13870239257812,10.329848289489746,-0.9674545526504515,-0.2509361207485199,-0.0326014682650566,30.0
213490,-13.34324550628662,20.984813690185547,136.3231201171875,7.50732421875,8.36181640625,-0.9765625,-101.6885757446289,73.24754333496094,10.365324020385742,-0.9626942276954652,-0.2676404416561126,-0.0398537255823612,30.0
213677,-13.311076164245604,21.089157104492188,136.27610778808594,5.9814453125,8.9111328125,-3.90625,-101.60701751708984,73.37543487548828,10.335270881652832,-0.9671770930290222,-0.2522862255573272,-0.0303366985172033,30.0
213911,-13.316324234008787,21.12315559387207,135.99755859375,8.056640625,13.427734375,-17.822265625,-101.46920013427734,73.5922622680664,10.159271240234377,-0.961723268032074,-0.2699114382266998,-0.0472881011664867,30.0
214036,-13.40436840057373,21.136394500732425,135.7285919189453,2.685546875,12.451171875,-20.01953125,-101.25857543945312,73.68293762207031,10.10964298248291,-0.960543692111969,-0.2735876739025116,-0.0500581823289394,30.0
214146,-13.41805362701416,21.148025512695312,135.33419799804688,0.8544921875,23.25439453125,-28.9306640625,-100.90890502929688,73.79364013671875,9.996479988098145,-0.9572423696517944,-0.287209004163742,-0.0346151627600193,30.0
214333,-13.637517929077148,21.0314998626709,134.73602294921875,-0.79345703125,7.4462890625,-14.892578125,-101.25245666503906,73.71915435791016,9.12027645111084,-0.9541521668434144,-0.2904202342033386,-0.0724551081657409,30.0
214443,-13.715786933898926,21.010692596435547,134.55291748046875,-1.0986328125,11.29150390625,-12.75634765625,-101.38153076171876,73.65633392333984,8.838271141052246,-0.9459514617919922,-0.3147167861461639,-0.0782889500260353,30.0
214638,-13.740442276000977,20.939701080322266,134.43724060058594,2.5634765625,2.86865234375,-1.708984375,-101.4822998046875,73.60220336914062,8.662066459655762,-0.9467514157295228,-0.3119271695613861,-0.0797703638672828,30.0
214758,-13.698387145996094,20.86300468444824,134.62049865722656,-17.333984375,12.20703125,-14.22119140625,-101.8819351196289,73.52814483642578,8.351251602172852,-0.9557064771652222,-0.2934629321098327,-0.0224631875753402,30.0
214938,-13.538658142089844,20.80023765563965,134.64759826660156,12.39013671875,2.86865234375,1.89208984375,-101.88316345214844,73.464111328125,8.311745643615723,-0.9451967477798462,-0.3187180459499359,-0.0708659365773201,30.0
215058,-13.497365951538086,20.713205337524418,134.66513061523438,-6.34765625,0.6103515625,0.42724609375,-101.97554779052734,73.33891296386719,8.156304359436035,-0.9488067626953124,-0.3102375268936157,-0.0593154020607471,30.0
215358,-13.392841339111328,20.59160423278809,134.70875549316406,2.197265625,-1.220703125,2.38037109375,-102.01692962646484,73.2055892944336,8.06995677947998,-0.9452983140945436,-0.3212086260318756,-0.0568868927657604,30.0
215538,-13.230474472045898,20.48376846313477,134.7930908203125,-3.35693359375,-0.67138671875,1.03759765625,-102.0764389038086,73.1112060546875,7.938503265380859,-0.9422338008880616,-0.3269486725330353,-0.0728013664484024,30.0
215718,-13.172235488891602,20.399761199951172,134.8303680419922,-3.11279296875,-1.0986328125,-0.91552734375,-102.07656860351562,73.03498077392578,7.879517555236816,-0.9476032853126526,-0.3142034113407135,-0.0576574578881263,30.0
215838,-12.678651809692385,20.271406173706055,135.01565551757812,6.16455078125,-3.35693359375,1.28173828125,-102.20308685302734,72.75582885742188,7.682985782623291,-0.9494830965995787,-0.3064847588539123,-0.0674457103013992,30.0
216018,-12.453217506408691,20.360326766967773,135.0858612060547,2.99072265625,1.708984375,1.0986328125,-102.25069427490234,72.62672424316406,7.594261646270752,-0.9472948908805848,-0.3136548399925232,-0.0652153566479682,30.0
216138,-12.2416353225708,20.559778213500977,135.14466857910156,1.77001953125,1.5869140625,0.06103515625,-102.41913604736328,72.45616149902344,7.374083995819092,-0.9465026259422302,-0.3147859871387481,-0.0710115209221839,30.0
216258,-12.14647102355957,20.663619995117188,135.16781616210938,0.91552734375,2.50244140625,-0.3662109375,-102.51073455810548,72.37210845947266,7.259978771209717,-0.946997046470642,-0.3138714432716369,-0.0684201493859291,30.0
216378,-12.019837379455566,20.831581115722656,135.1922149658203,1.953125,2.62451171875,0.3662109375,-102.660400390625,72.2510757446289,7.062695503234863,-0.9454001784324646,-0.317047655582428,-0.0754932314157486,30.0
216498,-11.90665054321289,21.02191734313965,135.22422790527344,2.74658203125,2.74658203125,0.79345703125,-102.84551239013672,72.13439178466797,6.836424827575684,-0.9450589418411256,-0.3174043595790863,-0.0782183557748794,30.0
216678,-11.814913749694824,21.139175415039062,135.24510192871094,1.89208984375,3.173828125,0.0,-103.018798828125,72.06343841552734,6.637844085693359,-0.94574373960495,-0.314929336309433,-0.0799270570278167,30.0
216798,-11.75582790374756,21.282899856567383,135.2547607421875,2.01416015625,5.06591796875,0.42724609375,-103.1633529663086,71.98656463623047,6.4630866050720215,-0.9453170895576476,-0.316891998052597,-0.0771687403321266,30.0
216918,-11.723037719726562,21.4259090423584,135.21876525878906,3.2958984375,8.48388671875,-1.28173828125,-103.34690856933594,71.92156219482422,6.242758750915527,-0.9462416768074036,-0.3137393295764923,-0.0787039622664451,30.0
217038,-11.792555809020996,21.444929122924805,135.1749267578125,1.220703125,2.3193359375,0.1220703125,-103.61341857910156,71.75550079345703,5.931124210357666,-0.9441954493522644,-0.320130854845047,-0.0775316953659057,30.0
217158,-11.775062561035156,21.55282974243164,135.17568969726562,1.708984375,2.50244140625,0.42724609375,-103.73782348632812,71.6718978881836,5.783018589019775,-0.9443702697753906,-0.3196788728237152,-0.0772666558623313,30.0
217277,-11.768590927124023,21.654293060302734,135.1730499267578,1.220703125,3.5400390625,0.732421875,-103.82147979736328,71.58628845214844,5.6741042137146,-0.9442355632781982,-0.3201972246170044,-0.0767661482095718,30.0
217458,-11.807816505432127,21.722043991088867,135.1521453857422,0.732421875,4.150390625,0.732421875,-103.87403106689452,71.45587921142578,5.58464241027832,-0.9445095658302308,-0.3198238015174866,-0.0749287754297256,30.0
217638,-11.85522174835205,21.660133361816406,135.1309051513672,1.953125,2.44140625,1.03759765625,-103.93439483642578,71.3664321899414,5.495932102203369,-0.9436039328575134,-0.3219171464443207,-0.077336736023426,30.0
217818,-11.849644660949709,21.73083877563477,135.1286163330078,1.46484375,2.99072265625,0.79345703125,-103.907470703125,71.283203125,5.490180969238281,-0.9432263374328612,-0.3234055340290069,-0.0757160708308219,30.0
217938,-11.86117172241211,21.80497360229492,135.10989379882812,9.70458984375,3.5400390625,2.25830078125,-103.9473876953125,71.10933685302734,5.415212631225586,-0.9435208439826964,-0.3194679915904999,-0.0877988934516906,0.0
218057,-11.821587562561035,21.80279541015625,135.06719970703125,-2.8076171875,2.50244140625,-8.7890625,-103.62299346923828,70.77944946289062,5.823835849761963,-0.9067254066467284,-0.4210978150367737,0.0229281447827816,0.0
218237,-11.622233390808104,22.115785598754883,135.01190185546875,5.43212890625,33.99658203125,0.30517578125,-104.20883178710938,71.29302978515625,5.058226108551025,-0.9645764827728271,-0.2632318139076233,-0.0173546094447374,0.0
218417,-11.606901168823242,22.44280433654785,134.99339294433594,2.86865234375,10.43701171875,-14.58740234375,-105.15775299072266,71.66775512695312,3.9967055320739746,-0.96346914768219,-0.2447261363267898,-0.1087948307394981,0.0
218598,-11.654793739318848,22.4500675201416,134.8450927734375,8.36181640625,4.0283203125,-1.46484375,-105.16718292236328,71.59623718261719,3.839255809783935,-0.902671992778778,-0.4268575310707092,-0.0545519739389419,0.0
218718,-11.621469497680664,22.283266067504883,134.768310546875,8.97216796875,-8.1787109375,0.48828125,-105.04508209228516,71.56663513183594,3.7814862728118896,-0.9079753756523132,-0.4171778559684753,-0.0392879769206047,0.0
218958,-11.714497566223145,22.156278610229492,134.78659057617188,4.39453125,1.64794921875,17.02880859375,-104.792236328125,71.46737670898438,3.9787282943725586,-0.9127449989318848,-0.4084057807922363,-0.0100604351609945,0.0
219138,-11.59289836883545,22.326440811157227,134.86087036132812,20.263671875,11.71875,8.85009765625,-104.67040252685548,71.36376953125,4.2416768074035645,-0.9281274676322936,-0.3685211837291717,-0.0526458844542503,0.0
219259,-11.633434295654297,22.33588218688965,134.7931365966797,0.3662109375,-7.32421875,-1.64794921875,-104.49563598632812,71.30188751220703,4.363131523132324,-0.883686900138855,-0.4679783582687378,-0.0096839200705289,0.0
219558,-11.713714599609377,21.805253982543945,134.72608947753906,8.48388671875,-13.24462890625,1.708984375,-104.00811767578124,71.14834594726562,4.673153877258301,-0.9181793332099916,-0.3917819857597351,-0.0587673000991344,0.0
219677,-11.721384048461914,21.631084442138672,134.70651245117188,8.544921875,-6.40869140625,2.8076171875,-103.66265869140624,71.04846954345703,4.977930545806885,-0.914835512638092,-0.4025851786136627,-0.0316411070525646,0.0
219857,-11.814610481262209,21.429492950439453,134.70458984375,-9.09423828125,-8.4228515625,-3.7841796875,-103.42597198486328,70.91580963134766,5.213066577911377,-0.9196314811706544,-0.3906409740447998,-0.0409571751952171,0.0
219978,-11.860766410827637,21.66154670715332,134.6573944091797,2.13623046875,2.25830078125,-0.244140625,-102.9914093017578,70.66620635986328,5.60490083694458,-0.9191146492958068,-0.3868761956691742,-0.0745324939489364,0.0
220158,-11.800297737121582,21.78961944580078,134.67149353027344,1.28173828125,2.74658203125,0.30517578125,-102.86353302001952,70.57077026367188,5.705495834350586,-0.9265697598457336,-0.3696008920669555,-0.0697405263781547,0.0
220278,-11.776151657104492,22.079509735107425,134.6756134033203,-1.220703125,10.07080078125,2.25830078125,-102.74066925048828,70.32298278808594,5.683816909790039,-0.924447536468506,-0.3738086521625519,-0.0752595141530036,0.0
220398,-11.716838836669922,22.07129669189453,134.69717407226562,0.732421875,5.31005859375,0.67138671875,-102.58517456054688,70.1922836303711,5.775600910186768,-0.9301052689552308,-0.3619849383831024,-0.0622180625796318,0.0
220518,-11.47995376586914,22.019813537597656,134.7432403564453,9.8876953125,-1.03759765625,0.48828125,-102.4226303100586,70.08382415771484,6.126153469085693,-0.939848244190216,-0.3329453468322754,-0.0763724148273468,0.0
220691,-11.42593765258789,21.993547439575195,134.73068237304688,3.11279296875,0.8544921875,-0.30517578125,-102.4296875,70.18234252929688,6.152449607849121,-0.9581865072250366,-0.266018807888031,-0.1054170280694961,0.0
220878,-11.500200271606444,22.03850746154785,134.71823120117188,5.55419921875,4.150390625,5.79833984375,-102.53409576416016,70.24943542480469,5.992117881774902,-0.9220399260520936,-0.3430763781070709,-0.1792789697647094,0.0
220988,-11.621335983276367,22.06696319580078,134.69041442871094,-2.685546875,2.44140625,1.15966796875,-102.79676055908205,70.22523498535156,5.677560329437256,-0.9277917742729188,-0.3295944929122925,-0.1748429387807846,0.0
221175,-11.818857192993164,22.282400131225582,134.64779663085938,-12.87841796875,10.009765625,1.220703125,-103.65591430664062,70.32063293457031,4.680871963500977,-0.9470748901367188,-0.3117435574531555,-0.0765847340226173,0.0
221285,-11.98105812072754,22.351224899291992,134.6837615966797,-14.34326171875,11.23046875,-1.708984375,-104.37496185302734,70.32722473144531,3.9875667095184326,-0.942678451538086,-0.3204750716686249,-0.0930220186710357,0.0
221410,-11.884065628051758,22.456951141357425,134.71336364746094,7.4462890625,31.494140625,4.82177734375,-104.58097076416016,70.31952667236328,3.744794368743897,-0.9219475388526917,-0.3728402256965637,-0.104895107448101,0.0
221597,-11.651646614074709,22.60409164428711,134.51522827148438,9.27734375,11.474609375,-2.0751953125,-104.99646759033205,70.48516082763672,3.080940961837769,-0.9014782309532166,-0.4178411066532135,-0.1128972172737121,0.0
221707,-11.570701599121094,22.714515686035156,134.57583618164062,5.92041015625,20.81298828125,9.765625,-105.3478775024414,70.46238708496094,2.742682695388794,-0.9271166920661926,-0.3580015003681183,-0.1108587682247161,0.0
221832,-11.564741134643556,22.71136474609375,134.56260681152344,4.82177734375,11.16943359375,2.44140625,-105.46257019042967,70.41493225097656,2.609534978866577,-0.874426007270813,-0.4814571440219879,-0.0598167218267917,0.0
221957,-11.560105323791504,22.553312301635746,134.43101501464844,5.18798828125,2.74658203125,-3.47900390625,-105.4234390258789,70.24308776855469,2.494678497314453,-0.8905683159828186,-0.436520367860794,-0.12782022356987,0.0
222128,-11.586281776428224,22.407819747924805,134.45004272460938,-0.42724609375,-8.36181640625,2.13623046875,-105.391357421875,70.15681457519531,2.480253219604492,-0.8997058272361755,-0.4289450347423553,-0.080843836069107,0.0
222253,-11.620792388916016,22.267623901367188,134.39979553222656,11.90185546875,5.7373046875,-5.4931640625,-105.37732696533205,70.06658935546875,2.4478371143341064,-0.9080049395561218,-0.4085962474346161,-0.0926071777939796,0.0
222363,-11.639307975769045,22.137144088745117,134.40493774414062,-0.1220703125,-1.77001953125,1.3427734375,-105.35362243652344,69.9567642211914,2.461074113845825,-0.900450587272644,-0.4221048653125763,-0.1049590334296226,0.0
222550,-11.715209007263184,21.932790756225582,134.42868041992188,-2.5634765625,-3.84521484375,3.23486328125,-105.40013885498048,69.74659729003906,2.408071756362915,-0.8993229269981384,-0.4192368388175964,-0.1243336722254753,0.0
222738,-11.719721794128418,21.920822143554688,134.41212463378906,8.7890625,3.0517578125,2.9296875,-105.4068374633789,69.65409851074219,2.402211427688598,-0.8928346633911133,-0.4376123547554016,-0.1064980551600456,0.0
222978,-11.79982566833496,21.88554573059082,134.38417053222656,0.732421875,3.35693359375,0.91552734375,-105.50016021728516,69.5807113647461,2.2978460788726807,-0.9033178687095642,-0.4151888191699981,-0.1078659370541572,0.0
223098,-11.957253456115724,21.768205642700195,134.34852600097656,-5.2490234375,4.0283203125,3.47900390625,-105.5857925415039,69.39521789550781,2.130110263824463,-0.90643048286438,-0.4082798957824707,-0.1081257164478302,0.0
223218,-12.08942699432373,21.727678298950195,134.49342346191406,-20.263671875,-7.50732421875,19.4091796875,-105.80775451660156,69.30367279052734,2.024597644805908,-0.8871814012527466,-0.4535583257675171,-0.0848177596926689,0.0
223337,-12.067320823669434,21.6057186126709,134.53231811523438,-3.0517578125,3.96728515625,3.662109375,-105.80127716064452,69.149658203125,1.9888620376586912,-0.8903224468231201,-0.4518897235393524,-0.0558704398572444,0.0
223458,-12.034272193908691,21.504060745239254,134.5253143310547,7.080078125,-3.23486328125,-1.03759765625,-105.76789093017578,69.0837173461914,1.978958249092102,-0.888218879699707,-0.4468604624271393,-0.1066915243864059,0.0
223638,-12.114813804626465,21.38218116760254,134.48561096191406,0.0,-2.9296875,-1.28173828125,-105.65225982666016,69.00564575195312,2.036768913269043,-0.9202609658241272,-0.385900616645813,-0.0648104473948478,0.0
223878,-12.174665451049805,21.319339752197266,134.4837188720703,2.25830078125,4.82177734375,2.44140625,-105.5902862548828,68.87538146972656,2.0478339195251465,-0.8950167894363403,-0.4374540448188782,-0.0870573297142982,0.0
223998,-12.242958068847656,21.274311065673828,134.43907165527344,2.74658203125,0.30517578125,-0.91552734375,-105.51212310791016,68.80369567871094,2.0770535469055176,-0.9057665467262268,-0.4151084125041961,-0.0852751284837722,0.0
224118,-12.374382972717283,21.199312210083008,134.4015655517578,-0.06103515625,3.84521484375,1.3427734375,-105.45417785644533,68.66252899169922,2.1338531970977783,-0.9014395475387572,-0.4226691424846649,-0.0935816466808319,0.0
224298,-12.628043174743652,21.121557235717773,134.30604553222656,-5.55419921875,1.708984375,1.40380859375,-105.34991455078124,68.42755126953125,2.334428548812866,-0.9030967950820924,-0.4231558740139007,-0.073179118335247,0.0
224418,-12.66209888458252,21.31304168701172,134.3897247314453,-10.92529296875,18.85986328125,22.5830078125,-105.46784973144533,68.28546142578125,2.4195191860198975,-0.8928233981132507,-0.4353359341621399,-0.1155377402901649,0.0
224538,-12.741182327270508,21.366031646728516,134.7687530517578,-22.94921875,6.65283203125,39.9169921875,-105.49897003173828,68.19041442871094,2.75391149520874,-0.9149085879325868,-0.3996661901473999,-0.0566503182053566,0.0
224769,-12.701759338378906,21.435068130493164,135.43321228027344,-14.892578125,12.0849609375,25.93994140625,-105.57814025878906,68.16885375976562,3.307839870452881,-0.9290366172790528,-0.3699746131896972,-0.0031353780068457,0.0
224894,-12.526371955871582,21.45347023010254,135.75599670410156,6.04248046875,7.99560546875,25.08544921875,-105.58086395263672,68.21422576904297,3.480616331100464,-0.944525957107544,-0.3266591131687164,0.0341249667108058,0.0
225003,-12.413174629211426,21.560211181640625,135.59237670898438,13.7939453125,15.07568359375,-19.1650390625,-105.35745239257812,68.28143310546875,3.466177225112915,-0.9320460557937622,-0.362213522195816,0.0095637924969196,0.0
225128,-12.421581268310549,21.338056564331055,135.36532592773438,10.43701171875,-3.7841796875,27.2216796875,-105.06771087646484,68.30535888671875,3.4231197834014893,-0.9029060006141664,-0.4223444759845733,-0.079912781715393,0.0
225363,-12.38105010986328,21.2354793548584,135.7740478515625,-9.33837890625,-10.19287109375,42.54150390625,-105.1229019165039,68.27714538574219,3.682858228683472,-0.9219146966934204,-0.3857921361923218,0.0351811684668064,0.0
225488,-12.29030704498291,21.15457344055176,136.1020050048828,-13.5498046875,-3.5400390625,13.48876953125,-105.11097717285156,68.29855346679688,3.837480068206787,-0.9327495098114014,-0.3560489118099212,0.0566359460353851,0.0
225613,-12.213292121887209,21.07366371154785,136.14291381835938,1.03759765625,0.9765625,2.197265625,-104.9133529663086,68.33647918701172,3.9553143978118896,-0.9284501075744628,-0.3704700171947479,0.0270608365535736,0.0
225785,-12.06708812713623,20.891366958618164,136.2640380859375,2.3193359375,-0.48828125,-0.244140625,-104.59648895263672,68.43632507324219,4.26271390914917,-0.9255337715148926,-0.3774749338626861,0.0299980081617832,0.0
225910,-11.967119216918944,20.82308006286621,136.3231964111328,-0.1220703125,1.953125,4.7607421875,-104.46316528320312,68.46116638183594,4.407295227050781,-0.93832129240036,-0.3450925350189209,0.0215458385646343,0.0
226035,-11.922072410583496,20.699146270751953,136.44444274902344,0.244140625,2.62451171875,7.26318359375,-104.28563690185548,68.49285125732422,4.640314102172852,-0.9443733096122742,-0.3282747566699981,0.0198664274066686,0.0
226144,-11.851885795593262,20.614049911499023,136.67723083496094,-3.662109375,0.48828125,18.49365234375,-104.1385269165039,68.54524230957031,4.906868934631348,-0.9392932057380676,-0.3408446013927459,0.0394109040498733,0.0
226269,-11.794486045837402,20.572782516479492,136.78627014160156,-3.35693359375,1.5869140625,7.8125,-104.02050018310548,68.57605743408203,5.078948974609375,-0.936705470085144,-0.3486000597476959,0.0325727276504039,0.0
226394,-11.715167999267578,20.52359962463379,136.86959838867188,0.91552734375,3.173828125,4.5166015625,-103.9121322631836,68.62259674072266,5.219213485717773,-0.9512315988540648,-0.3037556409835815,0.0537663102149963,0.0
226503,-11.604476928710938,20.41208267211914,137.05538940429688,-1.03759765625,0.06103515625,12.6953125,-103.75709533691406,68.67913055419922,5.483405590057373,-0.947865664958954,-0.3170732259750366,0.0318630449473857,0.0
226697,-11.517704963684082,20.35135269165039,137.14683532714844,-0.3662109375,3.7841796875,2.685546875,-103.65088653564452,68.74052429199219,5.602933883666992,-0.955137014389038,-0.287490576505661,0.0711515173316001,0.0
226817,-11.454272270202637,20.27897834777832,137.160888671875,1.15966796875,1.40380859375,-1.0986328125,-103.49114990234376,68.80001831054688,5.713897228240967,-0.9454181790351868,-0.3217655122280121,0.0514920614659786,0.0
226938,-11.381915092468262,20.0076847076416,137.20040893554688,-2.86865234375,-19.22607421875,3.47900390625,-103.23585510253906,68.90803527832031,5.835078239440918,-0.944922685623169,-0.3259808719158172,0.0292840469628572,0.0
227118,-11.099708557128906,19.924549102783203,137.30145263671875,10.43701171875,-1.64794921875,2.3193359375,-102.95130157470705,69.02698516845703,5.944716453552246,-0.9396183490753174,-0.3419516086578369,0.0136541090905666,0.0
227238,-10.942031860351562,19.952796936035156,137.3423614501953,4.150390625,1.953125,0.244140625,-102.76483154296876,69.08818054199219,6.055706977844238,-0.9387890100479126,-0.3428579270839691,0.0335196293890476,0.0
227358,-10.782201766967772,19.98076438903809,137.37457275390625,8.36181640625,-1.3427734375,0.0,-102.57536315917967,69.14643859863281,6.1788554191589355,-0.9397532939910888,-0.3408302068710327,0.0264283288270235,0.0
227598,-10.712599754333496,20.22197532653809,137.3640899658203,3.662109375,2.01416015625,0.30517578125,-102.19903564453124,69.24420928955078,6.448825359344482,-0.939375102519989,-0.3424046635627746,0.0182599909603595,0.0
227718,-10.717784881591797,20.34451675415039,137.34979248046875,2.685546875,2.8076171875,0.48828125,-102.02071380615234,69.29346466064453,6.581481456756592,-0.9421836137771606,-0.3347340822219848,0.0155939422547817,0.0
227958,-10.740230560302734,20.484294891357425,137.33474731445312,1.52587890625,4.638671875,0.6103515625,-101.85411834716795,69.34710693359375,6.699834823608398,-0.9418786764144896,-0.3358084857463836,0.0098557649180293,0.0
228078,-10.90546417236328,20.602195739746097,137.2635498046875,0.54931640625,1.77001953125,-0.6103515625,-101.53299713134766,69.39775848388672,6.933741569519043,-0.946624219417572,-0.3221972286701202,0.0095702148973941,0.0
228198,-10.83696746826172,20.693939208984375,137.2740020751953,0.0,2.50244140625,-1.220703125,-101.45844268798828,69.41854095458984,6.954723834991455,-0.9541522264480592,-0.2937133610248565,0.0576724596321582,0.0
228378,-10.664026260375977,20.828214645385746,137.31158447265625,8.544921875,1.40380859375,2.5634765625,-101.18314361572266,69.57240295410156,7.064184188842773,-0.9445461630821228,-0.3253090679645538,0.0447958745062351,0.0
228498,-10.687509536743164,20.86823844909668,137.28704833984375,5.31005859375,0.9765625,0.6103515625,-100.98489379882812,69.61750793457031,7.180884838104248,-0.9476404786109924,-0.3177438676357269,0.0318814516067504,0.0
228612,-10.739293098449709,20.929269790649418,137.26220703125,6.34765625,2.13623046875,2.0751953125,-100.79525756835938,69.6796646118164,7.291206359863281,-0.9463418126106262,-0.3221741616725921,0.0253153890371322,0.0
228737,-10.92066764831543,21.049407958984375,137.18511962890625,1.46484375,3.41796875,1.03759765625,-100.44141387939452,69.784423828125,7.564003944396973,-0.9461109638214112,-0.3226220607757568,0.0280904714018106,0.0
228972,-11.02102279663086,21.12919807434082,137.14535522460938,0.6103515625,4.21142578125,0.48828125,-100.28565216064452,69.84770202636719,7.6868791580200195,-0.9499426484107972,-0.3117185533046722,0.0209879372268915,0.0
229097,-11.13445281982422,21.186189651489254,137.09979248046875,1.03759765625,3.5400390625,0.6103515625,-100.15653228759766,69.90546417236328,7.787187099456787,-0.9453757405281068,-0.325259804725647,0.0216998849064111,0.0
229393,-11.24102020263672,21.2501220703125,137.0551300048828,0.91552734375,4.21142578125,0.54931640625,-100.0027313232422,69.96033477783203,7.89362907409668,-0.94723379611969,-0.3197767436504364,0.0221568159759044,0.0
229518,-11.475735664367676,21.29558563232422,136.95703125,3.90625,1.89208984375,1.40380859375,-99.62696075439452,70.1009750366211,8.149938583374023,-0.946070909500122,-0.3236808776855469,0.0134371556341648,0.0
229628,-11.550654411315918,21.308603286743164,136.9206085205078,4.5166015625,2.62451171875,1.46484375,-99.43953704833984,70.14208221435547,8.244318008422852,-0.945143461227417,-0.3258207440376282,0.0233413092792034,0.0
229878,-11.831417083740234,21.424867630004883,136.79135131835938,1.5869140625,4.21142578125,0.30517578125,-98.9925765991211,70.27668762207031,8.484672546386719,-0.9456794261932372,-0.3225609958171844,0.0405580028891563,0.0
229987,-11.906723976135254,21.469959259033203,136.75811767578125,4.33349609375,4.69970703125,2.01416015625,-98.86034393310548,70.34358978271484,8.532361030578613,-0.943720281124115,-0.3306194245815277,0.0091007156297564,0.0
230165,-11.99913501739502,21.50835227966309,136.7008056640625,3.0517578125,6.4697265625,-0.79345703125,-98.74617767333984,70.41847229003906,8.56118392944336,-0.9445003867149352,-0.3262235224246979,0.038694392889738,0.0
230352,-12.139490127563477,21.471431732177734,136.45741271972656,-5.31005859375,8.11767578125,-30.76171875,-98.3010482788086,70.42481231689453,8.828818321228027,-0.9573703408241272,-0.2854397296905517,0.0443436168134212,0.0
230477,-12.190821647644045,21.54641342163086,136.2715606689453,2.197265625,9.58251953125,-17.7001953125,-98.089599609375,70.5032958984375,8.85533332824707,-0.9451341032981871,-0.3266790807247162,0.001553907059133,0.0
230586,-12.330105781555176,21.718761444091797,135.4442901611328,8.30078125,21.1181640625,-40.83251953125,-97.47928619384766,70.64277648925781,8.904059410095215,-0.9462155103683472,-0.3234172463417053,-0.0088053252547979,0.0
230718,-12.303159713745115,21.662017822265625,135.029296875,5.79833984375,15.0146484375,-23.98681640625,-97.23692321777344,70.6640625,8.731829643249512,-0.9208126664161682,-0.3899280428886413,-0.0077579808421432,0.0
230838,-12.347579002380373,21.73140335083008,134.6185302734375,8.6669921875,15.93017578125,-39.61181640625,-97.02003479003906,70.65264892578125,8.61223316192627,-0.907895028591156,-0.4187729656696319,-0.0188625771552324,0.0
230958,-12.261998176574709,21.614471435546875,134.19918823242188,12.26806640625,9.8876953125,-30.517578125,-97.07626342773438,70.62069702148438,8.122591018676758,-0.9213721752166748,-0.3850404322147369,-0.0530763417482376,0.0
231078,-12.246819496154783,21.573862075805664,133.7671661376953,10.19287109375,19.22607421875,-50.29296875,-97.09634399414062,70.63126373291016,7.674721240997315,-0.9293323159217834,-0.3632190525531769,-0.066432274878025,0.0
231198,-12.244147300720217,21.469282150268555,133.3402557373047,20.44677734375,5.55419921875,-32.65380859375,-97.1213607788086,70.6438980102539,7.239624500274658,-0.8983827829360962,-0.4237316250801086,-0.1155849024653434,0.0
231318,-12.224897384643556,21.42009925842285,132.99732971191406,16.4794921875,10.1318359375,-29.78515625,-97.18464660644533,70.65250396728516,6.8446760177612305,-0.8986566662788391,-0.4267191290855407,-0.1016224548220634,0.0
231438,-12.173745155334473,21.28110122680664,132.4335479736328,17.822265625,7.38525390625,-37.7197265625,-97.29291534423828,70.67889404296875,6.154499053955078,-0.8962270617485046,-0.4066534042358398,-0.1772287636995315,0.0
231558,-12.216068267822266,21.196304321289062,131.9746856689453,16.66259765625,10.3759765625,-44.677734375,-97.37189483642578,70.71843719482422,5.636920928955078,-0.890697181224823,-0.4145931303501129,-0.1864700466394424,0.0
231678,-12.32659149169922,21.134475708007812,131.2480926513672,15.5029296875,16.357421875,-69.15283203125,-97.36599731445312,70.78534698486328,5.03098726272583,-0.8832929134368896,-0.4206947982311249,-0.2069049179553985,0.0
231798,-12.479591369628906,21.10492706298828,130.5024871826172,14.83154296875,22.39990234375,-60.791015625,-97.38834381103516,70.83802795410156,4.4502434730529785,-0.8508676290512085,-0.4732814133167267,-0.2280985563993454,0.0
231918,-12.705601692199709,21.03267478942871,129.81088256835938,6.77490234375,12.63427734375,-38.39111328125,-97.6414031982422,70.93384552001953,3.682448387145996,-0.8698490858078003,-0.4131635129451751,-0.2695524096488952,0.0
232098,-12.70856475830078,20.937833786010746,129.52716064453125,11.1083984375,4.638671875,-18.9208984375,-97.83963012695312,70.95545959472656,3.231860876083374,-0.8509273529052734,-0.4246432185173034,-0.3091937005519867,0.0
232218,-12.709193229675291,20.862268447875977,129.3287811279297,10.498046875,4.5166015625,-22.39990234375,-98.05953216552734,70.97264099121094,2.7879531383514404,-0.8519106507301331,-0.4306979179382324,-0.2979052364826202,0.0
232398,-12.756060600280762,20.741962432861328,129.3839874267578,-2.8076171875,-4.21142578125,1.5869140625,-98.39911651611328,70.95696258544922,2.4802942276000977,-0.8642457723617554,-0.4010732173919678,-0.303676575422287,0.0
232518,-12.795953750610352,20.5914249420166,129.36859130859375,2.25830078125,0.9765625,0.0,-98.98360443115234,70.89923858642578,1.9313381910324097,-0.8670627474784851,-0.3894168138504028,-0.3107357621192932,0.0
232698,-12.844779014587402,20.496173858642575,129.3612823486328,3.0517578125,2.38037109375,1.46484375,-99.26260375976562,70.87027740478516,1.6535817384719849,-0.8683374524116516,-0.399606853723526,-0.2937759757041931,0.0
232878,-12.90736198425293,20.40069007873535,129.31459045410156,4.57763671875,0.91552734375,-0.30517578125,-99.67742919921876,70.82231140136719,1.2008631229400637,-0.8808019161224365,-0.3825415372848511,-0.2790162265300751,0.0
232998,-13.036969184875488,20.09159278869629,129.36419677734375,-9.46044921875,-16.29638671875,1.708984375,-100.06084442138672,70.79622650146484,0.7230640649795532,-0.8623537421226501,-0.3979820609092712,-0.3129796385765075,0.0
233118,-13.343775749206545,19.749195098876953,129.3828887939453,-10.6201171875,-13.73291015625,-1.03759765625,-100.5452651977539,70.71380615234375,0.354793906211853,-0.8750074505805969,-0.376797467470169,-0.3039499521255493,0.0
233298,-13.187261581420898,19.83833885192871,129.4679412841797,7.4462890625,2.38037109375,0.91552734375,-101.14964294433594,70.6474609375,359.7967529296875,-0.8593535423278809,-0.4038842916488647,-0.3136699795722961,0.0
233478,-13.064599990844728,19.92580223083496,129.505126953125,1.708984375,3.11279296875,1.953125,-101.4334487915039,70.62049102783203,359.4986267089844,-0.8813639879226685,-0.3606343865394592,-0.3051891028881073,0.0
233598,-12.961771965026855,20.05245780944824,129.5423583984375,2.25830078125,3.72314453125,1.708984375,-101.7644271850586,70.62220001220703,359.1559143066406,-0.8766664266586304,-0.368602454662323,-0.3091734945774078,0.0
233718,-12.926717758178713,20.386085510253903,129.54505920410156,-5.67626953125,26.9775390625,1.28173828125,-102.34532928466795,70.59075927734375,358.6756591796875,-0.8766787648200989,-0.378978431224823,-0.296326994895935,0.0
233838,-13.114978790283203,20.601579666137695,129.99232482910156,-15.9912109375,9.21630859375,51.08642578125,-103.33379364013672,70.4593276977539,358.29498291015625,-0.8726295232772827,-0.4154418408870697,-0.2567603886127472,0.0
233958,-13.18485164642334,20.743438720703125,130.65892028808594,-31.67724609375,3.662109375,73.73046875,-104.01734924316406,70.35992431640625,358.2945861816406,-0.8381737470626831,-0.4726179838180542,-0.2722076773643493,0.0
234078,-13.086599349975586,20.956314086914062,131.5086212158203,-24.96337890625,3.0517578125,67.0166015625,-104.61182403564452,70.24810791015625,358.3473815917969,-0.9063698053359984,-0.3883568346500397,-0.1663512736558914,0.0
234198,-12.743352890014648,20.907602310180664,132.35557556152344,-2.01416015625,-11.1083984375,41.68701171875,-105.22854614257812,70.09693145751953,358.311279296875,-0.8949592709541321,-0.4094457030296325,-0.1772063374519348,0.0
234378,-12.750195503234863,20.901506423950195,132.5382080078125,-11.29150390625,2.74658203125,25.634765625,-105.37820434570312,69.97742462158203,358.38592529296875,-0.8972653746604919,-0.428871214389801,-0.1048064306378364,0.0
234498,-12.634578704833984,20.93519401550293,132.80917358398438,-6.2255859375,6.40869140625,14.0380859375,-105.4654769897461,69.85150146484375,358.45477294921875,-0.9211676716804504,-0.3765445053577423,-0.0983078628778457,0.0
234737,-12.560676574707031,21.05246353149414,133.15138244628906,-2.8076171875,14.22119140625,56.45751953125,-105.75164794921876,69.72991180419922,358.5435485839844,-0.9163591265678406,-0.3719498217105865,-0.1481194496154785,0.0
234847,-12.207743644714355,21.013904571533203,133.4713592529297,13.85498046875,1.0986328125,-6.28662109375,-105.55078887939452,69.62382507324219,358.82635498046875,-0.9043573141098022,-0.4198674857616424,-0.0764796733856201,0.0
234972,-12.154130935668944,20.914175033569336,133.4897918701172,5.37109375,3.96728515625,1.708984375,-105.5333251953125,69.55117797851562,358.7982482910156,-0.8985012173652649,-0.434899628162384,-0.0596481040120124,0.0
235097,-11.929716110229492,20.620361328125,133.6841278076172,5.06591796875,-4.45556640625,2.25830078125,-105.32331085205078,69.37995910644531,358.995849609375,-0.910029113292694,-0.4113797843456268,-0.051125232130289,0.0
235268,-11.804866790771484,20.438968658447266,133.8039093017578,5.7373046875,-12.6953125,10.009765625,-105.20109558105467,69.31480407714844,359.0736999511719,-0.900960385799408,-0.429738312959671,-0.0599607117474079,0.0
235393,-11.661214828491213,20.304521560668945,133.8323211669922,10.6201171875,-5.67626953125,0.54931640625,-105.091552734375,69.26403045654297,359.09698486328125,-0.9049134850502014,-0.4164161682128906,-0.0879153311252594,0.0
235565,-11.534819602966309,20.195415496826172,133.88075256347656,6.4697265625,-2.44140625,1.953125,-104.96311950683594,69.21287536621094,359.1809387207031,-0.9105342030525208,-0.4081214070320129,-0.0660632476210594,0.0
235815,-11.449005126953123,20.002952575683594,133.900634765625,1.5869140625,1.64794921875,0.1220703125,-104.79241180419922,69.0566177368164,359.2647705078125,-0.9035192728042604,-0.4218813478946686,-0.0752932727336883,0.0
235925,-11.521322250366213,19.938295364379883,133.85845947265625,1.708984375,0.67138671875,-1.15966796875,-104.69749450683594,68.9703369140625,359.3082580566406,-0.9058513641357422,-0.4166963696479797,-0.0761409327387809,0.0
236112,-11.56776523590088,19.90274429321289,133.8287811279297,1.5869140625,1.40380859375,-0.3662109375,-104.610595703125,68.8274917602539,359.3458557128906,-0.9082626104354858,-0.4102481305599212,-0.082191951572895,0.0
236284,-11.499813079833984,19.98929977416992,133.8331756591797,1.03759765625,3.72314453125,1.0986328125,-104.42504119873048,68.60883331298828,359.4522399902344,-0.907128095626831,-0.4130522310733795,-0.0806629955768585,0.0
236409,-11.585332870483398,19.984294891357425,133.79347229003906,3.0517578125,1.953125,0.06103515625,-104.3511962890625,68.51579284667969,359.4847717285156,-0.908194363117218,-0.4080920815467834,-0.0929723531007766,0.0
236643,-11.499662399291992,20.065073013305664,133.80006408691406,-1.28173828125,0.6103515625,-0.30517578125,-104.23834228515624,68.32059478759766,359.5985107421875,-0.903221845626831,-0.4179796874523163,-0.0973817706108093,0.0
236768,-11.474950790405272,20.237468719482425,133.80381774902344,-1.89208984375,3.35693359375,-0.54931640625,-104.28443908691406,68.13955688476562,359.5778503417969,-0.9284490942955016,-0.3589052855968475,-0.0957555919885635,0.0
237018,-11.393983840942385,20.379133224487305,133.83126831054688,1.64794921875,4.08935546875,1.52587890625,-104.34668731689452,68.03424835205078,359.4837646484375,-0.9274706244468688,-0.3511559963226318,-0.1284042000770568,0.0
237128,-11.328011512756348,20.62521171569824,133.85662841796875,4.2724609375,2.685546875,4.08935546875,-104.4633560180664,67.9383773803711,359.1827697753906,-0.9341853260993958,-0.3086223304271698,-0.1790250688791275,0.0
237378,-11.295475959777832,20.72905731201172,133.85752868652344,4.5166015625,0.06103515625,1.03759765625,-104.50775146484376,67.91494750976562,359.1325378417969,-0.9514083862304688,-0.2630850970745086,-0.1600257009267807,0.0
237550,-11.28280258178711,20.880617141723633,133.86619567871094,0.9765625,0.91552734375,0.54931640625,-104.7943878173828,67.97586822509766,358.95281982421875,-0.9574241638183594,-0.2203428596258163,-0.1865157485008239,0.0
237737,-11.357505798339844,21.0802001953125,133.84475708007812,-2.38037109375,5.0048828125,1.89208984375,-105.18997955322266,68.17341613769531,358.5541687011719,-0.9371173977851868,-0.2853685915470123,-0.2009372115135193,0.0
237853,-11.405241012573242,21.33722496032715,133.8033447265625,2.25830078125,7.080078125,0.48828125,-106.22906494140624,68.5279769897461,357.4118347167969,-0.9330268502235411,-0.3195064663887024,-0.1654587090015411,0.0
238025,-11.56844425201416,21.493497848510746,133.71652221679688,0.8544921875,5.37109375,0.9765625,-107.44866943359376,68.9754409790039,356.10595703125,-0.9082188606262208,-0.3868139088153839,-0.1597291231155395,0.0
238150,-11.59410285949707,21.667613983154297,133.71266174316406,3.90625,6.103515625,3.2958984375,-107.82791137695312,69.09493255615234,355.6028747558594,-0.901896834373474,-0.4216459691524505,-0.0937915667891502,0.0
238275,-11.59729290008545,21.671464920043945,133.6978759765625,6.40869140625,8.85009765625,1.52587890625,-107.98313903808594,69.07858276367188,355.44061279296875,-0.8848617076873779,-0.4575048685073852,-0.0878015384078025,0.0
238509,-11.347224235534668,21.717750549316406,133.69085693359375,28.86962890625,11.8408203125,5.31005859375,-108.0548858642578,69.04606628417969,355.4588623046875,-0.9217918515205384,-0.3876826763153076,0.0014136105310171,0.0
238639,-10.885339736938477,21.880868911743164,133.86526489257812,49.98779296875,21.484375,31.8603515625,-108.02188110351562,68.98278045654297,355.5367126464844,-0.8947855830192566,-0.4438023567199707,-0.0489712953567504,0.0
238878,-10.578474044799805,22.0521240234375,134.26478576660156,12.87841796875,9.82666015625,42.54150390625,-108.12238311767578,68.87627410888672,355.6258239746094,-0.8622305989265442,-0.5011469125747681,-0.0735540837049484,0.0
238998,-10.72476863861084,21.769641876220703,135.6554412841797,-9.033203125,-22.39990234375,53.64990234375,-108.48146057128906,68.68488311767578,356.6064147949219,-0.9323311448097228,-0.3616050779819488,0.0005887415609322,0.0
