Roll1_0,Pitch1_0,Yaw1_0,gx_0,gy_0,gz_0,Roll2_0,Pitch2_0,Yaw2_0,ax_0,ay_0,az_0,Roll1_1,Pitch1_1,Yaw1_1,gx_1,gy_1,gz_1,Roll2_1,Pitch2_1,Yaw2_1,ax_1,ay_1,az_1,Roll1_2,Pitch1_2,Yaw1_2,gx_2,gy_2,gz_2,Roll2_2,Pitch2_2,Yaw2_2,ax_2,ay_2,az_2,Roll1_3,Pitch1_3,Yaw1_3,gx_3,gy_3,gz_3,Roll2_3,Pitch2_3,Yaw2_3,ax_3,ay_3,az_3,Roll1_4,Pitch1_4,Yaw1_4,gx_4,gy_4,gz_4,Roll2_4,Pitch2_4,Yaw2_4,ax_4,ay_4,az_4,Roll1_5,Pitch1_5,Yaw1_5,gx_5,gy_5,gz_5,Roll2_5,Pitch2_5,Yaw2_5,ax_5,ay_5,az_5,Roll1_6,Pitch1_6,Yaw1_6,gx_6,gy_6,gz_6,Roll2_6,Pitch2_6,Yaw2_6,ax_6,ay_6,az_6,Roll1_7,Pitch1_7,Yaw1_7,gx_7,gy_7,gz_7,Roll2_7,Pitch2_7,Yaw2_7,ax_7,ay_7,az_7,Roll1_8,Pitch1_8,Yaw1_8,gx_8,gy_8,gz_8,Roll2_8,Pitch2_8,Yaw2_8,ax_8,ay_8,az_8,Roll1_9,Pitch1_9,Yaw1_9,gx_9,gy_9,gz_9,Roll2_9,Pitch2_9,Yaw2_9,ax_9,ay_9,az_9,Roll1_10,Pitch1_10,Yaw1_10,gx_10,gy_10,gz_10,Roll2_10,Pitch2_10,Yaw2_10,ax_10,ay_10,az_10,Roll1_11,Pitch1_11,Yaw1_11,gx_11,gy_11,gz_11,Roll2_11,Pitch2_11,Yaw2_11,ax_11,ay_11,az_11,label,binary_label
-13.61078929901123,23.26869010925293,173.93862915039062,1.40380859375,3.0517578125,0.54931640625,40.129425048828125,71.39002990722656,215.5367889404297,-0.9906485080718994,-0.0002404194965492,-0.1364380568265915,-13.676156044006348,23.242021560668945,173.90548706054688,1.52587890625,2.9296875,0.6103515625,40.32070541381836,71.48082733154297,215.71615600585935,-0.9900464415550232,0.0046807867474853,-0.1406636387109756,-13.622983932495115,23.292415618896484,173.91830444335938,1.40380859375,2.86865234375,0.42724609375,40.51731872558594,71.57433319091797,215.89784240722656,-0.9903002977371216,0.0068545378744602,-0.1387743204832077,-13.543094635009766,23.307174682617188,173.93577575683594,3.23486328125,2.25830078125,0.79345703125,40.83538055419922,71.71763610839844,216.17518615722656,-0.991252899169922,-0.0003599320771172,-0.1319750845432281,-13.556366920471191,23.38006591796875,173.92520141601562,2.44140625,2.13623046875,1.0986328125,41.048370361328125,71.8184585571289,216.34873962402344,-0.989457666873932,-0.0009614552836865,-0.1448192000389099,-13.652862548828123,23.42785263061523,173.88058471679688,1.0986328125,2.44140625,0.18310546875,41.17369079589844,71.93209838867188,216.4626007080078,-0.9888902306556702,0.007138283457607,-0.1484763026237487,-13.776405334472656,23.5733699798584,173.82540893554688,-10.498046875,8.36181640625,-1.8310546875,41.28596496582031,72.02587890625,216.68650817871097,-0.9906060695648192,0.0293927621096372,-0.1335504502058029,-14.02009391784668,23.809627532958984,173.5771484375,-12.39013671875,12.75634765625,-31.6162109375,41.22941970825195,72.12389373779297,216.68988037109375,-0.8726434111595154,0.4584986269474029,-0.1681442558765411,-13.988713264465332,23.668560028076172,173.70166015625,-4.69970703125,-24.35302734375,9.1552734375,40.33390045166016,72.41761016845703,215.77301025390625,-0.9892154932022096,0.0655527040362358,-0.1309793442487716,-13.700087547302246,23.55946350097656,173.9179229736328,37.53662109375,-8.056640625,29.296875,40.118133544921875,72.5158462524414,215.60626220703125,-0.9321631193161012,-0.3240602016448974,-0.1614217311143875,-13.408110618591309,23.711030960083008,174.04502868652344,-1.28173828125,13.916015625,5.18798828125,41.75392532348633,72.24512481689453,217.1953125,-0.9879163503646852,0.1034784689545631,-0.1153849884867668,-13.36108684539795,23.70220184326172,174.07382202148438,7.32421875,4.45556640625,4.82177734375,42.422271728515625,72.02088165283203,217.9669189453125,-0.9401288628578186,-0.1828375905752182,-0.2876250445842743,standing_still,not_walking
-13.21095371246338,23.781490325927734,174.14796447753906,22.705078125,12.0849609375,12.02392578125,43.55190658569336,71.90791320800781,219.099853515625,-0.9509230852127076,-0.1726041138172149,-0.2568132579326629,-13.289724349975586,23.745929718017575,174.12149047851562,5.9814453125,3.23486328125,3.23486328125,43.88375473022461,71.91703796386719,219.46295166015625,-0.9625840187072754,-0.1403344273567199,-0.2318152338266372,-13.42381477355957,23.709739685058594,174.0767822265625,0.54931640625,2.197265625,2.62451171875,44.51702117919922,71.95217895507812,220.09234619140625,-0.9519805908203124,-0.1860750019550323,-0.2431234419345855,-13.490045547485352,23.688486099243164,174.0535125732422,2.62451171875,2.3193359375,2.50244140625,44.965675354003906,71.96035766601562,220.56851196289065,-0.9429109692573548,-0.2197798639535904,-0.2502312958240509,-13.682287216186523,23.640670776367188,174.02903747558594,-13.916015625,2.197265625,-1.15966796875,45.66511535644531,72.01829528808594,221.26025390625,-0.9636077284812928,-0.1618041396141052,-0.2127899080514907,-13.866637229919434,24.175392150878903,173.933837890625,1.89208984375,62.5,0.244140625,47.29526138305664,71.97695922851562,222.7611083984375,-0.981757402420044,-0.00929631665349,-0.1899104714393615,-14.149025917053224,24.11974334716797,173.7304229736328,-16.78466796875,-11.53564453125,-1.40380859375,46.65946578979492,72.28845977783203,222.2609100341797,-0.9989591240882874,0.0325563363730907,-0.0319512002170085,-14.04404354095459,24.02828598022461,173.77630615234375,10.43701171875,-0.48828125,-9.70458984375,44.47669219970703,73.0344467163086,220.23829650878903,-0.9087328910827636,-0.3428147137165069,-0.2380813062191009,-14.109100341796877,23.90294647216797,173.61293029785156,14.95361328125,-0.18310546875,5.126953125,44.00213623046875,73.24627685546875,219.6911773681641,-0.9161525964736938,-0.3829177618026733,-0.1184838563203811,-13.687089920043944,23.65768814086914,173.98951721191406,12.939453125,5.0048828125,7.32421875,45.04309844970703,73.16614532470703,220.6274871826172,-0.9972112774848938,-0.0620766133069992,0.0414246656000614,-13.613604545593262,23.67102432250977,174.0606689453125,6.40869140625,5.18798828125,6.65283203125,45.774051666259766,73.20915985107422,221.20388793945312,-0.9656491279602052,-0.1012364774942398,-0.2393175363540649,-13.567111015319824,23.72351455688477,174.0530548095703,21.1181640625,17.7001953125,8.544921875,46.46708679199219,73.32740783691406,221.7692108154297,-0.973749041557312,-0.1486958861351013,-0.172343909740448,standing_still,not_walking
-14.03189182281494,24.066286087036133,172.9168701171875,-40.83251953125,28.50341796875,-145.44677734375,49.38557052612305,73.42250061035156,223.7147216796875,-0.9952369928359984,0.0801784619688987,-0.0554505214095115,-14.688791275024414,23.825519561767575,171.25682067871094,23.49853515625,2.5634765625,-119.20166015625,51.49065017700195,73.55833435058594,224.69161987304688,-0.9961622357368468,0.0073869228363037,-0.0872133448719978,-14.877519607543944,23.580841064453125,170.167724609375,15.19775390625,6.77490234375,-107.84912109375,53.08742904663086,73.80758666992188,225.37681579589844,-0.979534387588501,-0.1622740030288696,-0.1190779358148574,-15.188191413879396,23.17825508117676,167.6997528076172,48.095703125,11.77978515625,-167.17529296875,57.34878921508789,73.78227996826172,227.59571838378903,-0.9072189331054688,-0.2193318605422973,-0.3589531481266022,-14.712389945983888,22.839929580688477,166.80621337890625,100.9521484375,-44.61669921875,4.8828125,58.677459716796875,73.74964904785156,228.0053253173828,-0.9169286489486694,-0.3336260616779327,-0.2189420908689499,-14.233268737792969,22.764781951904297,166.9857635498047,6.103515625,-0.06103515625,-1.03759765625,58.16233444213867,73.89387512207031,227.2586669921875,-0.9778199195861816,-0.1237164512276649,-0.1690044552087783,-14.003375053405762,22.826311111450195,167.02110290527344,13.0615234375,0.9765625,2.86865234375,58.35384368896485,73.98373413085938,227.2184906005859,-0.9701034426689148,-0.0989316999912262,-0.2216117829084396,-14.158700942993164,23.039823532104492,166.91844177246094,-8.85009765625,8.30078125,-12.26806640625,58.30739212036133,74.2756576538086,227.2111358642578,-0.976103663444519,0.0145093323662877,-0.2168209105730056,-14.203712463378906,23.12812042236328,166.79579162597656,1.5869140625,14.70947265625,-3.23486328125,58.15972900390625,74.4926986694336,227.0725250244141,-0.9720017910003662,-0.0310163162648677,-0.2329172044992447,-14.292035102844238,23.02031707763672,166.70359802246094,-5.7373046875,-3.173828125,-7.6904296875,57.85804748535156,75.02606201171875,226.594970703125,-0.9494913816452026,-0.2247818857431411,-0.2189502716064453,-14.523581504821776,22.84168815612793,166.40464782714844,-5.4931640625,5.55419921875,-15.80810546875,57.4570426940918,75.20697784423828,225.9854736328125,-0.8694058656692505,-0.4550647437572479,0.192482516169548,-14.390344619750977,22.925477981567383,166.1486358642578,32.958984375,40.771484375,-11.04736328125,59.46401596069336,74.95632934570312,227.7893218994141,-0.9807227849960328,-0.1884147226810455,-0.0517943874001503,standing_still,not_walking
-14.574480056762695,23.18376922607422,166.1046142578125,-11.3525390625,-6.34765625,27.40478515625,63.039913177490234,74.34578704833984,231.3090057373047,-0.9730209112167358,0.0724235847592353,-0.2190545797348022,-14.193692207336426,23.90976333618164,165.52243041992188,-7.4462890625,23.4375,-29.4189453125,66.21975708007812,73.83721160888672,234.07618713378903,-0.9602901935577391,0.1707601845264434,-0.220643863081932,-13.97521686553955,23.172292709350582,165.3975372314453,7.32421875,-42.3583984375,8.36181640625,64.79706573486328,74.38141632080078,232.310302734375,-0.9277583956718444,-0.2735974788665771,-0.2537889778614044,-14.056963920593262,22.794254302978516,165.41900634765625,6.2255859375,-5.67626953125,-1.220703125,63.71605682373047,75.00625610351562,230.8933258056641,-0.964801549911499,-0.1186635047197341,-0.2346847057342529,-14.16646671295166,22.747079849243164,165.3492431640625,2.25830078125,-1.3427734375,-3.173828125,63.166805267333984,75.32855987548828,230.24887084960935,-0.9670693874359132,-0.0770992711186409,-0.2425540685653686,-14.29938507080078,22.69681739807129,165.24790954589844,0.54931640625,-4.33349609375,-7.01904296875,62.66717147827149,75.72293090820312,229.58566284179688,-0.9748703837394714,0.0392747037112712,-0.2192837595939636,-14.412978172302246,21.7899112701416,165.205810546875,-3.84521484375,-109.55810546875,-23.74267578125,60.770599365234375,77.01844024658203,227.08164978027344,-0.9882280826568604,-0.1285801827907562,-0.0828992500901222,-14.783846855163574,20.894861221313477,164.73910522460938,-33.14208984375,13.85498046875,-108.88671875,59.42279052734375,77.58367156982422,225.6372985839844,-0.6338145732879639,-0.7733448147773743,-0.0147315179929137,-15.053622245788574,21.785951614379883,164.4971466064453,-20.3857421875,125.91552734375,-2.5634765625,62.26589584350586,76.96942901611328,228.7682952880859,-0.9874444603919984,-0.0212610252201557,-0.1565288752317428,-15.032066345214844,23.03009605407715,164.4026336669922,16.54052734375,105.46875,29.9072265625,66.25050354003906,75.98036193847656,233.07862854003903,-0.9342845678329468,0.1227336600422859,-0.3347369432449341,-14.164384841918944,24.450977325439453,164.16323852539062,41.32080078125,68.359375,-14.95361328125,71.31655883789062,74.03441619873047,237.78326416015625,-0.9528312683105468,0.2829309701919555,-0.1098306775093078,-14.09713649749756,24.053550720214844,164.53579711914062,-8.11767578125,-97.0458984375,-0.67138671875,69.663330078125,74.654541015625,236.53875732421875,-0.9663045406341552,-0.1040323674678802,-0.2354416698217392,standing_still,not_walking
-14.557968139648438,23.40009117126465,164.5537109375,-16.29638671875,-10.986328125,-7.080078125,68.22809600830078,75.5067138671875,234.9593505859375,-0.9748414158821106,-0.1196461468935012,-0.1880665421485901,-14.498125076293944,23.312000274658203,164.56080627441406,0.48828125,-0.91552734375,-2.9296875,67.98165130615234,75.94338989257812,234.54920959472656,-0.9627867341041564,-0.0564274899661541,-0.2643058896064758,-14.223762512207031,23.236740112304688,164.60609436035156,9.521484375,-9.27734375,-1.40380859375,67.62020111083984,76.72803497314453,233.86981201171875,-0.9686121940612792,0.0256304312497377,-0.2472518682479858,-14.6353759765625,21.96683692932129,164.58082580566406,-71.22802734375,-160.33935546875,-45.0439453125,65.51770782470703,78.20236206054688,231.45016479492188,-0.9842538833618164,-0.1232342943549156,-0.1267182379961013,-15.11153793334961,21.716787338256836,164.10397338867188,37.29248046875,142.02880859375,55.96923828125,66.0362548828125,78.13764190673828,232.14305114746097,-0.8953536748886108,-0.4384288191795349,-0.0782430544495582,-14.63791847229004,23.471736907958984,163.72474670410156,38.51318359375,166.56494140625,-33.63037109375,70.84734344482422,76.69051361083984,236.9457244873047,-0.9762772917747498,0.1384526640176773,-0.1664738357067108,-14.215654373168944,24.320615768432617,163.89291381835938,24.10888671875,65.00244140625,32.53173828125,73.69972229003906,75.45401000976562,239.93145751953125,-0.9664547443389891,0.194008782505989,-0.1683026254177093,-13.730917930603027,24.63367080688477,163.9413299560547,14.16015625,-118.65234375,-71.77734375,74.77228546142578,74.91845703125,241.1506500244141,-0.9846773147583008,0.0834763869643211,0.1531083136796951,-13.769208908081056,24.093521118164062,163.99330139160156,-41.6259765625,-42.96875,-6.65283203125,73.74451446533203,75.36751556396484,240.048095703125,-0.9865953922271729,-0.1500086486339569,-0.0642418712377548,-13.764119148254396,23.66744041442871,164.00730895996094,3.35693359375,-12.6953125,-3.84521484375,72.94995880126953,76.16291809082031,238.9869079589844,-0.950574517250061,-0.1603652834892273,-0.2658782005310058,-13.868364334106444,23.479427337646484,163.9213409423828,1.5869140625,-13.5498046875,-8.6669921875,72.58197021484375,76.61686706542969,238.48947143554688,-0.9626461267471312,-0.0434840135276317,-0.2672479152679443,-13.967788696289062,23.266733169555664,163.8248748779297,3.90625,-26.123046875,-10.1318359375,72.2369384765625,77.25688171386719,237.8943023681641,-0.984885036945343,0.0163003616034984,-0.1724406778812408,standing_still,not_walking
-14.294288635253906,20.718120574951172,163.6519775390625,-12.02392578125,-86.9140625,-79.65087890625,70.0977783203125,79.28041076660156,235.2154235839844,-0.5233432650566101,-0.8521102070808411,0.0044730193912982,-14.548086166381836,23.01833152770996,163.29916381835938,27.2216796875,200.8056640625,10.43701171875,75.42095184326172,77.54122161865234,241.00457763671875,-0.9771767854690552,-0.0135113643482327,-0.2119976729154586,-14.132984161376951,24.392284393310547,163.5881805419922,9.46044921875,77.5146484375,42.48046875,78.97784423828125,75.88946533203125,244.9193420410156,-0.9076640605926514,0.2869449257850647,-0.3062819838523865,-13.925485610961914,24.805858612060547,163.7999725341797,15.80810546875,-126.64794921875,-4.2724609375,79.18836212158203,75.50559997558594,245.5262451171875,-0.8580073118209839,0.5098199248313904,-0.0625075846910476,-13.979251861572266,24.212100982666016,163.9361572265625,-14.16015625,-38.57421875,-6.103515625,78.21678161621094,75.9806137084961,244.48731994628903,-0.978797733783722,-0.1703933924436569,-0.1136712282896041,-14.02973175048828,23.98152732849121,163.92388916015625,-0.1220703125,-3.662109375,-1.0986328125,77.69654083251953,76.49629974365234,243.88375854492188,-0.9710848927497864,-0.1278438866138458,-0.2016184628009796,-14.184619903564451,23.782447814941406,163.8166046142578,-2.8076171875,-5.37109375,-8.056640625,77.59709930419922,77.11534881591797,243.6272430419922,-0.9728902578353882,-0.0414220541715621,-0.2275279462337494,-14.098816871643066,23.69116973876953,163.81719970703125,4.2724609375,-19.34814453125,-5.0048828125,77.7146224975586,77.79829406738281,243.54579162597656,-0.9758036136627196,0.0529339499771595,-0.2121445536613464,-14.350067138671877,22.68016815185547,163.7686004638672,-28.74755859375,-136.77978515625,-37.841796875,77.46810913085938,78.93263244628906,242.93804931640625,-0.960693359375,-0.2302912920713424,-0.1550295948982238,-15.59097957611084,20.985092163085938,163.2510528564453,-72.265625,-46.9970703125,-119.62890625,76.93785858154297,80.01846313476562,242.2006378173828,-0.6361831426620483,-0.7426841855049133,-0.2090242803096771,-14.207399368286133,24.591392517089844,163.27239990234375,53.64990234375,66.46728515625,55.6640625,82.55315399169922,76.15980529785156,248.54310607910156,-0.9107320308685304,0.3415880501270294,-0.232130765914917,-13.437203407287598,25.60730361938477,163.5513458251953,43.8232421875,72.08251953125,39.4287109375,83.42476654052734,75.14651489257812,249.4737548828125,-0.7628809213638306,0.6330251693725586,-0.1314983963966369,standing_still,not_walking
-13.981219291687012,24.34034538269043,163.8079071044922,-26.2451171875,-20.01953125,-7.26318359375,81.90788269042969,76.24141693115234,247.96511840820312,-0.9733541011810304,-0.1747696995735168,-0.1484503448009491,-14.037446022033691,24.188804626464844,163.80514526367188,2.99072265625,-0.54931640625,0.3662109375,81.87224578857422,76.82099914550781,247.7917022705078,-0.9517521262168884,-0.1649848967790603,-0.2587428390979767,-14.13251495361328,24.03873062133789,163.74169921875,-2.62451171875,-3.7841796875,-4.7607421875,81.98041534423828,77.27804565429688,247.7510528564453,-0.967883050441742,-0.0372353345155715,-0.2486283481121063,-14.087780952453612,23.6903076171875,163.7134552001953,8.544921875,-20.93505859375,-4.21142578125,82.66889190673828,78.26940155029297,248.09698486328125,-0.9797940254211426,0.032270111143589,-0.1973887383937835,-14.725264549255373,23.01013946533203,162.84909057617188,67.56591796875,156.31103515625,29.296875,83.88258361816406,78.68067169189453,249.19818115234375,-0.9911410808563232,0.0710945054888725,-0.1121829524636268,-13.857842445373535,24.784202575683594,162.8571319580078,31.31103515625,35.21728515625,32.77587890625,86.48062896728516,76.18470764160156,251.86558532714844,-0.9412822127342224,0.289783775806427,-0.1732432246208191,-13.351279258728027,25.11456871032715,163.2450408935547,-81.54296875,-110.29052734375,-45.7763671875,85.89817810058594,75.95381164550781,251.72801208496097,-0.9118692874908448,0.1432740688323974,-0.3846647441387176,-13.683789253234863,24.563430786132812,163.306640625,-13.48876953125,-26.3671875,-7.75146484375,85.56631469726562,76.49019622802734,251.28567504882812,-0.9695929288864136,-0.192718431353569,-0.1508281379938125,-13.69210147857666,24.330463409423828,163.31304931640625,-0.6103515625,-2.685546875,-1.40380859375,85.64306640625,77.11988830566406,251.22247314453125,-0.9595566391944884,-0.1183614954352378,-0.2554241120815277,-13.620283126831056,24.222705841064453,163.31809997558594,2.8076171875,-2.25830078125,-2.74658203125,85.94251251220703,77.58018493652344,251.3627014160156,-0.9667341113090516,-0.0681953281164169,-0.2465249150991439,-14.62735080718994,21.47005844116211,163.08287048339844,-116.63818359375,-226.13525390625,-79.77294921875,87.57003784179688,80.37728118896484,252.0845184326172,-0.888245165348053,0.1810534447431564,-0.4221849739551544,-15.125475883483888,21.39470672607422,162.6029510498047,-14.16015625,76.11083984375,54.38232421875,87.4764404296875,80.33785247802734,251.96554565429688,-0.698473334312439,-0.6646791696548462,-0.2652104794979095,standing_still,not_walking
-13.327041625976562,25.13664436340332,161.9156951904297,68.603515625,87.21923828125,-21.78955078125,89.42638397216797,75.86414337158203,253.88267517089844,-0.9202282428741456,0.3615610003471374,-0.1498454362154007,-12.963393211364746,24.99631118774414,161.01272583007812,-61.8896484375,-89.41650390625,-65.5517578125,89.90467834472656,76.02861022949219,253.9493865966797,-0.8938860297203064,-0.4399716258049011,-0.0859803706407547,-13.481146812438965,24.60685157775879,161.05308532714844,-32.77587890625,-21.1181640625,-6.04248046875,89.74858093261719,76.5443344116211,253.8532257080078,-0.9464526176452636,-0.1925612986087799,-0.2591285407543182,-13.385181427001951,24.15205764770508,161.04180908203125,3.47900390625,-5.55419921875,-4.638671875,91.97702026367188,77.7790298461914,255.4509735107422,-0.9582879543304444,-0.0554096437990665,-0.2803820073604584,-13.344400405883787,23.93314743041992,161.02374267578125,4.45556640625,-19.775390625,-6.7138671875,92.90055847167967,78.53667449951172,256.1293029785156,-0.959887444972992,0.0274337530136108,-0.2790404558181762,-13.829963684082031,22.72589874267578,160.7679901123047,-56.396484375,-165.46630859375,-73.91357421875,93.90184783935548,79.63519287109375,256.3684997558594,-0.9454131722450256,-0.0640996843576431,-0.3195075690746307,-14.503497123718262,21.685415267944336,159.76873779296875,94.66552734375,87.40234375,3.84521484375,93.08462524414062,79.62765502929688,254.56581115722656,-0.9381876587867736,-0.3200343549251556,-0.131840243935585,-13.204164505004885,23.359777450561523,158.12490844726562,110.04638671875,125.79345703125,-80.38330078125,92.0046615600586,77.07383728027344,252.407958984375,-0.9852482676506042,0.1711309552192688,-0.0003557816380634,-11.623509407043455,23.687789916992188,156.1131591796875,78.125,-23.92578125,6.28662109375,93.38621520996094,74.95686340332031,251.90135192871097,-0.9049040675163268,0.4240581095218658,-0.036378052085638,-12.155080795288086,23.10140609741211,155.52572631835938,-44.0673828125,-24.96337890625,-25.87890625,93.06251525878906,75.25663757324219,251.78240966796875,-0.96073180437088,-0.1264442801475525,-0.2469944804906845,-12.519312858581545,22.94568252563477,155.46661376953125,-13.427734375,1.708984375,-2.13623046875,94.21292114257812,75.66796112060547,252.8173370361328,-0.9357731938362122,-0.2136374115943908,-0.2805131077766418,-12.50976848602295,22.82194709777832,155.46348571777344,-0.6103515625,-0.42724609375,-2.99072265625,95.12821197509766,75.90646362304688,253.62684631347656,-0.944631814956665,-0.1294181942939758,-0.3015322685241699,standing_still,not_walking
-11.236788749694824,24.115205764770508,147.2666778564453,-24.47509765625,-52.55126953125,52.8564453125,107.95614624023438,72.81000518798828,257.8774719238281,-0.8862976431846619,0.4272462129592895,-0.1787099242210388,-11.78134059906006,22.78983497619629,147.2437744140625,-104.43115234375,-47.05810546875,-36.31591796875,107.28834533691406,73.68938446044922,257.71478271484375,-0.998976707458496,-0.0356848798692226,0.0277882255613803,-12.096949577331545,22.539400100708008,147.175048828125,-4.33349609375,-10.986328125,-5.4931640625,108.04959869384766,74.4085464477539,258.4639892578125,-0.9648464322090148,-0.1428242474794387,-0.2206189036369323,-11.92335605621338,22.36217880249023,147.1779022216797,8.1787109375,-6.4697265625,-5.0048828125,110.18939208984376,75.23906707763672,260.23040771484375,-0.9813854098320008,-0.0758276954293251,-0.1764452159404754,-12.24862003326416,21.293941497802734,146.9843292236328,-53.03955078125,-135.009765625,-57.0068359375,114.0906219482422,76.81742095947266,263.8826904296875,-0.9721607565879822,-0.1951333284378051,-0.1297170519828796,-12.91137409210205,20.768577575683594,146.63912963867188,84.53369140625,144.59228515625,25.69580078125,112.59286499023438,76.67952728271484,262.375244140625,-0.9841527938842772,-0.1092238947749137,-0.1396902799606323,-11.619698524475098,22.745216369628903,146.52212524414062,54.443359375,80.078125,40.0390625,109.0856475830078,74.2254409790039,258.6934509277344,-0.9690438508987428,0.1931497305631637,-0.1537762433290481,-11.36462688446045,22.287683486938477,146.5900115966797,-12.02392578125,-29.052734375,-10.009765625,107.94019317626952,74.05074310302734,257.8053283691406,-0.9866645932197572,-0.0623610094189643,-0.1503467261791229,-11.52219295501709,22.153541564941406,146.48675537109375,3.47900390625,-8.1787109375,-6.2255859375,109.33694458007812,74.71345520019531,258.8868408203125,-0.9563757181167604,-0.0862277075648307,-0.2791240215301513,-11.621867179870604,22.10875129699707,146.36463928222656,8.11767578125,-12.6953125,-7.2021484375,111.1195297241211,75.48411560058594,260.350830078125,-0.9770737290382384,0.0250120609998703,-0.2114267498254776,-11.636160850524902,21.679208755493164,146.35272216796875,4.150390625,-69.76318359375,-12.02392578125,112.9423599243164,76.36739349365234,261.94122314453125,-0.9799933433532716,0.0296692959964275,-0.196806326508522,-12.965782165527344,19.046669006347656,145.52674865722656,-49.6826171875,-41.56494140625,-159.1796875,116.2737808227539,77.8206787109375,264.58343505859375,-0.6742534637451172,-0.7365521192550659,-0.0536028258502483,walking,walking
-10.65595245361328,23.434906005859375,145.05442810058594,5.55419921875,-71.77734375,-25.146484375,109.7430191040039,73.31050872802734,258.15185546875,-0.8800315856933594,-0.1778265833854675,-0.4403658509254455,-10.892491340637209,22.98376846313477,145.0517578125,-5.0048828125,-20.69091796875,-4.150390625,110.30016326904295,73.88253784179688,258.611328125,-0.951072633266449,-0.2381473779678344,-0.1968420445919037,-11.443344116210938,21.418058395385746,144.76510620117188,-27.40478515625,-176.08642578125,-31.494140625,116.8958511352539,76.86783599853516,264.0569152832031,-0.9901270866394044,-0.1201720535755157,-0.0721598789095878,-11.766514778137209,19.44373893737793,144.3705291748047,72.509765625,-63.53759765625,-110.595703125,119.44296264648438,77.71640014648438,266.22442626953125,-0.6384567618370056,-0.7581261396408081,-0.1327314525842666,-10.52893352508545,24.29424095153809,144.32884216308594,68.66455078125,94.42138671875,54.8095703125,113.8019790649414,73.05868530273438,261.0679626464844,-0.8729709982872009,0.4307287335395813,-0.2288984954357147,-10.711149215698242,23.225839614868164,144.5856170654297,-0.8544921875,-8.6669921875,-5.31005859375,114.08914184570312,74.1290283203125,261.4872131347656,-0.9608461260795592,-0.1879995018243789,-0.2035456150770187,-10.944382667541504,23.11957740783691,144.44552612304688,1.0986328125,-2.01416015625,-4.94384765625,115.58143615722656,74.77507781982422,262.7623291015625,-0.9702420830726624,-0.0324233397841453,-0.2399561256170272,-11.058706283569336,23.000160217285156,144.3289794921875,7.01904296875,-21.728515625,-5.126953125,117.86322021484376,75.67072296142578,264.8341369628906,-0.974717140197754,0.0239770002663135,-0.2221521139144897,-12.36106777191162,20.232912063598633,143.50588989257812,-48.03466796875,83.251953125,-15.380859375,123.25042724609376,77.25251770019531,269.605712890625,-0.6921338438987732,-0.7090526819229126,-0.1348891854286193,-10.98866081237793,23.97881317138672,143.66806030273438,69.091796875,159.60693359375,36.43798828125,117.52397918701172,73.7269515991211,264.2220153808594,-0.9446528553962708,0.2805242836475372,-0.1701093018054962,-10.301417350769045,23.817319869995117,144.3036651611328,-28.3203125,-35.70556640625,-9.27734375,115.84719848632812,73.63713073730469,262.98040771484375,-0.9743385910987854,-0.1301927715539932,-0.1836139559745788,-10.441296577453612,23.700551986694336,144.2727508544922,-0.244140625,-5.67626953125,-1.0986328125,116.5514678955078,74.0075454711914,263.5765686035156,-0.92732036113739,-0.2914400994777679,-0.2348181307315826,walking,walking
-10.76143741607666,23.476877212524418,144.0550079345703,0.9765625,-5.4931640625,-7.568359375,119.26969146728516,75.01439666748047,265.92864990234375,-0.972461998462677,-0.026324963197112,-0.2315704375505447,-10.829096794128418,23.288400650024418,143.9602508544922,9.1552734375,-23.3154296875,-9.70458984375,121.3952178955078,75.64231872558594,267.8584289550781,-0.981246531009674,0.0200157593935728,-0.1917149275541305,-11.051865577697754,22.10107421875,143.8941192626953,-21.54541015625,-170.5322265625,-29.296875,124.6081314086914,76.6521224975586,270.7549743652344,-0.9561451077461244,-0.2391154319047927,-0.169145867228508,-12.361971855163574,20.910249710083008,143.19480895996094,-38.87939453125,101.318359375,11.16943359375,127.09642028808594,76.91050720214844,273.4596862792969,-0.7189448475837708,-0.6319122314453125,-0.2894914150238037,-11.085610389709473,24.754623413085938,143.88853454589844,78.79638671875,63.53759765625,45.654296875,119.95751953125,72.97595977783203,267.06622314453125,-0.8955180048942566,0.3807838559150696,-0.2303281873464584,-10.479331016540527,24.545631408691406,144.69113159179688,-10.7421875,-145.5078125,29.72412109375,119.09586334228516,73.0843734741211,266.6433410644531,-0.8538699746131897,-0.4684973657131195,0.2267516702413559,-10.814352989196776,23.927322387695312,144.681884765625,-22.705078125,-40.1611328125,-15.13671875,119.56761169433594,73.65501403808594,267.1146240234375,-0.977082908153534,-0.1257956176996231,-0.1717098504304886,-10.968290328979492,23.80691909790039,144.61196899414062,-4.5166015625,-4.94384765625,-4.39453125,120.419921875,74.11853790283203,267.8863830566406,-0.963071346282959,-0.1641680151224136,-0.213406503200531,-11.152462005615234,23.76349449157715,144.5105743408203,1.220703125,1.89208984375,-1.0986328125,122.11125946044922,74.80142211914062,269.4493713378906,-0.9651150703430176,-0.0577168613672256,-0.2553853690624237,-11.272771835327148,23.689481735229492,144.42701721191406,2.50244140625,-7.14111328125,-4.82177734375,123.61380004882812,75.25894927978516,270.7955627441406,-0.9786168336868286,0.0645229890942573,-0.195309892296791,-11.313213348388672,23.396055221557617,144.3863067626953,8.9111328125,-38.0859375,-7.8125,125.9362335205078,75.78973388671875,272.8758850097656,-0.9808660745620728,0.0118230190128088,-0.1943241953849792,-11.873773574829102,21.78229331970215,144.3097381591797,-88.19580078125,-221.6796875,-49.86572265625,129.32882690429688,76.71857452392578,276.061279296875,-0.9385900497436525,-0.118354320526123,-0.3241002857685089,walking,walking
-11.926361083984377,23.55229759216309,143.8882293701172,44.73876953125,190.3076171875,22.27783203125,125.37671661376952,74.83201599121094,272.48724365234375,-0.9902515411376952,0.0970052108168602,-0.0999592766165733,-11.25214958190918,24.88224983215332,144.1371612548828,67.7490234375,74.89013671875,43.8232421875,122.4996337890625,73.0635757446289,269.75506591796875,-0.9008532762527466,0.371038943529129,-0.2253741919994354,-10.459311485290527,25.538623809814453,144.29307556152344,15.7470703125,22.27783203125,-31.18896484375,121.92324829101562,72.55049896240234,269.0587463378906,-0.7178217172622681,0.6486729383468628,-0.2528941035270691,-10.977224349975586,24.226516723632812,144.46136474609375,-0.30517578125,-2.8076171875,-1.03759765625,123.35890197753906,73.99584197998047,270.64129638671875,-0.9476476311683656,-0.131395012140274,-0.2910315692424774,-11.146428108215332,24.06608772277832,144.34930419921875,-0.6103515625,-1.52587890625,-4.94384765625,124.84546661376952,74.5551528930664,271.9291687011719,-0.9673480987548828,-0.0542504899203777,-0.2475773394107818,-11.2821683883667,23.882360458374023,144.23390197753906,5.67626953125,-12.14599609375,-1.8310546875,127.23717498779295,75.23833465576172,274.14495849609375,-0.9717622995376588,0.0472162887454032,-0.2311896681785583,-11.353642463684082,23.422584533691406,144.19029235839844,3.35693359375,-64.3310546875,-14.7705078125,130.12242126464844,76.00598907470703,276.8918762207031,-0.9903208613395692,0.0400582961738109,-0.1328904926776886,-12.55388069152832,20.884010314941406,143.42027282714844,-31.3720703125,83.06884765625,-30.45654296875,135.6073760986328,77.07792663574219,281.8536071777344,-0.7610869407653809,-0.6435253620147705,-0.0813740789890289,-11.086943626403809,24.69843292236328,143.785400390625,62.8662109375,164.9169921875,42.17529296875,127.55726623535156,74.05586242675781,274.42047119140625,-0.9239033460617064,0.2990682721138,-0.2386645823717117,-10.238162994384766,25.617109298706055,144.28883361816406,82.03125,85.5712890625,70.9228515625,124.77269744873048,72.83600616455078,271.7552795410156,-0.8439266085624695,0.4849787652492523,-0.2293110787868499,-10.043438911437988,25.719173431396484,144.41842651367188,-6.7138671875,-48.52294921875,18.12744140625,124.5612335205078,73.03335571289062,271.7657165527344,-0.9973418712615968,-0.0615140125155448,-0.0390549376606941,-10.610845565795898,24.574798583984375,144.12130737304688,-9.521484375,-4.69970703125,-4.94384765625,126.32575988769533,74.12659454345703,273.5814514160156,-0.948259711265564,-0.2237791717052459,-0.2252252399921417,walking,walking
-10.812721252441406,24.4763126373291,144.01707458496094,-6.28662109375,-0.42724609375,-4.82177734375,127.62564849853516,74.54977416992188,274.8395080566406,-0.9717387557029724,-0.0576191246509552,-0.2289192229509353,-10.890857696533203,24.390735626220703,143.94143676757812,3.84521484375,-0.244140625,-4.21142578125,129.25125122070312,74.93489837646484,276.2865905761719,-0.9730663895606996,-0.0314756482839584,-0.228365883231163,-11.549750328063965,22.764183044433594,143.73709106445312,-93.1396484375,-181.94580078125,-48.03466796875,135.9532470703125,76.45934295654297,282.6781311035156,-0.9499452710151672,-0.1272947043180465,-0.2853069305419922,-11.380735397338867,23.90937042236328,143.25296020507812,93.3837890625,198.2421875,15.19775390625,131.52935791015625,75.12348937988281,278.34869384765625,-0.9942942261695862,0.0890195295214653,-0.0587751679122448,-10.21501350402832,25.991281509399418,143.84376525878906,88.0126953125,98.7548828125,69.580078125,126.1138153076172,72.83692169189453,273.1695556640625,-0.8810540437698364,0.4270389080047607,-0.2034245729446411,-9.902738571166992,25.206588745117188,144.2718505859375,-23.74267578125,-43.76220703125,-9.1552734375,125.744140625,73.38287353515625,273.286376953125,-0.9390895962715148,-0.2556738257408142,-0.2296554446220398,-10.305438041687012,24.774267196655273,144.0711669921875,1.708984375,-0.8544921875,-3.90625,128.2665252685547,74.33788299560547,275.45526123046875,-0.9624849557876588,-0.1074595972895622,-0.2491488307714462,-10.417325019836426,24.726587295532227,143.99517822265625,1.77001953125,0.732421875,-2.01416015625,129.4371337890625,74.65809631347656,276.53363037109375,-0.9657576680183412,-0.0778856202960014,-0.2474791556596756,-10.564523696899414,24.580854415893555,143.86993408203125,4.08935546875,-14.7705078125,-6.7138671875,132.20050048828125,75.33655548095703,279.20050048828125,-0.984999656677246,0.071822889149189,-0.1568988114595413,-11.507463455200195,22.16336250305176,143.8765411376953,-59.99755859375,-158.0810546875,-29.052734375,138.487060546875,76.68114471435547,285.59747314453125,-0.9517547488212584,0.1269084960222244,-0.2793872058391571,-12.438594818115234,22.36094093322754,143.69981384277344,-83.55712890625,75.927734375,64.3310546875,139.32354736328125,76.37863159179688,286.84307861328125,-0.8419127464294434,-0.4288075268268585,-0.3275775611400604,-12.468709945678713,24.2078857421875,144.026123046875,6.65283203125,192.2607421875,78.0029296875,136.496337890625,75.05342864990234,284.856689453125,-0.8901585936546326,0.024976285174489,-0.454965740442276,walking,walking
-11.58265495300293,26.528038024902344,144.90798950195312,45.8984375,70.068359375,-0.6103515625,130.7287139892578,72.72687530517578,279.5233154296875,-0.958174467086792,0.2168576121330261,-0.1867470890283584,-11.226852416992188,27.24478530883789,144.36488342285156,12.26806640625,-11.29150390625,-29.72412109375,129.64126586914062,72.5737533569336,277.98126220703125,-0.9630643129348756,0.2489062547683715,-0.1027268543839454,-11.422412872314451,26.56290054321289,144.1801300048828,-24.10888671875,-42.17529296875,-27.83203125,130.1873321533203,72.82394409179688,278.3258056640625,-0.7658851742744446,-0.5150727033615112,-0.3848637044429779,-11.662313461303713,25.96202850341797,144.3228759765625,6.2255859375,-5.37109375,2.9296875,131.2175750732422,73.44514465332031,279.40283203125,-0.937473714351654,-0.1723638325929641,-0.3023801743984222,-11.425677299499512,25.81579971313477,144.38296508789062,16.845703125,-4.150390625,0.91552734375,132.6102294921875,73.76473236083984,280.4546813964844,-0.9366689920425416,-0.1559901982545852,-0.3135572969913482,-11.517447471618652,25.62905502319336,144.24514770507812,3.47900390625,-4.33349609375,-5.0048828125,135.1127471923828,74.32588958740234,282.6186218261719,-0.9433803558349608,-0.0091578774154186,-0.3315865397453308,-11.595537185668944,25.477947235107425,144.1645050048828,6.8359375,-13.427734375,-4.69970703125,136.69932556152344,74.68218994140625,284.0249938964844,-0.9426168203353882,0.0313204489648342,-0.3324043452739715,-11.65769386291504,24.758970260620117,144.06724548339844,7.50732421875,-98.44970703125,-25.7568359375,139.3845672607422,75.38226318359375,286.29443359375,-0.991558313369751,-0.0142152765765786,-0.1288794577121734,-11.503108978271484,22.99556350708008,143.81661987304688,17.2119140625,-116.2109375,-83.251953125,142.9085693359375,76.2368392944336,289.2494201660156,-0.9434999823570251,0.0505054295063018,-0.3275010585784912,-11.436954498291016,25.282835006713867,142.18719482421875,60.11962890625,214.9658203125,-53.3447265625,136.9014434814453,74.48783874511719,282.64080810546875,-0.9974272847175598,0.0629754289984703,-0.0342482812702655,-10.652188301086426,27.484424591064453,141.095703125,-4.21142578125,-24.5361328125,-33.69140625,132.22891235351562,72.19112396240234,277.05145263671875,-0.8111163973808289,0.4871430695056915,-0.323700338602066,-11.060224533081056,26.060434341430664,140.84657287597656,-2.3193359375,-10.43701171875,0.244140625,133.1846923828125,73.12371826171875,278.2032165527344,-0.949758768081665,-0.220255970954895,-0.22236368060112,walking,walking
-11.151419639587402,25.9605712890625,140.8121795654297,1.40380859375,0.91552734375,-1.0986328125,134.8805389404297,73.59947967529297,279.696044921875,-0.9546328783035278,-0.1543425619602203,-0.2546652257442474,-11.243560791015623,25.813888549804688,140.735107421875,-0.48828125,-7.14111328125,-7.568359375,136.28182983398438,73.9391098022461,280.96319580078125,-0.9555513262748718,-0.045615579932928,-0.2912744879722595,-11.357240676879885,25.441707611083984,140.5597686767578,10.07080078125,-25.08544921875,-11.29150390625,139.50009155273438,74.6408920288086,283.84722900390625,-0.9877085089683532,0.088451512157917,-0.1288729012012481,-11.516128540039062,24.171476364135746,140.56033325195312,-23.13232421875,-170.95947265625,-27.28271484375,143.1554412841797,75.39955139160156,287.0584716796875,-0.9668284058570862,-0.2196776121854782,-0.1303250789642334,-12.336865425109863,22.25713539123535,140.04798889160156,-12.26806640625,-84.3505859375,-124.32861328125,145.89036560058594,75.83063507080078,289.6552734375,-0.6167979836463928,-0.7753875255584717,-0.1354047209024429,-12.497117042541504,23.327146530151367,139.8174591064453,12.0849609375,176.20849609375,23.193359375,143.0143280029297,75.16665649414062,287.03302001953125,-0.9713332056999208,-0.1650470048189163,-0.1710886508226394,-10.774788856506348,26.838407516479492,139.9175567626953,119.81201171875,117.00439453125,42.3583984375,134.06729125976562,72.0207290649414,278.00653076171875,-0.8796283006668091,0.4227479100227356,-0.2180329710245132,-10.822422981262209,27.363933563232425,139.6949920654297,-54.5654296875,10.55908203125,-25.08544921875,133.47979736328125,71.86214447021484,277.3664855957031,-0.8033177852630615,0.5757110714912415,-0.1524378508329391,-10.6085786819458,25.673124313354492,140.52244567871094,-3.90625,1.15966796875,0.54931640625,135.4584503173828,72.86634063720703,279.2067565917969,-0.9176193475723268,-0.2735645771026611,-0.2883353531360626,-10.795307159423828,25.42839241027832,140.39146423339844,1.15966796875,-2.8076171875,-4.45556640625,138.60690307617188,73.65135192871094,282.11029052734375,-0.9651347994804382,-0.0199417658150196,-0.2609922289848327,-10.860133171081545,25.23392677307129,140.31227111816406,6.4697265625,-14.83154296875,-4.94384765625,140.58685302734375,74.08908081054688,283.9514465332031,-0.9811508655548096,0.0600088983774185,-0.1836897134780883,-11.283073425292969,23.416606903076172,140.17320251464844,-46.93603515625,-223.69384765625,-53.64990234375,145.88003540039062,75.1471176147461,289.0022888183594,-0.950922667980194,-0.0760386958718299,-0.2999401688575744,walking,walking
-12.191048622131348,22.96833038330078,139.2913818359375,0.6103515625,98.2666015625,66.5283203125,146.56158447265625,75.08106231689453,289.70635986328125,-0.7971051335334778,-0.4540774226188659,-0.3980416059494018,-10.752989768981934,26.26523208618164,139.1786346435547,69.03076171875,96.8017578125,40.95458984375,137.15957641601562,72.46891784667969,280.19293212890625,-0.9602256417274476,0.239891305565834,-0.1428946554660797,-10.27922821044922,27.156105041503903,139.17745971679688,33.447265625,63.232421875,-0.79345703125,134.88441467285156,71.7354736328125,277.8502197265625,-0.7651265859603882,0.6413634419441223,-0.0568709000945091,-10.20052433013916,26.582061767578125,139.56907653808594,-2.25830078125,-117.37060546875,11.23046875,135.26515197753906,72.11940002441406,278.6778869628906,-0.98378986120224,-0.0024955209810286,0.1793078035116195,-10.391913414001465,25.95884132385254,139.5448760986328,-20.93505859375,-44.00634765625,-6.16455078125,136.25828552246094,72.65165710449219,279.73040771484375,-0.9639031887054444,-0.1194930970668792,-0.237932875752449,-10.62045192718506,25.557151794433594,139.42520141601562,-2.38037109375,-4.2724609375,-4.94384765625,138.89422607421875,73.2958984375,282.1274719238281,-0.9598540663719176,-0.0857930034399032,-0.2670576274394989,-10.79436492919922,25.364564895629883,139.26060485839844,2.86865234375,-7.080078125,-8.85009765625,141.4680938720703,73.73885345458984,284.488037109375,-0.9780514240264891,-0.0236902087926864,-0.2070125788450241,-11.75806713104248,22.68323516845703,138.56546020507812,-16.2353515625,-129.82177734375,-113.037109375,150.1741943359375,75.11742401123047,293.11669921875,-0.7919226288795471,-0.444398820400238,-0.4187698662281036,-12.215274810791016,23.093019485473633,138.26966857910156,1.220703125,96.86279296875,74.64599609375,148.97158813476562,74.86405944824219,292.0377197265625,-0.7919898629188538,-0.4632866680622101,-0.3976400196552276,-11.020737648010254,25.892654418945312,138.1984100341797,81.23779296875,166.80908203125,10.80322265625,141.0435791015625,73.16144561767578,284.17218017578125,-0.9799029231071472,0.109469786286354,-0.1667531430721283,-9.75114631652832,26.750186920166016,139.2589111328125,-58.77685546875,-91.064453125,49.6826171875,136.3323974609375,72.25978088378906,279.7396545410156,-0.6085801720619202,-0.7033835053443909,0.3672624826431274,-10.359336853027344,25.97977066040039,139.10337829589844,-4.82177734375,2.5634765625,2.50244140625,138.80087280273438,73.04928588867188,282.0835266113281,-0.9326165914535522,-0.2195330411195755,-0.2864114642143249,walking,walking
-10.499902725219728,25.6787109375,138.97994995117188,0.6103515625,-7.8125,-7.99560546875,141.40322875976562,73.5593032836914,284.4162292480469,-0.9622849225997924,-0.0332670621573925,-0.2700020372867584,-10.586629867553713,25.305850982666016,138.84642028808594,6.8359375,-30.70068359375,-5.7373046875,145.16148376464844,74.24097442626953,287.9510498046875,-0.9835322499275208,0.0385210998356342,-0.1765799224376678,-10.989180564880373,23.94719696044922,138.71774291992188,-53.16162109375,-193.4814453125,-53.16162109375,149.32650756835938,74.97714233398438,291.9578552246094,-0.9579752683639526,-0.1031015515327453,-0.2676813006401062,-12.385490417480469,22.6225643157959,137.8997039794922,11.23046875,101.74560546875,39.9169921875,151.479248046875,75.20352935791016,293.9895324707031,-0.658467710018158,-0.7028752565383911,-0.2690478265285492,-9.48925495147705,27.125141143798828,138.3534393310547,134.6435546875,53.7109375,68.603515625,137.0000457763672,71.9093017578125,279.4159851074219,-0.7050386071205139,0.6664251685142517,-0.242482990026474,-10.250070571899414,25.262741088867188,138.37405395507812,-5.37109375,-11.5966796875,-5.92041015625,139.8094024658203,73.08030700683594,282.4771728515625,-0.9605079889297484,-0.1026965826749801,-0.2586075663566589,-10.6050443649292,24.706283569335938,138.08921813964844,3.72314453125,-30.45654296875,-5.615234375,146.2248077392578,74.32133483886719,288.4766540527344,-0.9911474585533142,0.0048079192638397,-0.1326781213283538,-11.111211776733398,23.311756134033203,137.9318084716797,-65.97900390625,-190.61279296875,-57.4951171875,150.5003204345703,75.00349426269531,292.2838439941406,-0.9309220910072328,-0.2683486938476562,-0.2477356195449829,-11.108091354370115,24.258132934570312,137.11473083496094,106.3232421875,193.78662109375,5.18798828125,145.78224182128906,74.24488830566406,287.50982666015625,-0.9878942966461182,0.0950689390301704,-0.1225840896368026,-9.440597534179688,26.165483474731445,138.25003051757812,-57.80029296875,-76.66015625,45.166015625,138.0785369873047,72.87908935546875,280.418701171875,-0.6317520141601562,-0.7556555271148682,-0.1728412210941314,-10.492873191833496,24.823158264160156,137.93008422851562,1.89208984375,0.6103515625,-3.173828125,142.78927612304688,74.29278564453125,284.9526672363281,-0.9641972184181212,-0.0472269654273986,-0.2609469592571258,-10.944061279296877,22.91352653503418,137.81008911132812,-48.33984375,-213.43994140625,-41.259765625,151.7150115966797,75.72193145751953,293.15191650390625,-0.9728038907051086,-0.1663433760404586,-0.1611904948949813,walking,walking
-11.390677452087402,21.94106674194336,137.594482421875,-8.6669921875,176.20849609375,41.44287109375,152.6193084716797,75.56370544433594,294.4059143066406,-0.9381260871887208,-0.2228912413120269,-0.2650263607501983,-9.653607368469238,26.28478240966797,137.9634552001953,80.99365234375,111.572265625,19.8974609375,139.81195068359375,72.27654266357422,281.8164978027344,-0.8024373054504395,0.5715516209602356,-0.1715316176414489,-10.022733688354492,24.94380569458008,137.79710388183594,0.06103515625,-9.09423828125,-1.8310546875,142.4571990966797,73.33758544921875,284.268310546875,-0.9654110074043274,-0.1886746883392334,-0.179953932762146,-10.211429595947266,24.79696273803711,137.67172241210938,-0.06103515625,-1.0986328125,-4.7607421875,144.8718719482422,73.8772964477539,286.37408447265625,-0.9659344553947448,-0.0792446509003639,-0.2463552057743072,-10.376946449279783,24.670879364013672,137.5245361328125,4.0283203125,-6.591796875,-6.103515625,147.6380157470703,74.3706283569336,288.97137451171875,-0.9686793684959412,0.0302712302654981,-0.2464628517627716,-10.191152572631836,24.842042922973633,136.4598388671875,79.9560546875,205.62744140625,12.451171875,147.06381225585938,73.77680969238281,287.5572814941406,-0.9822899103164672,0.0951869338750839,-0.1613875329494476,-9.18415355682373,26.535987854003903,137.43226623535156,-34.24072265625,-28.01513671875,22.8271484375,141.6375732421875,72.59510040283203,282.7221374511719,-0.7813512682914734,0.5464393496513367,-0.3014868795871734,-9.412175178527832,25.388202667236328,137.32337951660156,9.09423828125,-1.52587890625,-1.03759765625,144.41494750976562,73.87783813476562,285.4397888183594,-0.9553995728492736,-0.1347527652978897,-0.2627799212932586,-10.534419059753418,23.364599227905273,136.10023498535156,17.4560546875,218.81103515625,6.28662109375,153.1431121826172,75.1174545288086,293.3084411621094,-0.9512028694152832,-0.1492830365896225,-0.2700513303279876,-9.915897369384766,25.355899810791016,135.7935791015625,72.021484375,165.6494140625,-1.3427734375,147.19110107421875,73.69769287109375,287.0738830566406,-0.9341490268707277,0.2539456188678741,-0.250753253698349,-9.77784538269043,26.408422470092773,134.8054656982422,1.28173828125,-54.99267578125,-42.90771484375,143.43014526367188,72.6487045288086,282.499755859375,-0.7739476561546326,-0.6037647724151611,-0.1909793019294738,-9.72870922088623,25.722055435180664,134.93350219726562,0.79345703125,-38.6962890625,2.44140625,143.97003173828125,73.04354858398438,283.33123779296875,-0.932835042476654,-0.234621062874794,-0.27344411611557,walking,walking
-9.893292427062988,25.357778549194336,134.79885864257812,4.57763671875,-1.28173828125,-1.3427734375,148.0841522216797,73.81854248046875,286.91644287109375,-0.9506117701530457,-0.0960825756192207,-0.2951362133026123,-9.939687728881836,24.909887313842773,134.69361877441406,9.521484375,-34.24072265625,-8.544921875,152.40647888183594,74.55887603759766,290.6927795410156,-0.9736619591712952,0.0729943066835403,-0.2159959524869918,-9.633007049560549,22.87441635131836,133.69911193847656,118.7744140625,-69.76318359375,-158.02001953125,156.36199951171875,75.42623138427734,292.8705749511719,-0.8735015392303467,-0.4242810308933258,-0.2387064844369888,-8.645011901855469,25.19791030883789,130.77340698242188,106.3232421875,203.67431640625,-127.8076171875,147.16683959960938,74.4573974609375,281.2944030761719,-0.9827412366867064,0.0569841936230659,0.1759898662567138,-9.131991386413574,26.03561782836914,126.63590240478516,-5.7373046875,-21.484375,-0.79345703125,145.62667846679688,72.83891296386719,276.4430847167969,-0.9441465139389038,-0.1781164109706878,-0.2772400379180908,-9.026488304138184,25.862548828125,126.67517852783205,14.09912109375,-0.18310546875,4.33349609375,147.08876037597656,72.93272399902344,277.5679016113281,-0.9127492308616638,-0.2021744400262832,-0.3549849390983581,-8.957137107849121,25.686906814575195,126.62093353271484,11.8408203125,-5.7373046875,-1.3427734375,149.1841278076172,73.07891082763672,279.2677917480469,-0.9189192056655884,-0.1450672894716262,-0.366800993680954,-9.033534049987791,25.437265396118164,126.4917221069336,10.1318359375,-14.0380859375,-5.37109375,151.4385528564453,73.39225006103516,281.2376708984375,-0.8665414452552795,-0.0077566308900713,-0.4990448653697967,-9.031335830688477,24.968406677246097,126.37228393554688,16.11328125,-59.50927734375,-12.75634765625,153.6685333251953,73.82849884033203,283.0224914550781,-0.9707419872283936,0.0493025854229927,-0.2350089848041534,-8.169434547424316,23.439891815185547,124.55413055419922,50.1708984375,117.49267578125,-116.3330078125,155.95106506347656,74.69176483154297,283.0528869628906,-0.8045395016670227,-0.544927716255188,0.2361567616462707,-7.994755268096924,26.26219940185547,122.59284210205078,58.89892578125,194.39697265625,-114.56298828125,148.07418823242188,73.05138397216797,273.699951171875,-0.9888548851013184,0.1485949754714965,0.0092577654868364,-8.07589340209961,26.267152786254883,121.30944061279295,15.68603515625,-41.8701171875,-2.01416015625,145.54339599609375,72.32501983642578,270.4526062011719,-0.95887553691864,-0.1888694167137146,-0.2118632197380066,walking,walking
-9.03784465789795,25.12990379333496,120.25200653076172,74.15771484375,200.01220703125,43.8232421875,154.13641357421875,73.30352783203125,278.470703125,-0.9856988191604614,0.0324977375566959,-0.1653532236814499,-8.2724609375,27.240705490112305,120.94056701660156,16.78466796875,100.40283203125,67.93212890625,146.50283813476562,71.627197265625,271.13922119140625,-0.946821391582489,0.291903406381607,-0.135357066988945,-8.227875709533691,26.676734924316406,121.09925079345705,-10.25390625,-103.57666015625,0.0,145.6309356689453,72.01890563964844,270.9729309082031,-0.9484691619873048,-0.2785753309726715,-0.1510034501552581,-8.422174453735352,26.201025009155273,121.03992462158205,1.5869140625,0.48828125,-1.15966796875,148.76577758789062,72.89227294921875,273.8803405761719,-0.9577382206916808,-0.1096864342689514,-0.2659065127372741,-8.635357856750488,25.837621688842773,120.83924865722656,8.85009765625,-29.296875,-3.84521484375,152.52603149414062,73.61994934082031,277.3884582519531,-0.976784348487854,0.0469353348016738,-0.209020048379898,-8.83031177520752,24.729738235473633,120.74803161621094,-20.751953125,-159.66796875,-34.11865234375,156.4185333251953,74.17137145996094,280.8399353027344,-0.9828879237174988,-0.1690436750650406,-0.0731822177767753,-9.414363861083984,23.461355209350582,119.7225570678711,-7.080078125,179.38232421875,16.78466796875,158.26100158691406,74.2789077758789,282.6889343261719,-0.8507983684539795,-0.5150299072265625,-0.1043379604816436,-8.015844345092773,27.705835342407227,120.6220474243164,13.36669921875,87.82958984375,113.28125,145.6893310546875,71.3719253540039,270.6491394042969,-0.5137076377868652,0.8155955672264099,-0.2662860751152038,-8.19808292388916,26.723501205444336,120.5110321044922,-23.74267578125,-76.11083984375,-1.89208984375,148.04798889160156,72.34049987792969,273.1849365234375,-0.992877185344696,-0.0052953450940549,-0.1190249174833297,-8.262412071228027,26.42140769958496,120.41950225830078,-0.244140625,-4.45556640625,-4.638671875,150.36549377441406,73.00528717041016,275.31878662109375,-0.9677707552909852,-0.0808050781488418,-0.2385167479515075,-8.431510925292969,26.224590301513672,120.27653503417967,5.859375,-15.380859375,-5.0048828125,153.03306579589844,73.50834655761719,277.8010559082031,-0.9804353713989258,0.0281852222979068,-0.1948128044605255,-8.503028869628906,25.727313995361328,120.26853942871094,1.52587890625,-61.82861328125,-4.21142578125,156.05780029296875,73.99638366699219,280.7623596191406,-0.9868304133415222,-0.0019385975319892,-0.1617464572191238,walking,walking
-9.213597297668455,24.585927963256836,119.3612060546875,54.443359375,229.67529296875,48.095703125,157.10592651367188,73.9615478515625,281.71771240234375,-0.9904786944389344,-0.010227246209979,-0.1372857391834259,-7.910232543945312,27.234405517578125,119.36712646484376,132.8125,107.23876953125,24.2919921875,148.49623107910156,71.9888916015625,272.6407165527344,-0.8886600136756897,0.4135176837444305,-0.1982082426548004,-8.064260482788086,26.7463436126709,119.4277114868164,6.103515625,-1.46484375,-1.0986328125,150.44119262695312,72.80540466308594,274.7047424316406,-0.9630610942840576,-0.1402745097875595,-0.2298615872859954,-8.174027442932129,26.648963928222656,119.33185577392578,0.732421875,-3.5400390625,-5.92041015625,152.06723022460938,73.0889663696289,276.2342529296875,-0.9689385890960692,-0.0279025509953498,-0.2457224726676941,-9.224040031433104,23.52982711791992,119.07837677001952,-98.93798828125,-291.56494140625,-46.56982421875,161.78085327148438,74.32429504394531,285.54498291015625,-0.8924774527549744,-0.016112932935357,-0.450804054737091,-7.255125045776367,27.883766174316406,118.77261352539062,181.5185546875,124.51171875,83.80126953125,148.46994018554688,71.50811767578125,272.159912109375,-0.8799837827682495,0.3614874184131622,-0.3081483840942383,-6.8406524658203125,28.382539749145508,119.32513427734376,-6.04248046875,-35.33935546875,37.41455078125,148.3347625732422,71.70671844482422,272.3741760253906,-0.8387387990951538,0.5112050175666809,-0.1875810474157333,-7.78018045425415,26.995162963867188,118.99102020263672,-7.99560546875,-8.1787109375,-4.638671875,150.83108520507812,72.66532897949219,275.2122497558594,-0.9619301557540894,-0.0843421146273613,-0.2599552869796753,-7.92250919342041,26.898862838745117,118.89582824707033,0.6103515625,-0.06103515625,-3.41796875,152.01998901367188,72.90128326416016,276.2788391113281,-0.969021737575531,-0.0759651511907577,-0.2350026220083236,-8.008657455444336,26.82755470275879,118.81792449951172,2.25830078125,-1.40380859375,-3.60107421875,153.53948974609375,73.122802734375,277.6897888183594,-0.9695412516593932,-0.0533253401517868,-0.2390524893999099,-8.856590270996094,24.528810501098633,118.43537902832033,-86.36474609375,-257.87353515625,-72.69287109375,161.96311950683594,74.15006256103516,285.5104064941406,-0.9288144707679749,-0.2024832367897033,-0.3103293776512146,-9.210664749145508,25.393030166625977,117.86568450927734,71.22802734375,218.017578125,32.5927734375,158.1712646484375,73.61528778076172,282.15283203125,-0.9921874403953552,0.0103097660467028,-0.1243296563625335,walking,walking
-7.435939311981201,28.155244827270508,118.1227798461914,118.65234375,116.02783203125,-0.79345703125,148.12841796875,71.57577514648438,271.79681396484375,-0.888961911201477,0.4472548365592956,-0.0985387191176414,-7.271262168884277,27.592708587646484,118.4168930053711,0.6103515625,-158.14208984375,-17.4560546875,149.2713623046875,72.09245300292969,273.5337219238281,-0.7464699149131775,0.5601748824119568,-0.3591473996639251,-7.737167358398437,26.99518585205078,118.35364532470705,1.15966796875,-5.37109375,-0.18310546875,151.61724853515625,72.61399841308594,275.78070068359375,-0.9427592754364014,-0.1830105036497116,-0.2787689864635467,-8.02277660369873,26.735027313232425,118.14874267578124,3.60107421875,-5.2490234375,-5.2490234375,155.5596923828125,73.18424987792969,279.39886474609375,-0.9684010744094848,-0.0086857043206691,-0.2492467314004898,-8.09188461303711,26.452451705932617,118.06932067871094,4.69970703125,-31.67724609375,-3.60107421875,158.1142120361328,73.51575469970703,281.83929443359375,-0.986059546470642,0.0483612567186355,-0.1592095792293548,-8.942370414733887,22.575380325317383,117.53797149658205,16.66259765625,-144.83642578125,-119.0185546875,166.10194396972656,74.20556640625,289.5362548828125,-0.8749576807022095,-0.2173316329717636,-0.4326847493648529,-6.827866077423096,28.43045425415039,117.50110626220705,62.68310546875,44.5556640625,66.22314453125,149.79696655273438,71.83467102050781,272.98785400390625,-0.5609489679336548,0.8177838325500488,-0.128708466887474,-7.337881565093994,26.81200408935547,117.64693450927734,1.15966796875,-16.845703125,-5.37109375,153.64556884765625,73.02426147460938,277.3149719238281,-0.9513683319091796,-0.1311291009187698,-0.2787531912326813,-7.503355503082275,26.716480255126953,117.56120300292967,-5.06591796875,-1.77001953125,-3.173828125,155.25267028808594,73.25849151611328,278.7789001464844,-0.9660298228263856,-0.0396699421107769,-0.2553676664829254,-7.7068610191345215,26.374021530151367,117.3868179321289,5.7373046875,-29.23583984375,-2.5634765625,159.86627197265625,73.79408264160156,283.078369140625,-0.9744122624397278,0.0258509013801813,-0.223276749253273,-8.75759220123291,23.77103614807129,117.17564392089844,-121.64306640625,-283.203125,-62.3779296875,166.21627807617188,74.30350494384766,289.14971923828125,-0.8818665742874146,-0.1254250705242157,-0.4545106589794159,-8.321054458618164,25.91815757751465,116.47433471679688,81.72607421875,243.71337890625,26.85546875,157.6299285888672,73.28755187988281,280.51171875,-0.9890288710594176,0.0673353523015976,-0.131483718752861,walking,walking
-6.726527214050293,27.881196975708008,117.12736511230467,-30.21240234375,-44.189453125,22.15576171875,150.47430419921875,72.15644073486328,273.503662109375,-0.7344875931739807,0.6328540444374084,-0.2449974715709686,-7.634157180786133,26.451251983642575,116.60343170166016,7.01904296875,-5.37109375,-0.732421875,153.5731658935547,73.24542999267578,276.8382568359375,-0.9667168259620668,-0.1089908480644226,-0.2314724177122116,-7.885249614715576,26.13936233520508,116.3882064819336,5.67626953125,-22.216796875,-4.5166015625,158.05345153808594,73.86786651611328,280.9830322265625,-0.9847558736801147,0.027640014886856,-0.1717323362827301,-8.24949836730957,24.17595863342285,116.38018035888672,-43.27392578125,-250.8544921875,-29.35791015625,163.92904663085938,74.45762634277344,286.43035888671875,-0.9838752150535583,-0.1125340163707733,-0.1390169709920883,-8.864397048950195,23.21225357055664,115.57112884521484,-45.2880859375,114.92919921875,-34.97314453125,166.03927612304688,74.48960876464844,288.542236328125,-0.8005010485649109,-0.5871738791465759,-0.1201037466526031,-8.776411056518555,25.362504959106445,115.56122589111328,37.2314453125,238.83056640625,42.1142578125,160.55984497070312,73.57144165039062,283.4222717285156,-0.9649388790130616,-0.0024476498365402,-0.2624633610248565,-7.763166427612305,28.01721954345703,115.71492004394533,71.044921875,123.71826171875,14.70947265625,151.687744140625,71.78508758544922,274.2619934082031,-0.8393981456756592,0.510093092918396,-0.187658742070198,-7.306854724884033,28.15351295471191,116.22854614257812,-36.4990234375,-58.59375,27.9541015625,151.95848083496094,71.99762725830078,274.82025146484375,-0.7963539361953735,0.5522024035453796,-0.2467651665210724,-7.5307183265686035,26.99772071838379,116.2819595336914,-40.34423828125,-60.48583984375,-16.90673828125,153.4315185546875,72.61611938476562,276.59552001953125,-0.9663864374160768,-0.0761067345738411,-0.2455710619688034,-7.749929904937744,26.816604614257812,116.1745147705078,-4.638671875,-4.57763671875,-4.5166015625,155.48611450195312,73.04769134521484,278.5087890625,-0.97263765335083,-0.0919235572218895,-0.2133682668209076,-7.917812347412109,26.688817977905273,116.03759002685548,3.90625,-3.96728515625,-4.5166015625,157.88934326171875,73.40982055664062,280.7294006347656,-0.9784838557243348,0.0133186466991901,-0.2058931738138198,-7.966597080230713,26.414525985717773,115.98958587646484,4.45556640625,-31.8603515625,-2.62451171875,160.3770751953125,73.70549774169922,283.1126708984375,-0.9743057489395142,0.0250581074506044,-0.2238312810659408,walking,walking
-8.44946002960205,25.117137908935547,115.81576538085938,-56.45751953125,-187.07275390625,-47.42431640625,164.71990966796875,74.14384460449219,287.13824462890625,-0.9805417060852052,-0.0634715929627418,-0.1857669800519943,-9.370616912841797,23.28217124938965,114.89364624023438,23.4375,-58.28857421875,-156.92138671875,168.10061645507812,74.43482971191406,290.1350402832031,-0.6026681065559387,-0.7973762154579163,-0.0313413515686988,-8.849853515625,25.70491600036621,115.111328125,60.302734375,220.27587890625,40.95458984375,161.32772827148438,73.78246307373047,284.0246887207031,-0.9703460335731506,0.1755049675703048,-0.1662122905254364,-7.948490142822266,27.48929977416992,115.306884765625,78.18603515625,134.765625,64.27001953125,155.36981201171875,72.7089614868164,277.8669738769531,-0.8928284049034119,0.3258486688137054,-0.3109341263771057,-7.360355377197266,27.064132690429688,115.96736907958984,-40.8935546875,-46.630859375,-15.380859375,154.42059326171875,73.06999969482422,277.2912292480469,-0.9649917483329772,-0.0581417642533779,-0.2557545304298401,-7.560518264770508,26.92399024963379,115.87779235839844,0.244140625,-0.91552734375,-1.3427734375,156.54660034179688,73.38294982910156,279.2879638671875,-0.93183434009552,-0.1845324039459228,-0.3124620020389557,-7.737655639648437,26.80852699279785,115.74425506591795,2.0751953125,-1.89208984375,-4.7607421875,159.15838623046875,73.65817260742188,281.67413330078125,-0.9686140418052672,-0.0070246895775198,-0.2484700679779052,-7.853277206420898,26.32965850830078,115.6472396850586,-1.40380859375,-49.072265625,-7.75146484375,163.15557861328125,74.06318664550781,285.4487609863281,-0.982172429561615,0.0714513435959816,-0.1738736629486084,-8.51551628112793,24.294248580932617,115.5555191040039,-89.599609375,-275.2685546875,-45.83740234375,167.80661010742188,74.39690399169922,289.7217712402344,-0.9188245534896852,-0.1787954121828079,-0.3518432080745697,-8.487130165100098,27.42129135131836,115.09729766845705,38.63525390625,163.02490234375,41.07666015625,157.4869384765625,72.62097930908203,279.8684387207031,-0.941595196723938,0.1855002641677856,-0.281048446893692,-7.535520553588867,28.455751419067383,115.81192016601562,52.79541015625,106.8115234375,111.328125,152.9942169189453,72.00469207763672,275.681396484375,-0.6517518758773804,0.7330560088157654,-0.1945465952157974,-7.316869258880615,27.794038772583008,116.36347198486328,3.0517578125,-130.67626953125,17.578125,153.59649658203125,72.46300506591797,276.8846435546875,-0.9885320663452148,0.1327562183141708,0.0719739347696304,walking,walking
-7.804653167724609,27.14495086669922,116.30250549316406,-28.25927734375,-36.4990234375,-14.70947265625,155.27743530273438,72.987548828125,278.61663818359375,-0.984255850315094,-0.0453290715813636,-0.1708382070064544,-8.110520362854004,26.973609924316406,116.13619995117188,-0.9765625,0.9765625,-2.685546875,157.91224670410156,73.43962860107422,281.08221435546875,-0.9700828194618224,-0.0755924135446548,-0.2307056784629821,-8.204374313354492,26.8984375,116.05899810791016,4.39453125,-2.9296875,-1.8310546875,159.68597412109375,73.6334228515625,282.74139404296875,-0.9813434481620787,-0.0100644938647747,-0.1919995844364166,-8.258306503295898,26.636621475219727,116.01946258544922,4.150390625,-30.2734375,-2.50244140625,162.20701599121094,73.89698028564453,285.23602294921875,-0.978851079940796,0.0444689355790615,-0.1996826231479644,-9.702908515930176,23.601757049560547,115.49893951416016,3.72314453125,-83.43505859375,-101.6845703125,169.2944793701172,74.24662017822266,292.33837890625,-0.902548849582672,-0.3536927998065948,-0.2455749809741974,-9.87285327911377,25.745840072631836,115.80994415283205,22.39990234375,192.44384765625,79.345703125,164.27188110351562,73.21485900878906,288.39459228515625,-0.926077365875244,0.094696469604969,-0.3652577996253967,-9.055347442626951,27.856260299682617,117.0196762084961,4.08935546875,51.81884765625,81.60400390625,156.3978729248047,71.76614379882812,281.23004150390625,-0.9309353828430176,0.1875271797180175,-0.3133574724197387,-8.24704647064209,28.627119064331055,118.2531280517578,19.47021484375,16.17431640625,130.4931640625,153.4377899169922,71.42929077148438,278.9849548339844,-0.6970980763435364,0.6418360471725464,-0.3195321559906006,-8.008443832397461,27.68134117126465,118.9325942993164,-8.11767578125,-48.15673828125,-1.953125,153.82913208007812,72.13311004638672,280.0130920410156,-0.9816132187843324,-0.1237180456519126,-0.1453593224287033,-8.112479209899902,27.558069229125977,118.89730072021484,1.3427734375,2.86865234375,2.25830078125,154.3931884765625,72.43327331542969,280.53173828125,-0.9706037640571594,-0.1593192666769027,-0.1804039031267166,-8.261590003967285,27.43995475769043,118.81243896484376,1.64794921875,-2.62451171875,-2.13623046875,155.2197723388672,72.70558166503906,281.2131652832031,-0.9645476937294006,-0.181596577167511,-0.1914954185485839,-8.491581916809082,27.34794235229492,118.6977081298828,-3.0517578125,0.0,-1.46484375,157.16314697265625,72.91057586669922,283.01239013671875,-0.97105211019516,-0.0573424510657787,-0.2318828105926513,walking,walking
-8.536972045898438,27.1956729888916,118.6846694946289,7.2021484375,-15.2587890625,3.2958984375,159.51058959960938,73.17119598388672,285.492431640625,-0.9894869923591614,-0.1198307648301124,-0.0809693112969398,-9.215147018432615,26.862140655517575,119.13536071777344,-64.14794921875,38.6962890625,26.3671875,161.05772399902344,73.2881088256836,288.0867004394531,-0.9764792919158936,-0.2094960063695907,0.0509861297905445,-9.174246788024902,27.884897232055664,120.0221939086914,2.74658203125,41.44287109375,91.36962890625,157.54347229003906,72.30380249023438,285.22509765625,-0.7971351146697998,0.4355221390724182,-0.4182057380676269,-8.813214302062988,27.32063102722168,120.26004791259766,7.6904296875,2.38037109375,0.91552734375,156.77645874023438,72.24906158447266,284.2632141113281,-0.9792787432670592,-0.1246138215065002,-0.1596391201019287,-8.843381881713867,27.26180648803711,120.2340087890625,2.99072265625,2.74658203125,0.9765625,156.86273193359375,72.31710052490234,284.3081970214844,-0.9795105457305908,-0.1413206309080124,-0.1434836983680725,-8.942298889160156,27.174232482910156,120.17791748046876,1.28173828125,3.5400390625,0.67138671875,157.12786865234375,72.42962646484375,284.5386962890625,-0.9828529953956604,-0.1046401560306549,-0.1518237888813018,-9.05854606628418,27.056625366210938,120.1115264892578,1.40380859375,3.2958984375,0.6103515625,157.33868408203125,72.53845977783203,284.6960144042969,-0.9836898446083068,-0.1077329069375991,-0.1440420001745224,-9.110687255859377,26.997522354125977,120.08466339111328,1.77001953125,2.8076171875,1.15966796875,157.48902893066406,72.58699035644531,284.80877685546875,-0.9814403057098388,-0.1038453429937362,-0.1612177938222885,-9.164203643798828,26.932931900024418,120.05359649658205,1.64794921875,2.685546875,0.42724609375,157.67462158203125,72.63277435302734,284.9553527832031,-0.9814819693565368,-0.1115538030862808,-0.1557204872369766,-9.24875545501709,26.83975601196289,120.00738525390624,1.28173828125,2.9296875,0.42724609375,157.95753479003906,72.6947021484375,285.1949157714844,-0.9824612140655518,-0.0988918468356132,-0.1580834686756134,-9.337946891784668,26.748802185058594,119.9573211669922,1.03759765625,3.11279296875,0.1220703125,158.22653198242188,72.7467041015625,285.4165954589844,-0.982814610004425,-0.1076004281640052,-0.1499921083450317,-9.424360275268556,26.65279006958008,119.90904235839844,1.15966796875,2.9296875,0.42724609375,158.50924682617188,72.79942321777344,285.6537780761719,-0.983994483947754,-0.098016008734703,-0.1488213837146759,walking,walking
-9.506121635437012,26.559919357299805,119.8654327392578,1.220703125,2.9296875,0.54931640625,158.77467346191406,72.84940338134766,285.8705749511719,-0.9847805500030518,-0.0975671112537384,-0.143833577632904,-9.55410099029541,26.496437072753903,119.83771514892578,1.28173828125,3.23486328125,0.3662109375,158.92645263671875,72.8811264038086,285.988525390625,-0.9853800535202026,-0.0954941287636756,-0.1410925686359405,-9.60377597808838,26.43128204345703,119.80899047851562,1.220703125,2.74658203125,0.30517578125,159.08006286621094,72.9133529663086,286.10845947265625,-0.9846388697624208,-0.1035828068852424,-0.1405594646930694,-9.654952049255373,26.365449905395508,119.78060150146484,1.15966796875,2.74658203125,0.54931640625,159.24607849121094,72.95259094238281,286.2518615722656,-0.9834340810775756,-0.1050641611218452,-0.1477127820253372,-9.774569511413574,26.20399284362793,119.7115249633789,1.46484375,2.9296875,0.48828125,159.6428985595703,73.04840850830078,286.5693054199219,-0.9854313731193542,-0.1003879755735397,-0.1372847557067871,-9.820369720458984,26.137136459350582,119.68451690673828,1.40380859375,2.8076171875,0.3662109375,159.79556274414062,73.08789825439453,286.6932067871094,-0.9857205152511596,-0.0969757884740829,-0.1376624107360839,-9.867340087890623,26.07218360900879,119.65872192382812,1.46484375,2.9296875,0.732421875,159.9518585205078,73.12825775146484,286.819091796875,-0.9853558540344238,-0.0998541861772537,-0.1382135301828384,-9.97974681854248,25.906320571899418,119.59679412841795,1.15966796875,2.99072265625,0.30517578125,160.31568908691406,73.23402404785156,287.1072692871094,-0.985871195793152,-0.1002154722809791,-0.1342192888259887,-10.044682502746582,25.80601692199707,119.56044006347656,1.46484375,2.9296875,0.67138671875,160.53677368164062,73.2995834350586,287.28643798828125,-0.9851570129394532,-0.0973394662141799,-0.1413882672786712,-10.13683032989502,25.674335479736328,119.50983428955078,1.28173828125,2.9296875,0.54931640625,160.8365478515625,73.38671875,287.53167724609375,-0.9862836599349976,-0.0943088755011558,-0.1354640126228332,-10.17786979675293,25.60633087158203,119.48561096191406,1.52587890625,2.9296875,0.54931640625,160.98306274414062,73.42786407470703,287.6477355957031,-0.9853638410568236,-0.0999627113342285,-0.1380779892206192,-10.241243362426758,25.506406784057617,119.44940948486328,1.3427734375,3.173828125,0.6103515625,161.22055053710938,73.48974609375,287.8392639160156,-0.9850006103515624,-0.1003952175378799,-0.1403373926877975,walking,walking
-10.32619285583496,25.373870849609375,119.40237426757812,1.40380859375,2.8076171875,0.6103515625,161.51405334472656,73.57270050048828,288.07830810546875,-0.9854904413223268,-0.09623883664608,-0.1398096531629562,-10.413040161132812,25.24086570739746,119.35508728027344,1.3427734375,2.8076171875,0.6103515625,161.81248474121094,73.65021514892578,288.3199768066406,-0.985933005809784,-0.0968198701739311,-0.1362428069114685,-10.517230987548828,25.06889533996582,119.29924774169922,1.3427734375,2.74658203125,0.54931640625,162.20919799804688,73.74772644042969,288.64666748046875,-0.9853428602218628,-0.0976714193820953,-0.1398558914661407,-10.558510780334473,25.00010681152344,119.27584838867188,1.3427734375,2.99072265625,0.6103515625,162.34881591796875,73.78540802001953,288.7549743652344,-0.9858527779579164,-0.0939421579241752,-0.138813629746437,-10.680415153503418,24.795799255371097,119.21068572998048,1.220703125,2.9296875,0.732421875,162.75677490234375,73.89653015136719,289.0709228515625,-0.9850228428840636,-0.1033584550023078,-0.1380111128091812,-10.721307754516602,24.727895736694336,119.19026184082033,1.3427734375,2.9296875,0.732421875,162.87942504882812,73.93737030029297,289.1726379394531,-0.9846178889274596,-0.1049094796180725,-0.1397197991609573,-10.761130332946776,24.660512924194336,119.16958618164062,1.15966796875,3.11279296875,0.67138671875,163.02975463867188,73.97504425048828,289.2924499511719,-0.9861326813697816,-0.1022203415632247,-0.1307413727045059,-10.86833667755127,24.448707580566406,119.11003112792967,1.220703125,2.99072265625,0.48828125,163.5274658203125,74.08641815185547,289.6978759765625,-0.9863672852516174,-0.0989842489361763,-0.1314597129821777,-10.915019989013672,24.342493057250977,119.08332824707033,1.28173828125,2.9296875,0.54931640625,163.77781677246094,74.14350891113281,289.9011535644531,-0.9855040907859802,-0.1041726097464561,-0.1339019685983657,-10.985733032226562,24.20163345336914,119.04459381103516,1.28173828125,2.99072265625,0.6103515625,164.1036376953125,74.22483825683594,290.1684265136719,-0.9859107732772828,-0.098591074347496,-0.1351284831762313,-11.01801872253418,24.130382537841797,119.02666473388672,1.28173828125,2.99072265625,0.79345703125,164.26290893554688,74.26663970947266,290.2998962402344,-0.9858338832855223,-0.1015903651714325,-0.1334571540355682,-11.0671968460083,24.02397918701172,118.99996185302734,1.220703125,2.9296875,0.54931640625,164.50828552246094,74.32758331298828,290.50140380859375,-0.9860376715660096,-0.0975017845630645,-0.1349932551383972,walking,walking
-11.13364028930664,23.881303787231445,118.96177673339844,1.28173828125,2.99072265625,0.6103515625,164.8545379638672,74.40618133544922,290.7880859375,-0.9851154685020448,-0.1042075902223587,-0.1367050111293792,-11.164366722106934,23.809083938598633,118.94377899169922,1.15966796875,2.86865234375,0.54931640625,165.03271484375,74.44609832763672,290.93902587890625,-0.986169934272766,-0.0966386571526527,-0.1346466690301895,-11.18757152557373,23.734067916870117,118.92816162109376,1.3427734375,2.86865234375,0.48828125,165.2097625732422,74.48583984375,291.0851135253906,-0.9861583113670348,-0.0989272221922874,-0.1330607086420059,-11.243651390075684,23.591676712036133,118.89418029785156,1.220703125,2.86865234375,0.6103515625,165.54812622070312,74.56661224365234,291.36309814453125,-0.9862006902694702,-0.0973240211606025,-0.1339255273342132,-11.267303466796877,23.479169845581055,118.87538146972656,1.46484375,2.74658203125,0.6103515625,165.80027770996094,74.62970733642578,291.57122802734375,-0.9860644936561584,-0.0974438339471817,-0.1348392516374588,-11.321039199829102,23.255592346191406,118.83814239501952,1.52587890625,2.8076171875,0.67138671875,166.2704315185547,74.75239562988281,291.95513916015625,-0.9861158728599548,-0.0944166183471679,-0.1366053074598312,-11.347533226013184,23.182706832885746,118.82247924804688,1.52587890625,2.9296875,0.732421875,166.40829467773438,74.79275512695312,292.0603332519531,-0.9867571592330932,-0.090555690228939,-0.134574145078659,-11.418656349182127,23.1362361907959,118.78868103027344,1.46484375,2.99072265625,0.54931640625,166.55393981933594,74.83102416992188,292.17529296875,-0.9855562448501588,-0.0979330688714981,-0.1381598562002182,-11.475567817687988,23.006738662719727,118.75611114501952,1.220703125,2.9296875,0.6103515625,166.87326049804688,74.90760803222656,292.4380798339844,-0.9864277839660645,-0.0926498994231224,-0.1355589032173156,-11.485278129577637,22.96116065979004,118.74739837646484,1.3427734375,2.86865234375,0.6103515625,167.03216552734375,74.94508361816406,292.56744384765625,-0.9860695004463196,-0.0962603017687797,-0.1356504112482071,-11.469053268432615,22.90531539916992,118.74844360351562,1.3427734375,3.11279296875,0.67138671875,167.1894073486328,74.98045349121094,292.69146728515625,-0.9864275455474854,-0.0946989580988884,-0.1341368854045868,-11.55276584625244,22.86957740783691,118.7112808227539,1.15966796875,2.99072265625,0.67138671875,167.3522491455078,75.01800537109375,292.8270263671875,-0.9859556555747986,-0.0970145910978317,-0.1359401941299438,walking,walking
-11.460701942443848,22.873008728027344,118.74034118652344,1.46484375,2.86865234375,0.79345703125,167.598876953125,75.07644653320312,293.0301208496094,-0.9859817624092102,-0.097015231847763,-0.1357493698596954,-11.55857753753662,22.939453125,118.69696807861328,1.40380859375,2.9296875,0.67138671875,167.7550048828125,75.11557006835938,293.1581726074219,-0.9863836765289308,-0.0945534706115722,-0.1345614790916443,-11.45014762878418,22.9117431640625,118.73396301269533,1.46484375,3.0517578125,0.6103515625,167.92575073242188,75.15381622314453,293.2972106933594,-0.9867233633995056,-0.0947388783097267,-0.131914883852005,-11.50544548034668,22.84604263305664,118.69499969482422,1.40380859375,3.0517578125,0.48828125,168.44117736816406,75.26913452148438,293.7199401855469,-0.9861891269683838,-0.0951396599411964,-0.1355710178613662,-11.491890907287598,22.88175392150879,118.69538879394533,1.40380859375,2.8076171875,0.67138671875,168.61441040039062,75.31000518798828,293.864501953125,-0.9863262176513672,-0.094106875360012,-0.1352936029434204,-11.4484281539917,22.86451530456543,118.69955444335938,1.40380859375,3.0517578125,0.6103515625,168.96875,75.38653564453125,294.15716552734375,-0.985505759716034,-0.0970900356769561,-0.1391105055809021,-11.444673538208008,22.88616180419922,118.69305419921876,1.40380859375,2.99072265625,0.244140625,169.1449737548828,75.42658233642578,294.30224609375,-0.9868760704994202,-0.0940396711230278,-0.1312712132930755,-11.476103782653809,22.991619110107425,118.6759033203125,1.220703125,3.0517578125,0.54931640625,169.32554626464844,75.4646987915039,294.4519958496094,-0.9862452745437622,-0.0945451706647872,-0.1355787366628646,-11.511454582214355,22.937868118286133,118.6561508178711,1.3427734375,3.11279296875,0.6103515625,169.50225830078125,75.5031967163086,294.6012878417969,-0.9867011904716492,-0.0940799713134765,-0.1325508952140808,-11.433720588684082,22.979015350341797,118.6784439086914,1.03759765625,2.86865234375,0.42724609375,169.78134155273438,75.56336975097656,294.841064453125,-0.987282931804657,-0.088762030005455,-0.131885290145874,-11.404974937438965,22.91151237487793,118.68441009521484,1.220703125,2.99072265625,0.54931640625,169.9551544189453,75.60244750976562,294.984375,-0.9871593117713928,-0.0889668017625808,-0.1326697915792465,-11.43681812286377,22.879661560058594,118.6631317138672,1.40380859375,2.9296875,0.54931640625,170.19549560546875,75.66239929199219,295.1815490722656,-0.9876044392585754,-0.0860403850674629,-0.1312805861234665,walking,walking
-11.419602394104004,22.900421142578125,118.66116333007812,1.52587890625,2.99072265625,0.67138671875,170.4456787109375,75.72085571289062,295.3867492675781,-0.986964762210846,-0.0886337310075759,-0.1343298703432083,-11.397538185119627,22.93552589416504,118.65973663330078,1.52587890625,2.99072265625,0.6103515625,170.74049377441406,75.7994613647461,295.6247253417969,-0.986772894859314,-0.089728407561779,-0.1350118964910507,-11.41124439239502,22.926584243774418,118.64984893798828,1.40380859375,2.86865234375,0.732421875,170.88417053222656,75.83910369873047,295.7413635253906,-0.9865814447402954,-0.0896238684654235,-0.1364727020263672,-11.405263900756836,22.87527084350586,118.63436889648438,1.3427734375,2.9296875,0.6103515625,171.47555541992188,75.97076416015625,296.2325134277344,-0.986774206161499,-0.0930151119828224,-0.1327590197324752,-11.330416679382324,22.88630485534668,118.65721130371094,1.220703125,3.11279296875,0.48828125,171.6524658203125,76.0066909790039,296.3789978027344,-0.9873337745666504,-0.0915464460849762,-0.1295808106660843,-11.42424201965332,22.922122955322266,118.60889434814452,1.3427734375,2.8076171875,0.48828125,172.0317840576172,76.07884979248047,296.6982727050781,-0.9865189790725708,-0.0890507400035858,-0.1372965574264526,-11.308274269104004,22.90304183959961,118.64762115478516,1.28173828125,3.0517578125,0.42724609375,172.21127319335938,76.11598205566406,296.8450927734375,-0.987004280090332,-0.0917808264493942,-0.1319049000740051,-11.366588592529297,22.88293075561523,118.61875915527344,1.28173828125,2.86865234375,0.30517578125,172.3812255859375,76.15380859375,296.98358154296875,-0.9872706532478333,-0.0890535935759544,-0.1317801177501678,-11.33868408203125,22.922691345214844,118.61412811279295,1.708984375,2.86865234375,0.54931640625,172.7920379638672,76.25011444091797,297.3150939941406,-0.985701620578766,-0.1024354249238967,-0.1337883174419403,-11.326264381408691,22.953672409057617,118.61243438720705,1.220703125,2.9296875,0.42724609375,172.97903442382812,76.29335021972656,297.4740295410156,-0.9898467063903807,-0.0712689608335495,-0.1229809522628784,-11.373358726501465,22.94718360900879,118.59111785888672,1.64794921875,3.35693359375,0.91552734375,173.07891845703125,76.33907318115234,297.5469055175781,-0.9861963391304016,-0.1034513562917709,-0.1292842924594879,-11.444717407226562,22.929033279418945,118.5562973022461,1.28173828125,3.2958984375,0.79345703125,173.525634765625,76.43282318115234,297.9483337402344,-0.9850842356681824,-0.0957254320383071,-0.1429883688688278,walking,walking
-11.367974281311035,22.917173385620117,118.58179473876952,1.3427734375,2.86865234375,0.732421875,173.74398803710938,76.47281646728516,298.14251708984375,-0.9859327673912048,-0.0921308994293212,-0.1394575983285904,-11.276500701904297,22.89952278137207,118.60798645019533,1.3427734375,2.99072265625,0.42724609375,174.05099487304688,76.52900695800781,298.4056396484375,-0.9865525364875792,-0.0872917622327804,-0.1381820142269134,-11.296451568603516,22.8688907623291,118.58967590332033,1.708984375,2.62451171875,0.54931640625,174.4276580810547,76.60883331298828,298.7189025878906,-0.9867820739746094,-0.0900567695498466,-0.1347249299287796,-11.343926429748535,22.94058609008789,118.56473541259766,2.0751953125,2.685546875,0.48828125,174.61029052734375,76.64879608154297,298.86065673828125,-0.9856027364730836,-0.0828126817941665,-0.1474089622497558,-11.321294784545898,23.008771896362305,118.56719207763672,1.46484375,2.86865234375,0.48828125,174.7662811279297,76.68081665039062,298.9850769042969,-0.986222207546234,-0.0828326269984245,-0.1431940644979477,-11.377975463867188,23.049076080322266,118.5279541015625,1.220703125,2.86865234375,0.244140625,175.1944580078125,76.76408386230469,299.3395690917969,-0.9867878556251526,-0.0829515531659126,-0.139171615242958,-11.384233474731444,23.048595428466797,118.51821899414062,1.15966796875,2.99072265625,0.3662109375,175.3687744140625,76.79946899414062,299.4853210449219,-0.98797345161438,-0.0808768644928932,-0.1317859590053558,-11.40871238708496,23.034099578857425,118.50316619873048,0.8544921875,3.41796875,0.54931640625,175.5570068359375,76.83302307128906,299.6480712890625,-0.987191677093506,-0.0900932177901268,-0.1316654831171035,-11.265410423278809,22.9705867767334,118.55224609375,1.15966796875,3.0517578125,0.6103515625,175.84864807128906,76.88656616210938,299.8971252441406,-0.9867896437644958,-0.0907764956355094,-0.1341861337423324,-11.366631507873535,22.93960189819336,118.50577545166016,1.40380859375,3.0517578125,0.79345703125,176.12062072753906,76.94863891601562,300.1272277832031,-0.9874526262283324,-0.0845327451825141,-0.1333845257759094,-11.34976577758789,23.055009841918945,118.50115966796876,1.3427734375,2.9296875,0.6103515625,176.61651611328125,77.04187774658203,300.5539245605469,-0.9873495101928712,-0.0860027074813842,-0.1332081109285354,-11.387744903564451,23.036584854125977,118.47777557373048,1.5869140625,2.99072265625,0.6103515625,176.91769409179688,77.10328674316406,300.8096923828125,-0.9869091510772704,-0.0838213190436363,-0.1377835422754287,walking,walking
-11.476542472839355,23.012964248657227,118.43704986572266,1.40380859375,3.173828125,0.48828125,177.15188598632812,77.13734436035156,301.0181579589844,-0.9850873947143556,-0.0904672071337699,-0.1463510543107986,-11.28922176361084,23.051044464111328,118.49273681640624,0.79345703125,3.11279296875,0.06103515625,177.73680114746094,77.2192153930664,301.5396728515625,-0.98970365524292,-0.0728800296783447,-0.12318766862154,-11.13930606842041,23.026945114135746,118.54485321044922,1.28173828125,3.11279296875,0.67138671875,178.04100036621094,77.28038024902344,301.8064880371094,-0.9869560599327089,-0.0823163390159607,-0.1383538395166397,-10.98403263092041,23.085124969482425,118.59722900390624,2.685546875,3.11279296875,1.953125,178.31503295898438,77.3766098022461,302.00628662109375,-0.9916426539421082,-0.0537179410457611,-0.1173000112175941,-11.063108444213867,23.081134796142575,118.57257080078124,1.77001953125,2.50244140625,1.953125,178.59628295898438,77.42373657226562,302.26385498046875,-0.9826744198799132,-0.0990608930587768,-0.15664604306221,-11.2182035446167,23.14928436279297,118.50355529785156,0.42724609375,2.01416015625,-0.42724609375,179.1895294189453,77.50566864013672,302.85089111328125,-0.9856384992599488,-0.0698966234922409,-0.1537245362997055,-11.038895606994627,23.29584693908691,118.56578826904295,3.662109375,2.8076171875,1.8310546875,179.46975708007812,77.5986557006836,303.063232421875,-0.9870352745056152,-0.0622628629207611,-0.1479346305131912,-11.137255668640137,23.30830764770508,118.5218734741211,1.28173828125,2.86865234375,0.42724609375,179.64186096191406,77.62469482421875,303.2044982910156,-0.9849295616149902,-0.0760498568415641,-0.1553384214639663,-11.22118091583252,23.31434440612793,118.47907257080078,-0.42724609375,3.60107421875,-0.06103515625,-179.9976348876953,77.67727661132812,303.5687255859375,-0.986379623413086,-0.0642271339893341,-0.1514268964529037,-11.055328369140623,23.32147979736328,118.53685760498048,-0.30517578125,3.23486328125,-0.06103515625,-179.71710205078125,77.76516723632812,303.8453369140625,-0.9867888689041138,-0.0615163035690784,-0.1498782634735107,-11.051963806152344,23.33332633972168,118.53643035888672,-0.1220703125,3.96728515625,0.42724609375,-179.55575561523438,77.83145904541016,304.01788330078125,-0.9853895902633668,-0.0695484802126884,-0.1554683297872543,-11.00335693359375,23.295568466186523,118.55691528320312,0.732421875,3.662109375,1.28173828125,-179.37132263183594,77.90673828125,304.21295166015625,-0.9835364818572998,-0.0616505965590477,-0.1698683351278305,walking,walking
-10.83318042755127,23.27890396118164,118.6230926513672,3.2958984375,4.57763671875,1.52587890625,-179.4916534423828,78.02342224121094,304.0719299316406,-0.980850100517273,-0.0535539053380489,-0.1872565150260925,-10.688668251037598,23.27406311035156,118.66107940673828,5.37109375,2.50244140625,1.52587890625,-179.90806579589844,78.08058166503906,303.647216796875,-0.934739112854004,-0.2222959548234939,-0.277213454246521,-10.741599082946776,23.258298873901367,118.63312530517578,3.41796875,3.173828125,1.708984375,-179.9540252685547,78.06310272216797,303.6175842285156,-0.9618432521820068,-0.1643732637166977,-0.2187215089797973,-10.849977493286133,23.23303985595703,118.58882904052734,-0.9765625,2.44140625,0.3662109375,-179.6936798095703,78.03927612304688,303.847900390625,-0.951768696308136,-0.1944307088851928,-0.2373461276292801,-11.01931095123291,23.195920944213867,118.54714965820312,1.40380859375,3.7841796875,3.2958984375,-178.87161254882812,77.89214324951172,304.7481994628906,-0.9544904232025146,-0.2013059109449386,-0.2200544029474258,-11.080357551574709,23.142318725585938,118.5422821044922,-1.0986328125,3.0517578125,1.77001953125,-178.706298828125,77.7552261352539,305.04461669921875,-0.965178608894348,-0.1989517956972122,-0.1698485314846038,-11.184316635131836,23.227052688598633,118.55752563476562,-3.35693359375,15.68603515625,7.50732421875,-179.1889190673828,77.4571762084961,304.7144470214844,-0.9662041664123536,-0.2193417996168136,-0.1354207396507263,-11.486180305480955,24.229753494262695,121.18484497070312,-88.8671875,-30.1513671875,234.130859375,179.9988250732422,77.35807800292969,306.6165771484375,-0.8798407912254333,-0.1556050330400467,-0.4490736424922943,-11.166595458984377,24.38144302368164,123.6648406982422,-31.982421875,-13.00048828125,142.7001953125,179.635009765625,77.86426544189453,308.3208312988281,-0.9522637128829956,-0.2336075454950332,-0.1965232342481613,-9.85407543182373,24.520971298217773,125.60359191894533,20.32470703125,15.13671875,65.0634765625,175.74867248535156,78.62279510498047,305.4991760253906,-0.9849644899368286,-0.1706888973712921,0.0266486015170812,-9.394357681274414,24.86439323425293,126.1512451171875,19.53125,32.5927734375,42.29736328125,173.58421325683594,78.80354309082031,303.5855407714844,-0.9943264126777648,-0.1024428084492683,0.0286451466381549,-9.054308891296388,25.221866607666016,126.28966522216795,21.66748046875,22.88818359375,9.033203125,172.7057342529297,78.89173889160156,302.7308349609375,-0.9960926175117492,0.0741704329848289,-0.0479409545660018,walking,walking
-8.850104331970215,24.74086570739746,126.3261260986328,36.7431640625,-90.88134765625,-35.888671875,173.5968017578125,78.99172973632812,303.6138916015625,-0.9319407939910888,-0.3601484298706054,0.0421836338937282,-9.396604537963867,24.338335037231445,126.22920989990234,-17.4560546875,-4.21142578125,-3.35693359375,177.70864868164062,79.174072265625,307.6640930175781,-0.9478639960289,-0.1967487633228302,-0.2506864964962005,-9.647092819213867,24.138763427734375,126.16366577148438,-7.2021484375,-16.17431640625,-3.84521484375,179.5752716064453,79.13954162597656,309.46392822265625,-0.953035533428192,-0.1572242230176925,-0.2588506639003753,-9.78398609161377,24.04518699645996,126.0961685180664,0.30517578125,-3.0517578125,-2.13623046875,-178.57301330566406,79.07437896728516,311.26861572265625,-0.9563459157943726,-0.1242600753903389,-0.2645033001899719,-9.941253662109377,23.875198364257812,125.93594360351562,4.150390625,-11.04736328125,-7.87353515625,-173.8675079345703,78.69709014892578,315.73748779296875,-0.9705385565757751,0.025146359577775,-0.2396300137042999,-10.033638954162598,23.268938064575195,125.50171661376952,18.61572265625,-59.5703125,-72.265625,-170.18161010742188,78.60400390625,318.9484558105469,-0.9750743508338928,0.0669534429907798,-0.2115355730056762,-10.725345611572266,22.95118522644043,124.54728698730467,9.46044921875,16.29638671875,-23.8037109375,-169.2777099609375,78.62920379638672,319.3001403808594,-0.927728831768036,-0.2866959273815155,-0.2390076220035553,-10.15351390838623,24.082406997680664,124.11247253417967,54.62646484375,94.8486328125,-32.3486328125,-177.72100830078125,79.01236724853516,310.3233337402344,-0.9971231818199158,0.0561803393065929,-0.0508842281997203,-9.739354133605955,24.5419864654541,123.68516540527344,52.8564453125,36.865234375,-63.5986328125,176.4326934814453,79.09249877929688,303.78289794921875,-0.9483490586280824,0.3012922406196594,-0.0992821455001831,-9.409332275390623,24.829837799072266,123.2268524169922,21.54541015625,19.71435546875,-18.5546875,174.4213104248047,79.12165069580078,301.44195556640625,-0.8808438181877136,0.4723182320594787,0.0320907980203628,-9.941293716430664,24.441362380981445,123.22736358642578,-15.13671875,-43.64013671875,-34.3017578125,177.05966186523438,79.11839294433594,304.1863098144531,-0.8732267618179321,-0.2081332951784134,-0.4406308829784393,-10.243888854980469,24.25815200805664,122.99253845214844,1.89208984375,2.50244140625,-0.8544921875,179.23992919921875,78.99083709716797,306.11322021484375,-0.9642320871353148,-0.0999118164181709,-0.2455077767372131,walking,walking
-10.447282791137695,24.264938354492188,122.89359283447266,-3.96728515625,5.06591796875,-1.220703125,-178.8778533935547,78.78707885742188,307.843505859375,-0.9569076299667358,-0.1433657556772232,-0.2525352537631988,-10.600282669067385,24.215356826782227,122.85994720458984,5.4931640625,0.54931640625,9.46044921875,-174.12718200683594,78.50081634521484,312.57196044921875,-0.9840686321258544,-0.0359378680586814,-0.1741189658641815,-11.307473182678224,23.26526260375977,123.22756958007812,-99.2431640625,-27.40478515625,24.59716796875,-168.4113311767578,78.1185073852539,319.0051574707031,-0.970109760761261,-0.2351695448160171,-0.059853620827198,-11.643759727478027,23.63406562805176,124.2194595336914,-49.8046875,32.16552734375,174.01123046875,-171.1103057861328,77.53787994384766,317.57611083984375,-0.9378567934036256,-0.0375094152987003,-0.3449895083904266,-11.567357063293455,24.41436004638672,126.12185668945312,-60.60791015625,29.35791015625,180.84716796875,-175.0845489501953,76.8234634399414,315.37677001953125,-0.8964284658432007,0.0347730368375778,-0.4418221414089203,-10.863006591796877,25.121063232421875,131.65342712402344,6.16455078125,-80.13916015625,208.06884765625,179.25877380371094,75.91422271728516,314.14532470703125,-0.6741745471954346,0.4543369710445404,-0.5822941660881042,-10.813865661621094,25.05494499206543,131.6696014404297,2.8076171875,3.90625,6.8359375,178.20848083496094,76.2346420288086,313.0957336425781,-0.9858207106590272,-0.0287203732877969,-0.165326252579689,-11.087913513183594,24.904983520507812,131.60223388671875,0.30517578125,4.150390625,2.99072265625,177.72418212890625,76.64435577392578,312.8910827636719,-0.9859555959701538,-0.0117876846343278,-0.1665912568569183,-11.29079246520996,24.957406997680664,131.5558624267578,-9.765625,7.9345703125,2.99072265625,177.62339782714844,76.63358306884766,312.87860107421875,-0.9752323627471924,0.052500657737255,-0.2148616164922714,-11.08903980255127,25.04006004333496,131.79942321777344,-6.7138671875,-1.40380859375,7.9345703125,178.62628173828125,76.73538970947266,314.00885009765625,-0.9699529409408568,-0.0438114143908023,-0.2393152713775634,-11.105121612548828,24.6766414642334,131.7655029296875,-3.7841796875,7.38525390625,-1.0986328125,178.51023864746094,76.65351867675781,313.7620849609375,-0.9778183102607728,0.0826240852475166,-0.1924697458744049,-11.14645290374756,24.640792846679688,131.70895385742188,6.04248046875,-2.38037109375,0.79345703125,178.17955017089844,76.6085205078125,313.4096984863281,-0.9457027912139891,-0.0618956834077835,-0.319085031747818,walking,walking
-11.490951538085938,24.557710647583008,131.62045288085938,-33.26416015625,0.0,-9.21630859375,176.6435546875,76.43592071533203,311.93963623046875,-0.9490947723388672,-0.0042072911746799,-0.3149625062942505,-11.456104278564451,24.445959091186523,131.6683349609375,-11.29150390625,-2.62451171875,-2.38037109375,176.35177612304688,76.35527038574219,311.6362609863281,-0.9643514156341552,-0.0366318300366401,-0.2620773911476135,-11.548572540283203,24.363670349121097,131.62611389160156,-11.962890625,-4.94384765625,-4.638671875,176.61524963378906,76.2948226928711,311.87249755859375,-0.9387999176979064,-0.0841400027275085,-0.3340285718441009,-11.729254722595217,24.23163604736328,131.8950958251953,-9.94873046875,-1.46484375,25.45166015625,176.88156127929688,76.14665222167969,312.4361877441406,-0.9727250337600708,-0.1895881444215774,-0.1336497962474823,-11.548990249633787,24.701717376708984,132.52395629882812,-6.40869140625,29.35791015625,41.015625,176.4327392578125,76.0776138305664,312.419921875,-0.969182550907135,-0.1554935127496719,-0.1910681575536728,-11.406486511230469,24.39617156982422,132.7230682373047,18.9208984375,-12.87841796875,3.90625,176.39547729492188,75.85897827148438,312.2762451171875,-0.9268248081207277,-0.1486804783344268,-0.3448042273521423,-11.339068412780762,24.2926082611084,132.716552734375,5.7373046875,3.23486328125,1.03759765625,176.8646697998047,75.84938049316406,312.5872802734375,-0.9581327438354492,-0.1782319992780685,-0.2240872085094452,-11.451582908630373,24.19725227355957,132.666748046875,-0.30517578125,1.15966796875,0.30517578125,177.49844360351562,75.8126449584961,313.1898498535156,-0.9616125226020812,-0.1532641053199768,-0.2276211380958557,-11.469836235046388,24.0397891998291,132.66612243652344,2.13623046875,1.953125,3.2958984375,178.17019653320312,75.74346923828125,313.71124267578125,-0.957114577293396,-0.1800817996263504,-0.2269410192966461,-11.520283699035645,24.101648330688477,132.60520935058594,5.79833984375,3.84521484375,-0.54931640625,178.6933135986328,75.6917495727539,314.1530456542969,-0.955416202545166,-0.1607808619737625,-0.247647687792778,-11.519696235656738,23.954151153564453,132.61257934570312,1.89208984375,2.25830078125,0.30517578125,179.39166259765625,75.67994689941406,314.788818359375,-0.9620810747146606,-0.1424175649881363,-0.2326309978961944,-11.56398868560791,23.87191390991211,132.65167236328125,-6.65283203125,0.0,1.64794921875,179.8975830078125,75.67025756835938,315.2730712890625,-0.9628103971481324,-0.1738374680280685,-0.2068250626325607,walking,walking
-11.624420166015623,23.389404296875,132.44729614257812,1.8310546875,2.8076171875,0.54931640625,-171.95144653320312,75.307861328125,322.52484130859375,-0.956464409828186,-0.1768263578414917,-0.2321817278861999,-11.712494850158691,23.358379364013672,132.4051513671875,1.46484375,3.11279296875,0.48828125,-171.6219482421875,75.28125,322.81768798828125,-0.956066071987152,-0.1773415952920913,-0.2334260195493698,-11.839241027832031,23.297544479370117,132.3476104736328,1.15966796875,3.11279296875,0.54931640625,-171.1161651611328,75.23821258544922,323.2679748535156,-0.9570525884628296,-0.1749219596385955,-0.2311980873346328,-12.0744047164917,23.17713165283203,132.23614501953125,1.40380859375,2.9296875,0.54931640625,-170.11624145507812,75.15775299072266,324.1495361328125,-0.9557661414146424,-0.1773167848587036,-0.2346699237823486,-12.167659759521484,23.151615142822266,132.1937255859375,1.708984375,2.9296875,0.732421875,-169.78305053710938,75.12762451171875,324.4451904296875,-0.9555846452713012,-0.1772127300500869,-0.2354859262704849,-12.235640525817873,23.064918518066406,132.155517578125,1.3427734375,2.8076171875,0.42724609375,-169.12474060058594,75.06684112548828,325.0257263183594,-0.9551836848258972,-0.179246112704277,-0.2355737835168838,-12.19210433959961,23.055580139160156,132.1649627685547,1.3427734375,2.74658203125,0.732421875,-168.61708068847656,75.01522827148438,325.48468017578125,-0.9582878351211548,-0.1700246036052703,-0.2297306358814239,-12.216713905334473,23.015600204467773,132.14894104003906,1.89208984375,3.0517578125,0.8544921875,-168.3064422607422,74.99266052246094,325.75433349609375,-0.9549829959869384,-0.1815593540668487,-0.2346139550209045,-12.242538452148438,23.006526947021484,132.13052368164062,1.28173828125,2.86865234375,0.67138671875,-167.81805419921875,74.95098876953125,326.18548583984375,-0.9562844634056092,-0.1768372952938079,-0.2329134941101074,-12.397337913513184,22.99895477294922,132.06109619140625,1.15966796875,3.0517578125,0.67138671875,-167.3331756591797,74.90582275390625,326.6151123046875,-0.9559462666511536,-0.1788135319948196,-0.2327927201986313,-12.34503173828125,22.99187469482422,132.0745086669922,1.40380859375,2.74658203125,0.42724609375,-167.00042724609375,74.8846435546875,326.9090270996094,-0.958876609802246,-0.1715520024299621,-0.2261095941066742,-12.424674034118652,23.023334503173828,132.0310821533203,1.15966796875,2.9296875,0.42724609375,-166.41241455078125,74.82730865478516,327.4177551269531,-0.954859972000122,-0.1828785389661789,-0.2340893149375915,sitting_down,not_walking
-12.498895645141602,22.980438232421875,131.9916534423828,1.5869140625,2.8076171875,0.48828125,-165.92958068847656,74.78133392333984,327.8453063964844,-0.9553999304771424,-0.1792870014905929,-0.2346638292074203,-12.532112121582031,22.96013641357422,131.96957397460938,1.28173828125,3.0517578125,0.54931640625,-165.4603271484375,74.74272918701172,328.2557067871094,-0.9564121961593628,-0.1775562018156051,-0.2318393886089325,-12.492444038391112,22.95801544189453,131.9730224609375,1.46484375,3.11279296875,0.54931640625,-164.83547973632812,74.68405151367188,328.80279541015625,-0.956151008605957,-0.181555226445198,-0.2298106849193573,-12.61881160736084,22.992677688598633,131.91494750976562,1.220703125,3.5400390625,0.732421875,-164.36895751953125,74.64320373535156,329.2112731933594,-0.9562375545501708,-0.1815080493688583,-0.2294874340295791,-12.563237190246582,22.97011947631836,131.92982482910156,1.46484375,2.74658203125,0.3662109375,-164.04397583007812,74.61424255371094,329.4973449707031,-0.9565432071685792,-0.1764033436775207,-0.2321788072586059,-12.660085678100586,22.958457946777344,131.87295532226562,1.46484375,2.86865234375,0.6103515625,-163.12396240234375,74.52571868896484,330.3045654296875,-0.9558008909225464,-0.1781819313764572,-0.2338712662458419,-12.659309387207031,22.94049072265625,131.85621643066406,1.3427734375,3.11279296875,0.732421875,-162.21963500976562,74.43602752685547,331.0927734375,-0.9555076956748962,-0.1794565916061401,-0.2340946048498153,-12.596240997314451,22.914714813232425,131.87213134765625,1.5869140625,2.9296875,0.54931640625,-161.7798309326172,74.39617156982422,331.4768371582031,-0.9552953839302064,-0.1801585257053375,-0.2344217002391815,-12.591126441955566,22.927631378173828,131.85958862304688,1.220703125,2.99072265625,0.6103515625,-161.05287170410156,74.33187103271484,332.107421875,-0.9572840332984924,-0.1778018176555633,-0.2280215620994568,-12.571764945983888,22.94168472290039,131.86106872558594,1.3427734375,2.99072265625,0.54931640625,-160.7507781982422,74.30545043945312,332.3709411621094,-0.9572401642799376,-0.1764090955257415,-0.2292840778827667,-12.62707805633545,22.897750854492188,131.83349609375,1.46484375,2.99072265625,0.54931640625,-160.45559692382812,74.27774810791016,332.6280822753906,-0.9563698172569276,-0.1779015064239502,-0.2317495495080948,-12.606714248657228,22.88174819946289,131.8349151611328,1.52587890625,2.86865234375,0.6103515625,-160.16224670410156,74.2501449584961,332.8840637207031,-0.9563227295875548,-0.1785263270139694,-0.2314628511667251,sitting_down,not_walking
